GeneName	xref_id	HN1.5	Proteo
A1BG	1	119	NA
A1CF	29974	-10	NA
A2M	2	-12	NA
A2ML1	144568	-22	NA
A3GALT2	127550	-17	NA
A4GALT	53947	32	NA
A4GNT	51146	-17	NA
AAAS	8086	-81	NA
AACS	65985	-5	NA
AADAC	13	-33	NA
AADACL2	344752	-18	NA
AADACL3	126767	-1	NA
AADACL4	343066	2	NA
AADAT	51166	-98	NA
AAGAB	79719	-104	NA
AAK1	22848	23	NA
AAMDC	28971	23	NA
AAMP	14	-51	NA
AANAT	15	120	NA
AAR2	25980	-96	NA
AARD	441376	4	NA
AARS		-12	NA
AARS2	57505	-73	NA
AARSD1	80755	-117	NA
AASDH	132949	0	NA
AASDHPPT	60496	-119	NA
AASS	10157	-26	NA
AATF	26574	-66	NA
AATK		134	NA
ABAT	18	-40	NA
ABCA1	19	50	NA
ABCA10	10349	36	NA
ABCA12	26154	-44	NA
ABCA13	154664	14	NA
ABCA2	20	94	NA
ABCA3	21	-21	NA
ABCA4	24	35	NA
ABCA5	23461	84	NA
ABCA6	23460	-19	NA
ABCA7	10347	13	NA
ABCA8	10351	-24	NA
ABCA9	10350	39	NA
ABCB1	5243	-72	NA
ABCB10	23456	-96	NA
ABCB11	8647	63	NA
ABCB4	5244	-30	NA
ABCB5	340273	19	NA
ABCB6	10058	169	NA
ABCB7	22	7	NA
ABCB8	11194	-103	NA
ABCB9	23457	0	NA
ABCC1	4363	49	NA
ABCC10	89845	-73	NA
ABCC11	85320	-12	NA
ABCC12	94160	-23	NA
ABCC2	1244	-61	NA
ABCC3	8714	12	NA
ABCC4	10257	-87	NA
ABCC5	10057	-49	NA
ABCC6	368	-55	NA
ABCC8	6833	8	NA
ABCC9	10060	-20	NA
ABCD1	215	-54	NA
ABCD2	225	-58	NA
ABCD3	5825	-100	NA
ABCD4	5826	-16	NA
ABCE1	6059	-152	NA
ABCF1	23	-85	NA
ABCF2	10061	-196	NA
ABCF3	55324	-59	NA
ABCG1	9619	21	NA
ABCG2	9429	-177	NA
ABCG4	64137	-74	NA
ABCG5	64240	-11	NA
ABCG8	64241	10	NA
ABHD1	84696	-19	NA
ABHD10	55347	-47	NA
ABHD11	83451	-128	NA
ABHD12	26090	-29	NA
ABHD12B	145447	32	NA
ABHD13	84945	-100	NA
ABHD14A	25864	-12	NA
ABHD14A-ACY1	100526760	-48	NA
ABHD14B	84836	17	NA
ABHD15	116236	-81	NA
ABHD16A	7920	-62	NA
ABHD16B	140701	-23	NA
ABHD17A	81926	-20	NA
ABHD17B	51104	-27	NA
ABHD17C	58489	-70	NA
ABHD18	80167	5	NA
ABHD2	11057	-53	NA
ABHD3	171586	-123	NA
ABHD4	63874	51	NA
ABHD5	51099	-90	NA
ABHD6	57406	-69	NA
ABHD8	79575	-11	NA
ABI1	10006	15	NA
ABI2	10152	13	NA
ABI3	51225	-17	NA
ABI3BP	25890	39	NA
ABL1	25	36	NA
ABL2	27	33	NA
ABLIM1	3983	25	NA
ABLIM2	84448	0	NA
ABLIM3	22885	41	NA
ABO	28	-23	NA
ABR	29	-8	NA
ABRA	137735	-1	NA
ABRACL	58527	-63	NA
ABRAXAS1	84142	11	NA
ABRAXAS2	23172	-49	NA
ABT1	29777	-41	NA
ABTB1	80325	138	NA
ABTB2	25841	2	NA
ACAA1	30	-54	NA
ACAA2	10449	53	NA
ACACA	31	-110	NA
ACACB	32	-35	NA
ACAD10	80724	-1	NA
ACAD11	84129	89	NA
ACAD8	27034	-90	NA
ACAD9	28976	-94	NA
ACADL	33	-19	NA
ACADM	34	-56	NA
ACADS	35	9	NA
ACADSB	36	-45	NA
ACADVL	37	90	NA
ACAN	176	39	NA
ACAP1	9744	226	NA
ACAP2	23527	-13	NA
ACAP3	116983	-16	NA
ACAT1	38	-87	NA
ACAT2	39	-72	NA
ACBD3	64746	54	NA
ACBD4	79777	39	NA
ACBD5	91452	55	NA
ACBD6	84320	-50	NA
ACBD7	414149	14	NA
ACCS	84680	-18	NA
ACCSL	390110	-2	NA
ACD	65057	-47	NA
ACE	1636	-65	NA
ACE2	59272	-21	NA
ACER1	125981	-4	NA
ACER2	340485	48	NA
ACER3	55331	-51	NA
ACHE	43	29	NA
ACIN1	22985	-40	NA
ACKR1	2532	-3	NA
ACKR2	1238	46	NA
ACKR3	57007	56	NA
ACKR4	51554	-6	NA
ACLY	47	-21	NA
ACMSD	130013	4	NA
ACO1	48	-15	NA
ACO2	50	-56	NA
ACOD1	730249	0	NA
ACOT1	641371	-29	NA
ACOT11	26027	-7	NA
ACOT12	134526	-9	NA
ACOT13	55856	-65	NA
ACOT2	10965	-73	NA
ACOT4	122970	-32	NA
ACOT6	641372	-20	NA
ACOT7	11332	-111	NA
ACOT8	10005	-14	NA
ACOT9	23597	-21	NA
ACOX1	51	-56	NA
ACOX2	8309	-64	NA
ACOX3	8310	-68	NA
ACOXL	55289	29	NA
ACP1	52	-20	NA
ACP2	53	-131	NA
ACP4	93650	-26	NA
ACP5	54	25	NA
ACP6	51205	-13	NA
ACP7	390928	29	NA
ACPP		-23	NA
ACR	49	46	NA
ACRBP	84519	55	NA
ACRV1	56	-41	NA
ACSBG1	23205	-13	NA
ACSBG2	81616	-1	NA
ACSF2	80221	18	NA
ACSF3	197322	4	NA
ACSL1	2180	-51	NA
ACSL3	2181	-16	NA
ACSL4	2182	-24	NA
ACSL5	51703	-50	NA
ACSL6	23305	-30	NA
ACSM1	116285	5	NA
ACSM2A	123876	-25	NA
ACSM2B	348158	-30	NA
ACSM3	6296	-41	NA
ACSM4	341392	18	NA
ACSM5	54988	7	NA
ACSM6	142827	-15	NA
ACSS1	84532	-86	NA
ACSS2	55902	47	NA
ACSS3	79611	-27	NA
ACTA1	58	1	NA
ACTA2	59	46	NA
ACTB	60	-38	NA
ACTBL2	345651	-42	NA
ACTC1	70	1	NA
ACTG1	71	54	NA
ACTG2	72	8	NA
ACTL10	170487	-115	NA
ACTL6A	86	-101	NA
ACTL6B	51412	8	NA
ACTL7A	10881	4	NA
ACTL7B	10880	1	NA
ACTL8	81569	-57	NA
ACTL9	284382	4	NA
ACTN1	87	-15	NA
ACTN2	88	48	NA
ACTN3	89	70	NA
ACTN4	81	-24	NA
ACTR10	55860	-43	NA
ACTR1A	10121	-90	NA
ACTR1B	10120	49	NA
ACTR2	10097	-10	NA
ACTR3	10096	-33	NA
ACTR3B	57180	-116	NA
ACTR3C	653857	-53	NA
ACTR5	79913	-104	NA
ACTR6	64431	-29	NA
ACTR8	93973	-57	NA
ACTRT1	139741	1	NA
ACTRT2	140625	0	NA
ACTRT3	84517	-172	NA
ACVR1	90	9	NA
ACVR1B	91	20	NA
ACVR1C	130399	101	NA
ACVR2A	92	-4	NA
ACVR2B	93	77	NA
ACVRL1	94	12	NA
ACY1	95	-85	NA
ACY3	91703	-33	NA
ACYP1	97	-19	NA
ACYP2	98	-2	NA
ADA	100	24	NA
ADA2	51816	26	NA
ADAD1	132612	-7	NA
ADAD2	161931	5	NA
ADAL		-50	NA
ADAM10	102	19	NA
ADAM11	4185	-60	NA
ADAM12	8038	124	NA
ADAM15	8751	-33	NA
ADAM17	6868	30	NA
ADAM18	8749	-3	NA
ADAM19	8728	-30	NA
ADAM2	2515	59	NA
ADAM20	8748	25	NA
ADAM21	8747	-52	NA
ADAM22	53616	-65	NA
ADAM23	8745	-38	NA
ADAM28	10863	113	NA
ADAM29	11086	-3	NA
ADAM30	11085	3	NA
ADAM32	203102	66	NA
ADAM33	80332	17	NA
ADAM7	8756	20	NA
ADAM8	101	45	NA
ADAM9	8754	53	NA
ADAMDEC1	27299	-12	NA
ADAMTS1	9510	-20	NA
ADAMTS10	81794	65	NA
ADAMTS12	81792	-51	NA
ADAMTS13	11093	74	NA
ADAMTS14	140766	-2	NA
ADAMTS15	170689	-67	NA
ADAMTS16	170690	48	NA
ADAMTS17	170691	-20	NA
ADAMTS18	170692	-19	NA
ADAMTS19	171019	-48	NA
ADAMTS2	9509	109	NA
ADAMTS20	80070	42	NA
ADAMTS3	9508	-73	NA
ADAMTS4	9507	-19	NA
ADAMTS5	11096	-13	NA
ADAMTS6	11174	39	NA
ADAMTS7	11173	16	NA
ADAMTS8	11095	24	NA
ADAMTS9	56999	-58	NA
ADAMTSL1	92949	-20	NA
ADAMTSL2	9719	61	NA
ADAMTSL3	57188	7	NA
ADAMTSL4	54507	50	NA
ADAMTSL5	339366	-1	NA
ADAP1	11033	-4	NA
ADAP2	55803	-26	NA
ADAR	103	-53	NA
ADARB1	104	6	NA
ADARB2	105	-2	NA
ADAT1	23536	-177	NA
ADAT2	134637	-141	NA
ADAT3	113179	-61	NA
ADCK1	57143	-170	NA
ADCK2	90956	-28	NA
ADCK5	203054	-17	NA
ADCY1	107	-30	NA
ADCY10	55811	25	NA
ADCY2	108	18	NA
ADCY3	109	-138	NA
ADCY4	196883	-12	NA
ADCY5	111	-58	NA
ADCY6	112	49	NA
ADCY7	113	-10	NA
ADCY8	114	61	NA
ADCY9	115	-41	NA
ADCYAP1	116	-15	NA
ADCYAP1R1	117	41	NA
ADD1	118	-38	NA
ADD2	119	36	NA
ADD3	120	82	NA
ADGB	79747	17	NA
ADGRA1	84435	10	NA
ADGRA2	25960	21	NA
ADGRA3	166647	-101	NA
ADGRB1	575	86	NA
ADGRB2	576	-46	NA
ADGRB3	577	20	NA
ADGRD1	283383	24	NA
ADGRD2	347088	0	NA
ADGRE1	2015	-49	NA
ADGRE2	30817	43	NA
ADGRE3	84658	10	NA
ADGRE5	976	-40	NA
ADGRF1	266977	-7	NA
ADGRF2		43	NA
ADGRF3	165082	25	NA
ADGRF4	221393	86	NA
ADGRF5	221395	5	NA
ADGRG1	9289	-48	NA
ADGRG2	10149	15	NA
ADGRG3	222487	18	NA
ADGRG4	139378	-4	NA
ADGRG5	221188	-45	NA
ADGRG6	57211	32	NA
ADGRG7	84873	38	NA
ADGRL1	22859	-12	NA
ADGRL2	23266	-14	NA
ADGRL3	23284	-13	NA
ADGRL4	64123	-25	NA
ADGRV1	84059	24	NA
ADH1A	124	2	NA
ADH1B	125	-5	NA
ADH1C	126	-26	NA
ADH4	127	0	NA
ADH5	128	-34	NA
ADH6	130	3	NA
ADH7	131	-16	NA
ADHFE1	137872	-43	NA
ADI1	55256	-90	NA
ADIG	149685	-18	NA
ADIPOQ	9370	41	NA
ADIPOR1	51094	13	NA
ADIPOR2	79602	-36	NA
ADIRF	10974	-13	NA
ADK	132	-53	NA
ADM	133	373	NA
ADM2	79924	4	NA
ADM5	199800	-91	NA
ADNP	23394	-31	NA
ADNP2	22850	32	NA
ADO	84890	-84	NA
ADORA1	134	-153	NA
ADORA2A	135	150	NA
ADORA2B	136	90	NA
ADORA3	140	-33	NA
ADPGK	83440	-52	NA
ADPRH	141	-56	NA
ADPRHL1	113622	32	NA
ADPRHL2		52	NA
ADPRM	56985	77	NA
ADRA1A	148	62	NA
ADRA1B	147	77	NA
ADRA1D	146	24	NA
ADRA2A	150	-17	NA
ADRA2B	151	16	NA
ADRA2C	152	10	NA
ADRB1	153	-15	NA
ADRB2	154	-61	NA
ADRB3	155	51	NA
ADRM1	11047	-82	NA
ADSL	158	-120	NA
ADSS		-94	NA
ADSSL1		158	NA
ADTRP	84830	0	NA
AEBP1	165	1	NA
AEBP2	121536	22	NA
AEN	64782	-119	NA
AES		8	NA
AFAP1	60312	45	NA
AFAP1L1	134265	172	NA
AFAP1L2	84632	-11	NA
AFDN	4301	51	NA
AFF1	4299	83	NA
AFF2	2334	8	NA
AFF3	3899	31	NA
AFF4	27125	78	NA
AFG1L	246269	-20	NA
AFG3L2	10939	-102	NA
AFM	173	-7	NA
AFMID	125061	49	NA
AFP	174	-31	NA
AFTPH	54812	26	NA
AGA	175	1	NA
AGAP1	116987	109	NA
AGAP2	116986	20	NA
AGAP3	116988	-24	NA
AGAP4	119016	-15	NA
AGAP5	729092	-31	NA
AGAP6	414189	-96	NA
AGAP9	642517	-7	NA
AGBL1	123624	2	NA
AGBL2	79841	-70	NA
AGBL3	340351	-46	NA
AGBL4	84871	20	NA
AGBL5	60509	14	NA
AGER	177	2	NA
AGFG1	3267	-22	NA
AGFG2	3268	-95	NA
AGGF1	55109	-20	NA
AGK	55750	-116	NA
AGL	178	-52	NA
AGMAT	79814	-57	NA
AGMO	392636	45	NA
AGO1	26523	-33	NA
AGO2	27161	2	NA
AGO3	192669	-10	NA
AGO4	192670	109	NA
AGPAT1	10554	-19	NA
AGPAT2	10555	44	NA
AGPAT3	56894	-91	NA
AGPAT4	56895	57	NA
AGPAT5	55326	73	NA
AGPS	8540	-60	NA
AGR2	10551	-29	NA
AGR3	155465	-47	NA
AGRN	375790	70	NA
AGRP	181	-6	NA
AGT	183	12	NA
AGTPBP1	23287	42	NA
AGTR1	185	17	NA
AGTR2	186	-6	NA
AGTRAP	57085	-43	NA
AGXT	189	68	NA
AGXT2	64902	7	NA
AHCTF1	25909	-71	NA
AHCY	191	-63	NA
AHCYL1	10768	-13	NA
AHCYL2	23382	-25	NA
AHDC1	27245	82	NA
AHI1	54806	-9	NA
AHNAK	79026	150	NA
AHNAK2	113146	232	NA
AHR	196	19	NA
AHRR	57491	-53	NA
AHSA1	10598	-106	NA
AHSG	197	23	NA
AHSP	51327	9	NA
AICDA	57379	34	NA
AIDA	64853	13	NA
AIF1	199	-1	NA
AIF1L	83543	-55	NA
AIFM1	9131	-139	NA
AIFM2	84883	-53	NA
AIFM3	150209	7	NA
AIG1	51390	22	NA
AIM2	9447	20	NA
AIMP1	9255	-45	NA
AIMP2	7965	-183	NA
AIP	9049	17	NA
AIPL1	23746	21	NA
AIRE	326	17	NA
AJAP1	55966	-31	NA
AJM1	389813	146	NA
AJUBA	84962	41	NA
AK1	203	-91	NA
AK2	204	51	NA
AK3	50808	-47	NA
AK4	205	350	NA
AK5	26289	-18	NA
AK6	102157402	-65	NA
AK7	122481	39	NA
AK8	158067	-2	NA
AK9	221264	94	NA
AKAIN1	642597	12	NA
AKAP1	8165	-105	NA
AKAP10	11216	70	NA
AKAP11	11215	13	NA
AKAP12	9590	143	NA
AKAP13	11214	42	NA
AKAP14	158798	7	NA
AKAP17A	8227	66	U2904 1% and  U2932 1%
AKAP2		-5	NA
AKAP3	10566	3	NA
AKAP4	8852	1	NA
AKAP5	9495	-49	NA
AKAP6	9472	5	NA
AKAP7	9465	-90	NA
AKAP8	10270	-42	NA
AKAP8L	26993	33	NA
AKAP9	10142	26	NA
AKIP1	56672	-103	NA
AKIRIN1	79647	-53	NA
AKIRIN2	55122	-5	NA
AKNA	80709	37	NA
AKNAD1	254268	92	NA
AKR1A1	10327	-45	NA
AKR1B1	231	-16	NA
AKR1B10	57016	-147	NA
AKR1B15	441282	-34	NA
AKR1C1	1645	0	NA
AKR1C2	1646	-15	NA
AKR1C3	8644	5	NA
AKR1C4	1109	-56	NA
AKR1C8P		-19	NA
AKR1D1	6718	-7	NA
AKR1E2	83592	8	NA
AKR7A2	8574	19	NA
AKR7A3	22977	-3	NA
AKR7L	246181	-52	NA
AKT1	207	-43	NA
AKT1S1	84335	-40	NA
AKT2	208	-44	NA
AKT3	10000	42	NA
AKTIP	64400	-8	NA
ALAD	210	-18	NA
ALAS1	211	-23	NA
ALAS2	212	7	NA
ALB	213	11	NA
ALCAM	214	-4	NA
ALDH16A1	126133	-112	NA
ALDH18A1	5832	16	NA
ALDH1A1	216	-81	NA
ALDH1A2	8854	-18	NA
ALDH1A3	220	-28	NA
ALDH1B1	219	-181	NA
ALDH1L1	10840	-28	NA
ALDH1L2	160428	31	NA
ALDH2	217	-1	NA
ALDH3A1	218	-36	NA
ALDH3A2	224	-124	NA
ALDH3B1	221	48	NA
ALDH3B2	222	-41	NA
ALDH4A1	8659	-171	NA
ALDH5A1	7915	-98	NA
ALDH6A1	4329	29	NA
ALDH7A1	501	-42	NA
ALDH8A1	64577	98	NA
ALDH9A1	223	-53	NA
ALDOA	226	319	NA
ALDOB	229	13	NA
ALDOC	230	365	NA
ALG1	56052	-151	NA
ALG10	84920	-71	NA
ALG10B	144245	-22	NA
ALG11	440138	-25	NA
ALG12	79087	-56	NA
ALG13	79868	-51	NA
ALG14	199857	-83	NA
ALG1L		-76	NA
ALG1L2	644974	-63	NA
ALG2	85365	-52	NA
ALG3	10195	-90	NA
ALG5	29880	-72	NA
ALG6	29929	-142	NA
ALG8	79053	-103	NA
ALG9	79796	27	NA
ALK	238	45	NA
ALKAL1	389658	32	NA
ALKAL2	285016	30	NA
ALKBH1	8846	-43	NA
ALKBH2	121642	-131	NA
ALKBH3	221120	-62	NA
ALKBH4	54784	-83	NA
ALKBH5	54890	201	NA
ALKBH6	84964	-30	NA
ALKBH7	84266	8	NA
ALKBH8	91801	-159	NA
ALLC	55821	20	NA
ALMS1	7840	-25	NA
ALOX12	239	-28	NA
ALOX12B	242	77	NA
ALOX15	246	34	NA
ALOX15B	247	42	NA
ALOX5	240	121	NA
ALOX5AP	241	101	NA
ALOXE3	59344	157	NA
ALPG	251	5	NA
ALPI	248	4	NA
ALPK1	80216	4	NA
ALPK2	115701	-21	NA
ALPK3	57538	145	NA
ALPL	249	35	NA
ALPP	250	33	NA
ALS2	57679	-18	NA
ALS2CL	259173	72	NA
ALS2CR12		12	NA
ALX1	8092	13	NA
ALX3	257	-20	NA
ALX4	60529	-9	NA
ALYREF	10189	-152	NA
AMACR	23600	-46	NA
AMBN	258	-8	NA
AMBP	259	-34	NA
AMBRA1	55626	-42	NA
AMD1	262	-133	NA
AMDHD1	144193	1	NA
AMDHD2	51005	-71	NA
AMELX	265	9	NA
AMELY	266	0	NA
AMER1	139285	-112	NA
AMER2	219287	-37	NA
AMER3	205147	10	NA
AMFR	267	-19	NA
AMH	268	15	NA
AMHR2	269	10	NA
AMIGO1	57463	-75	NA
AMIGO2	347902	-1	NA
AMIGO3	386724	-35	NA
AMMECR1	9949	-101	NA
AMMECR1L	83607	-34	NA
AMN	81693	42	NA
AMN1	196394	40	NA
AMOT	154796	76	NA
AMOTL1	154810	-35	NA
AMOTL2	51421	27	NA
AMPD1	270	50	NA
AMPD2	271	70	NA
AMPD3	272	223	NA
AMPH	273	-52	NA
AMT	275	69	NA
AMTN	401138	-50	NA
AMY1A	276	19	NA
AMY1B	277	1	NA
AMY1C	278	-2	NA
AMY2A	279	14	NA
AMY2B	280	101	NA
AMZ1	155185	75	NA
AMZ2	51321	13	NA
ANAPC1	64682	-69	NA
ANAPC10	10393	-63	NA
ANAPC11	51529	-12	NA
ANAPC13	25847	-141	NA
ANAPC15	25906	-74	NA
ANAPC16	119504	57	NA
ANAPC2	29882	-97	NA
ANAPC4	29945	-81	NA
ANAPC5	51433	-85	NA
ANAPC7	51434	-169	NA
ANG	283	298	NA
ANGEL1	23357	-92	NA
ANGEL2	90806	-64	NA
ANGPT1	284	-7	NA
ANGPT2	285	56	NA
ANGPT4	51378	32	NA
ANGPTL1	9068	-62	NA
ANGPTL2	23452	-42	NA
ANGPTL3	27329	-7	NA
ANGPTL4	51129	369	NA
ANGPTL5	253935	-21	NA
ANGPTL6	83854	193	NA
ANGPTL7	10218	-43	NA
ANGPTL8	55908	12	NA
ANHX	647589	0	NA
ANK1	286	-39	NA
ANK2	287	-5	NA
ANK3	288	-45	NA
ANKAR	150709	-20	NA
ANKDD1A	348094	-6	NA
ANKDD1B	728780	-30	NA
ANKEF1	63926	-88	NA
ANKFN1	162282	8	NA
ANKFY1	51479	-29	NA
ANKH	56172	-7	NA
ANKHD1	54882	15	NA
ANKHD1-EIF4EBP3	404734	16	NA
ANKIB1	54467	13	NA
ANKK1	255239	-6	NA
ANKLE1	126549	-53	NA
ANKLE2	23141	-5	NA
ANKMY1	51281	-19	NA
ANKMY2	57037	4	NA
ANKRA2	57763	77	NA
ANKRD1	27063	38	NA
ANKRD10	55608	83	NA
ANKRD11	29123	26	NA
ANKRD12	23253	160	NA
ANKRD13A	88455	14	NA
ANKRD13B	124930	-55	NA
ANKRD13C	81573	-59	NA
ANKRD13D	338692	-37	NA
ANKRD16	54522	-56	NA
ANKRD17	26057	-21	NA
ANKRD18A	253650	-62	NA
ANKRD18B	441459	-21	NA
ANKRD2	26287	-90	NA
ANKRD20A1	84210	19	NA
ANKRD20A2		-51	NA
ANKRD20A3		0	NA
ANKRD20A4		1	NA
ANKRD22	118932	13	NA
ANKRD23	200539	-83	NA
ANKRD24	170961	61	NA
ANKRD26	22852	-21	NA
ANKRD27	84079	-4	NA
ANKRD28	23243	-37	NA
ANKRD29	147463	-81	NA
ANKRD30A	91074	17	NA
ANKRD30B	374860	-14	NA
ANKRD30BL	554226	-13	NA
ANKRD31	256006	-18	NA
ANKRD33	341405	68	NA
ANKRD33B	651746	52	NA
ANKRD34A	284615	-49	NA
ANKRD34B	340120	-16	NA
ANKRD34C	390616	0	NA
ANKRD35	148741	-3	NA
ANKRD36	375248	11	NA
ANKRD36B	57730	32	NA
ANKRD36C	400986	-7	NA
ANKRD37	353322	415	NA
ANKRD39	51239	-112	NA
ANKRD40	91369	-95	NA
ANKRD40CL	55018	58	NA
ANKRD42	338699	-45	NA
ANKRD44	91526	-80	NA
ANKRD45	339416	-46	NA
ANKRD46	157567	-26	NA
ANKRD49	54851	-26	NA
ANKRD50	57182	0	NA
ANKRD52	283373	-101	NA
ANKRD53	79998	7	NA
ANKRD54	129138	-61	NA
ANKRD55	79722	-27	NA
ANKRD6	22881	-35	NA
ANKRD60	140731	15	NA
ANKRD61	100310846	-86	NA
ANKRD62	342850	-26	NA
ANKRD63	100131244	-35	NA
ANKRD65	441869	3	NA
ANKRD66	100287718	0	NA
ANKRD7	56311	-13	NA
ANKRD9	122416	58	NA
ANKS1A	23294	-25	NA
ANKS1B	56899	91	NA
ANKS3	124401	-44	NA
ANKS4B	257629	40	NA
ANKS6	203286	-51	NA
ANKUB1	389161	23	NA
ANKZF1	55139	316	NA
ANLN	54443	-4	NA
ANO1	55107	-37	NA
ANO10	55129	-39	NA
ANO2	57101	-18	NA
ANO3	63982	-33	NA
ANO4	121601	10	NA
ANO5	203859	-58	NA
ANO6	196527	153	NA
ANO7	50636	172	NA
ANO8	57719	58	NA
ANO9	338440	35	NA
ANOS1	3730	24	NA
ANP32A	8125	-22	NA
ANP32B	10541	-37	NA
ANP32D	23519	18	NA
ANP32E	81611	-22	NA
ANPEP	290	3	NA
ANTXR1	84168	-7	NA
ANTXR2	118429	23	NA
ANTXRL	195977	6	NA
ANXA1	301	2	NA
ANXA10	11199	-81	NA
ANXA11	311	-35	NA
ANXA13	312	4	NA
ANXA2	302	70	NA
ANXA2R	389289	-39	NA
ANXA3	306	-7	NA
ANXA4	307	3	NA
ANXA5	308	32	NA
ANXA6	309	-42	NA
ANXA7	310	-108	NA
ANXA8	653145	38	NA
ANXA8L1	728113	29	NA
ANXA9	8416	-36	NA
AOAH	313	30	NA
AOC1	26	35	NA
AOC2	314	88	NA
AOC3	8639	83	NA
AOX1	316	-25	NA
AP1AR	55435	-67	NA
AP1B1	162	-112	NA
AP1G1	164	-31	NA
AP1G2	8906	40	NA
AP1M1	8907	-55	NA
AP1M2	10053	-58	NA
AP1S1	1174	-54	NA
AP1S2	8905	47	NA
AP1S3	130340	-52	NA
AP2A1	160	13	NA
AP2A2	161	-26	NA
AP2B1	163	4	NA
AP2M1	1173	-20	NA
AP2S1	1175	-53	NA
AP3B1	8546	-27	NA
AP3B2	8120	15	NA
AP3D1	8943	-27	NA
AP3M1	26985	-74	NA
AP3M2	10947	-39	NA
AP3S1	1176	84	NA
AP3S2	10239	-96	NA
AP4B1	10717	-132	NA
AP4E1	23431	-57	NA
AP4M1	9179	-28	NA
AP4S1	11154	-96	NA
AP5B1	91056	-63	NA
AP5M1	55745	-95	NA
AP5S1	55317	-107	NA
AP5Z1	9907	-61	NA
APAF1	317	183	NA
APBA1	320	-11	NA
APBA2	321	59	NA
APBA3	9546	-13	NA
APBB1	322	40	NA
APBB1IP	54518	17	NA
APBB2	323	-1	NA
APBB3	10307	45	NA
APC	324	-38	NA
APC2	10297	22	NA
APCDD1	147495	-68	NA
APCDD1L	164284	38	NA
APCS	325	-7	NA
APEH	327	-117	NA
APELA	100506013	-51	NA
APEX1	328	-69	NA
APEX2	27301	-61	NA
APH1A	51107	-28	NA
APH1B	83464	24	NA
API5	8539	-60	NA
APIP	51074	-104	NA
APLF	200558	13	NA
APLN	8862	235	NA
APLNR	187	-37	NA
APLP1	333	105	NA
APLP2	334	17	NA
APMAP	57136	-52	NA
APOA1	335	-8	NA
APOA2	336	15	NA
APOA4	337	24	NA
APOA5	116519	-31	NA
APOB	338	10	NA
APOBEC1	339	14	NA
APOBEC2	10930	-2	NA
APOBEC3A	200315	-1	NA
APOBEC3B	9582	-105	NA
APOBEC3C	27350	10	NA
APOBEC3D	140564	52	NA
APOBEC3F	200316	-23	NA
APOBEC3G	60489	-33	NA
APOBEC3H	164668	-25	NA
APOBEC4	403314	0	NA
APOBR	55911	-21	NA
APOC1	341	42	NA
APOC2	344	16	NA
APOC3	345	-1	NA
APOC4	346	2	NA
APOC4-APOC2	100533990	13	NA
APOD	347	2	NA
APOE	348	41	NA
APOF	319	0	NA
APOH	350	37	NA
APOL1	8542	2	NA
APOL2	23780	-26	NA
APOL3	80833	-87	NA
APOL4	80832	-13	NA
APOL5	80831	2	NA
APOL6	80830	-28	NA
APOLD1	81575	120	NA
APOM	55937	-45	NA
APOO	79135	-111	NA
APOOL	139322	-7	NA
APOPT1		25	NA
APP	351	60	NA
APPBP2	10513	-17	NA
APPL1	26060	25	NA
APPL2	55198	23	NA
APRT	353	-43	NA
APTX	54840	-94	NA
AQP1	358	63	NA
AQP10	89872	27	NA
AQP11	282679	-104	NA
AQP12A	375318	1	NA
AQP12B	653437	12	NA
AQP2	359	4	NA
AQP3	360	-23	NA
AQP4	361	-11	NA
AQP5	362	-39	NA
AQP6	363	32	NA
AQP7	364	9	NA
AQP8	343	-43	NA
AQP9	366	9	NA
AQR	9716	-71	NA
AR	367	-39	NA
ARAF	369	-32	NA
ARAP1	116985	26	NA
ARAP2	116984	-69	NA
ARAP3	64411	-26	NA
ARC	23237	29	NA
ARCN1	372	-7	NA
AREG	374	43	NA
AREL1	9870	-79	NA
ARF1	375	-8	NA
ARF3	377	-56	NA
ARF4	378	-17	NA
ARF5	381	-5	NA
ARF6	382	-16	NA
ARFGAP1	55738	-9	NA
ARFGAP2	84364	-91	NA
ARFGAP3	26286	79	NA
ARFGEF1	10565	5	NA
ARFGEF2	10564	-2	NA
ARFGEF3	57221	226	NA
ARFIP1	27236	-16	NA
ARFIP2	23647	-30	NA
ARFRP1	10139	-97	NA
ARG1	383	11	NA
ARG2	384	62	NA
ARGFX	503582	14	NA
ARGLU1	55082	-18	NA
ARHGAP1	392	-72	NA
ARHGAP10	79658	-29	NA
ARHGAP11A	9824	-89	NA
ARHGAP11B	89839	-27	NA
ARHGAP12	94134	44	NA
ARHGAP15	55843	-3	NA
ARHGAP17	55114	-73	NA
ARHGAP18	93663	-75	NA
ARHGAP19	84986	30	NA
ARHGAP19-SLIT1	100533184	-1	NA
ARHGAP20	57569	4	NA
ARHGAP21	57584	8	NA
ARHGAP22	58504	64	NA
ARHGAP23	57636	-54	NA
ARHGAP24	83478	-52	NA
ARHGAP25	9938	-11	NA
ARHGAP26	23092	-9	NA
ARHGAP27	201176	19	NA
ARHGAP28	79822	8	NA
ARHGAP29	9411	39	NA
ARHGAP30	257106	38	NA
ARHGAP31	57514	-20	NA
ARHGAP32	9743	34	NA
ARHGAP33	115703	77	NA
ARHGAP35	2909	34	NA
ARHGAP36	158763	-10	NA
ARHGAP39	80728	-68	NA
ARHGAP4	393	-6	NA
ARHGAP40	343578	-16	NA
ARHGAP42	143872	-13	NA
ARHGAP44	9912	24	NA
ARHGAP45	23526	157	NA
ARHGAP5	394	60	NA
ARHGAP6	395	7	NA
ARHGAP8	23779	-18	NA
ARHGAP9	64333	29	NA
ARHGDIA	396	-101	NA
ARHGDIB	397	-43	NA
ARHGDIG	398	74	NA
ARHGEF1	9138	-27	NA
ARHGEF10	9639	84	NA
ARHGEF10L	55160	-16	NA
ARHGEF11	9826	-68	NA
ARHGEF12	23365	-6	NA
ARHGEF15	22899	31	NA
ARHGEF16	27237	50	NA
ARHGEF17	9828	11	NA
ARHGEF18	23370	26	NA
ARHGEF19	128272	6	NA
ARHGEF2	9181	19	NA
ARHGEF25	115557	32	NA
ARHGEF26	26084	-152	NA
ARHGEF28	64283	0	NA
ARHGEF3	50650	-9	NA
ARHGEF33	100271715	64	NA
ARHGEF35	445328	29	NA
ARHGEF37	389337	207	NA
ARHGEF38	54848	4	NA
ARHGEF39	84904	-63	NA
ARHGEF4	50649	-38	NA
ARHGEF40	55701	-37	NA
ARHGEF5	7984	29	NA
ARHGEF6	9459	32	NA
ARHGEF7	8874	59	NA
ARHGEF9	23229	-35	NA
ARID1A	8289	-4	NA
ARID1B	57492	2	NA
ARID2	196528	8	NA
ARID3A	1820	188	NA
ARID3B	10620	128	NA
ARID3C	138715	5	NA
ARID4A	5926	32	NA
ARID4B	51742	32	NA
ARID5A	10865	177	NA
ARID5B	84159	-1	NA
ARIH1	25820	26	NA
ARIH2	10425	-118	NA
ARIH2OS	646450	-37	NA
ARL1	400	-23	NA
ARL10	285598	38	NA
ARL11	115761	21	NA
ARL13A	392509	-28	NA
ARL13B	200894	-92	NA
ARL14	80117	6	NA
ARL14EP	120534	-68	NA
ARL14EPL	644100	37	NA
ARL15	54622	-40	NA
ARL16	339231	-48	NA
ARL17A	51326	22	NA
ARL17B	100506084	1	NA
ARL2	402	-57	NA
ARL2-SNX15	100528018	-9	NA
ARL2BP	23568	-73	NA
ARL3	403	-15	NA
ARL4A	10124	-51	NA
ARL4C	10123	69	NA
ARL4D	379	-27	NA
ARL5A	26225	-7	NA
ARL5B	221079	80	NA
ARL5C	390790	3	NA
ARL6	84100	69	NA
ARL6IP1	23204	9	NA
ARL6IP4	51329	-15	NA
ARL6IP5	10550	-17	NA
ARL6IP6	151188	8	NA
ARL8A	127829	23	NA
ARL8B	55207	2	NA
ARL9	132946	-31	NA
ARMC1	55156	-51	NA
ARMC10	83787	-20	NA
ARMC12	221481	41	NA
ARMC2	84071	-3	NA
ARMC3	219681	-13	NA
ARMC4		-68	NA
ARMC5	79798	-34	NA
ARMC6	93436	-164	NA
ARMC7	79637	-173	NA
ARMC8	25852	-71	NA
ARMC9	80210	-100	NA
ARMCX1	51309	-36	NA
ARMCX2	9823	4	NA
ARMCX3	51566	58	NA
ARMCX4	100131755	-66	NA
ARMCX5	64860	-54	NA
ARMCX6	54470	-18	NA
ARMH1	339541	55	NA
ARMH2	101928603	-1	NA
ARMH3	79591	-41	NA
ARMH4	145407	39	NA
ARMS2	387715	18	NA
ARMT1		-51	NA
ARNT	405	55	NA
ARNT2	9915	-31	NA
ARNTL		60	NA
ARNTL2		-73	NA
ARPC1A	10552	-22	NA
ARPC1B	10095	-79	NA
ARPC2	10109	-1	NA
ARPC3	10094	-8	NA
ARPC4	10093	-52	NA
ARPC4-TTLL3	100526693	11	NA
ARPC5	10092	-23	NA
ARPC5L	81873	-120	NA
ARPIN	348110	-86	NA
ARPIN-AP3S2	100526783	-98	NA
ARPP19	10776	-2	NA
ARPP21	10777	39	NA
ARR3	407	7	NA
ARRB1	408	-39	NA
ARRB2	409	-41	NA
ARRDC1	92714	13	NA
ARRDC2	27106	117	NA
ARRDC3	57561	317	NA
ARRDC4	91947	124	NA
ARRDC5	645432	8	NA
ARSA	410	26	NA
ARSB	411	-120	NA
ARSD	414	33	NA
ARSE		8	NA
ARSF	416	9	NA
ARSG	22901	-79	NA
ARSH	347527	26	NA
ARSI	340075	-68	NA
ARSJ	79642	10	NA
ARSK	153642	38	NA
ART1	417	18	NA
ART3	419	20	NA
ART4	420	2	NA
ART5	116969	0	NA
ARTN	9048	127	NA
ARV1	64801	-107	NA
ARVCF	421	31	NA
ARX	170302	-39	NA
AS3MT	57412	25	NA
ASAH1	427	-55	NA
ASAH2	56624	-53	NA
ASAH2B	653308	-101	NA
ASAP1	50807	4	NA
ASAP2	8853	11	NA
ASAP3	55616	-60	NA
ASB1	51665	-32	NA
ASB10	136371	4	NA
ASB11	140456	26	NA
ASB12	142689	-13	NA
ASB13	79754	-115	NA
ASB14	142686	9	NA
ASB15	142685	10	NA
ASB16	92591	7	NA
ASB17	127247	0	NA
ASB18	401036	11	NA
ASB2	51676	106	NA
ASB3	51130	10	NA
ASB4	51666	0	NA
ASB5	140458	26	NA
ASB6	140459	-110	NA
ASB7	140460	-11	NA
ASB8	140461	-40	NA
ASB9	140462	55	NA
ASCC1	51008	25	NA
ASCC2	84164	-52	NA
ASCC3	10973	-26	NA
ASCL1	429	-6	NA
ASCL2	430	82	NA
ASCL3	56676	5	NA
ASCL4	121549	-34	NA
ASCL5	647219	20	NA
ASDURF	110599588	-61	NA
ASF1A	25842	-153	NA
ASF1B	55723	-118	NA
ASGR1	432	116	NA
ASGR2	433	30	NA
ASH1L	55870	30	NA
ASH2L	9070	-65	NA
ASIC1	41	11	NA
ASIC2	40	-28	NA
ASIC3	9311	87	NA
ASIC4	55515	75	NA
ASIC5	51802	-3	NA
ASIP	434	21	NA
ASL	435	0	NA
ASMT	438	11	NA
ASMTL	8623	-42	NA
ASNA1		-69	NA
ASNS	440	-38	NA
ASNSD1	54529	-81	NA
ASPA	443	10	NA
ASPDH	554235	-7	NA
ASPG	374569	-19	NA
ASPH	444	107	NA
ASPHD1	253982	-28	NA
ASPHD2	57168	0	NA
ASPM	259266	-60	NA
ASPN	54829	-16	NA
ASPRV1	151516	52	NA
ASPSCR1	79058	-96	NA
ASRGL1	80150	-73	NA
ASS1	445	60	NA
ASTE1	28990	-102	NA
ASTL	431705	-5	NA
ASTN1	460	10	NA
ASTN2	23245	-12	NA
ASXL1	171023	6	NA
ASXL2	55252	7	NA
ASXL3	80816	45	NA
ASZ1	136991	-27	NA
ATAD1	84896	-25	NA
ATAD2	29028	-66	NA
ATAD2B	54454	-48	NA
ATAD3A	55210	-192	NA
ATAD3B	83858	-149	NA
ATAD3C	219293	32	NA
ATAD5	79915	-62	NA
ATAT1	79969	17	NA
ATCAY	85300	38	NA
ATE1	11101	-78	NA
ATF1	466	-20	NA
ATF2	1386	73	NA
ATF3	467	202	NA
ATF4	468	18	NA
ATF5	22809	-153	NA
ATF6	22926	-24	NA
ATF6B	1388	-31	NA
ATF7	11016	3	NA
ATF7IP	55729	-132	NA
ATF7IP2	80063	-139	NA
ATG10	83734	1	NA
ATG101	60673	-38	NA
ATG12	9140	53	NA
ATG13	9776	-12	NA
ATG14	22863	105	NA
ATG16L1	55054	-44	NA
ATG16L2	89849	32	NA
ATG2A	23130	-52	NA
ATG2B	55102	-61	NA
ATG3	64422	-89	NA
ATG4A	115201	-75	NA
ATG4B	23192	-65	NA
ATG4C	84938	-84	NA
ATG4D	84971	-29	NA
ATG5	9474	-15	U2904 1% and  U2932 1%
ATG7	10533	-45	NA
ATG9A	79065	101	NA
ATG9B	285973	172	NA
ATIC	471	-160	NA
ATL1	51062	58	NA
ATL2	64225	-32	NA
ATL3	25923	5	NA
ATM	472	35	NA
ATMIN	23300	-42	NA
ATN1	1822	-13	NA
ATOH1	474	-22	NA
ATOH7	220202	-6	NA
ATOH8	84913	-49	NA
ATOX1	475	-74	NA
ATP10A	57194	1	NA
ATP10B	23120	9	NA
ATP10D	57205	-57	NA
ATP11A	23250	46	NA
ATP11B	23200	60	NA
ATP11C	286410	-24	NA
ATP12A	479	6	NA
ATP13A1	57130	-66	NA
ATP13A2	23400	-55	NA
ATP13A3	79572	-34	NA
ATP13A4	84239	24	NA
ATP13A5	344905	7	NA
ATP1A1	476	-1	NA
ATP1A2	477	18	NA
ATP1A3	478	-8	NA
ATP1A4	480	10	NA
ATP1B1	481	51	NA
ATP1B2	482	31	NA
ATP1B3	483	-66	NA
ATP1B4	23439	34	NA
ATP23	91419	-78	NA
ATP2A1	487	-4	NA
ATP2A2	488	-45	NA
ATP2A3	489	-23	NA
ATP2B1	490	-19	NA
ATP2B2	491	-16	NA
ATP2B3	492	26	NA
ATP2B4	493	79	NA
ATP2C1	27032	76	NA
ATP2C2	9914	28	NA
ATP4A	495	72	NA
ATP4B	496	23	NA
ATP5F1A	498	-78	NA
ATP5F1B	506	-63	NA
ATP5F1C	509	-42	NA
ATP5F1D	513	-77	NA
ATP5F1E	514	-50	NA
ATP5IF1	93974	-34	NA
ATP5MC1	516	-187	NA
ATP5MC2	517	-15	NA
ATP5MC3	518	-91	NA
ATP5MD		-51	NA
ATP5ME	521	-57	NA
ATP5MF	9551	-60	NA
ATP5MF-PTCD1	100526740	-145	NA
ATP5MG	10632	-52	NA
ATP5MGL	267020	4	NA
ATP5MPL		-44	NA
ATP5PB	515	-66	NA
ATP5PD	10476	-39	NA
ATP5PF	522	-59	NA
ATP5PO	539	-12	NA
ATP6AP1	537	0	NA
ATP6AP1L	92270	83	NA
ATP6AP2	10159	5	NA
ATP6V0A1	535	-28	NA
ATP6V0A2	23545	-160	NA
ATP6V0A4	50617	22	NA
ATP6V0B	533	-89	NA
ATP6V0C	527	-30	NA
ATP6V0D1	9114	-79	NA
ATP6V0D2	245972	-16	NA
ATP6V0E1	8992	-4	NA
ATP6V0E2	155066	-113	NA
ATP6V1A	523	-53	NA
ATP6V1B1	525	-33	NA
ATP6V1B2	526	-18	NA
ATP6V1C1	528	-1	NA
ATP6V1C2	245973	53	NA
ATP6V1D	51382	5	NA
ATP6V1E1	529	-52	NA
ATP6V1E2	90423	-2	NA
ATP6V1F	9296	-27	NA
ATP6V1FNB		-44	NA
ATP6V1G1	9550	-14	NA
ATP6V1G2	534	31	NA
ATP6V1G2-DDX39B	100532737	-53	NA
ATP6V1G3	127124	-23	NA
ATP6V1H	51606	-20	NA
ATP7A	538	73	NA
ATP7B	540	1	NA
ATP8A1	10396	-30	NA
ATP8A2	51761	4	NA
ATP8B1	5205	-7	NA
ATP8B2	57198	-7	NA
ATP8B3	148229	149	NA
ATP8B4	79895	-25	NA
ATP9A	10079	-32	NA
ATP9B	374868	-43	NA
ATPAF1	64756	-56	NA
ATPAF2	91647	-29	NA
ATPSCKMT	134145	-111	NA
ATR	545	-163	NA
ATRAID	51374	-40	NA
ATRIP	84126	-157	NA
ATRN	8455	82	NA
ATRNL1	26033	12	NA
ATRX	546	16	NA
ATXN1	6310	105	NA
ATXN10	25814	-76	NA
ATXN1L	342371	10	NA
ATXN2	6311	-11	NA
ATXN2L	11273	14	NA
ATXN3	4287	50	NA
ATXN3L	92552	6	NA
ATXN7	6314	43	NA
ATXN7L1	222255	15	NA
ATXN7L2	127002	-98	NA
ATXN7L3	56970	-35	NA
ATXN7L3B	552889	-23	NA
AUH	549	23	NA
AUNIP	79000	-187	NA
AUP1	550	-52	NA
AURKA	6790	-90	NA
AURKAIP1	54998	-105	NA
AURKB	9212	-62	NA
AURKC	6795	61	NA
AUTS2	26053	9	NA
AVEN	57099	-86	NA
AVIL	10677	75	NA
AVL9	23080	16	NA
AVP	551	20	NA
AVPI1	60370	115	NA
AVPR1A	552	23	NA
AVPR1B	553	3	NA
AVPR2	554	11	NA
AWAT1	158833	11	NA
AWAT2	158835	-19	NA
AXDND1	126859	-36	NA
AXIN1	8312	16	NA
AXIN2	8313	-97	NA
AXL	558	97	NA
AZGP1	563	-6	NA
AZI2	64343	48	NA
AZIN1	51582	-49	NA
AZIN2	113451	88	NA
AZU1	566	61	NA
B2M	567	-8	NA
B3GALNT1	8706	-110	NA
B3GALNT2	148789	-82	NA
B3GALT1	8708	11	NA
B3GALT2	8707	-42	NA
B3GALT4	8705	32	NA
B3GALT5	10317	-32	NA
B3GALT6	126792	-96	NA
B3GAT1	27087	2	NA
B3GAT2	135152	12	NA
B3GAT3	26229	-22	NA
B3GLCT	145173	-36	NA
B3GNT10		-90	NA
B3GNT2	10678	-59	NA
B3GNT3	10331	12	NA
B3GNT4	79369	242	NA
B3GNT5	84002	9	NA
B3GNT6	192134	24	NA
B3GNT7	93010	26	NA
B3GNT8	374907	-26	NA
B3GNT9	84752	38	NA
B3GNTL1		-80	NA
B4GALNT1	2583	-41	NA
B4GALNT2	124872	42	NA
B4GALNT3	283358	-6	NA
B4GALNT4	338707	92	NA
B4GALT1	2683	-7	NA
B4GALT2	8704	-55	NA
B4GALT3	8703	-30	NA
B4GALT4	8702	69	NA
B4GALT5	9334	-99	NA
B4GALT6	9331	-98	NA
B4GALT7	11285	-28	NA
B4GAT1	11041	-54	NA
B9D1	27077	-51	NA
B9D2	80776	50	NA
BAALC	79870	-26	NA
BAAT	570	-68	NA
BABAM1	29086	-50	NA
BABAM2	9577	-24	NA
BACE1	23621	7	NA
BACE2	25825	54	NA
BACH1	571	160	NA
BACH2	60468	32	NA
BAD	572	-18	NA
BAG1	573	-35	NA
BAG2	9532	-173	NA
BAG3	9531	-47	NA
BAG4	9530	-14	NA
BAG5	9529	-34	NA
BAG6	7917	39	NA
BAHCC1	57597	-18	NA
BAHD1	22893	-29	NA
BAIAP2	10458	-35	NA
BAIAP2L1	55971	39	NA
BAIAP2L2	80115	17	NA
BAIAP3	8938	113	NA
BAK1	578	-132	NA
BAMBI	25805	34	NA
BANF1	8815	-96	NA
BANF2	140836	9	NA
BANK1	55024	-48	NA
BANP	54971	35	NA
BAP1	8314	-72	NA
BARD1	580	-68	NA
BARHL1	56751	-20	NA
BARHL2	343472	11	NA
BARX1	56033	133	NA
BARX2	8538	23	NA
BASP1	10409	29	NA
BATF	10538	-58	NA
BATF2	116071	-98	NA
BATF3	55509	-77	NA
BAX	581	-34	NA
BAZ1A	11177	-97	NA
BAZ1B	9031	-63	NA
BAZ2A	11176	71	NA
BAZ2B	29994	18	NA
BBC3	27113	121	NA
BBIP1	92482	30	NA
BBOF1	80127	24	NA
BBOX1	8424	-13	NA
BBS1	582	-30	NA
BBS10	79738	-5	NA
BBS12	166379	6	NA
BBS2	583	55	NA
BBS4	585	-70	NA
BBS5	129880	-51	NA
BBS7	55212	-16	NA
BBS9	27241	24	NA
BBX	56987	125	NA
BCAM	4059	-4	NA
BCAN	63827	17	NA
BCAP29	55973	-39	NA
BCAP31	10134	-29	NA
BCAR1	9564	34	NA
BCAR3	8412	12	NA
BCAS1	8537	4	NA
BCAS2	10286	-63	NA
BCAS3	54828	5	NA
BCAS4	55653	-65	NA
BCAT1	586	42	NA
BCAT2	587	-34	NA
BCCIP	56647	-118	NA
BCDIN3D	144233	-95	NA
BCHE	590	-39	NA
BCKDHA	593	214	NA
BCKDHB	594	-18	NA
BCKDK	10295	150	NA
BCL10	8915	102	NA
BCL11A	53335	79	NA
BCL11B	64919	71	NA
BCL2	596	-162	NA
BCL2A1	597	11	NA
BCL2L1	598	-13	NA
BCL2L10	10017	-18	NA
BCL2L11	10018	-2	NA
BCL2L12	83596	-112	NA
BCL2L13	23786	-42	NA
BCL2L14	79370	-30	NA
BCL2L15	440603	-21	NA
BCL2L2	599	44	NA
BCL2L2-PABPN1	100529063	-13	NA
BCL3	602	117	NA
BCL6	604	155	NA
BCL6B	255877	-5	NA
BCL7A	605	-51	NA
BCL7B	9275	-36	NA
BCL7C	9274	-40	NA
BCL9	607	-32	NA
BCL9L	283149	45	NA
BCLAF1	9774	-76	NA
BCLAF3	256643	14	NA
BCO1	53630	-63	NA
BCO2	83875	-3	NA
BCOR	54880	71	NA
BCORL1	63035	77	NA
BCR	613	-55	NA
BCS1L	617	-146	NA
BDH1	622	-118	NA
BDH2	56898	-11	NA
BDKRB1	623	-7	NA
BDKRB2	624	63	NA
BDNF	627	-60	NA
BDP1	55814	16	NA
BEAN1	146227	49	NA
BECN1	8678	-56	NA
BECN2	441925	-16	NA
BEGAIN	57596	14	NA
BEND2	139105	14	NA
BEND3	57673	-175	NA
BEND4	389206	46	NA
BEND5	79656	141	NA
BEND6	221336	-39	NA
BEND7	222389	-8	NA
BEST1	7439	90	NA
BEST2	54831	-12	NA
BEST3	144453	-35	NA
BEST4	266675	46	NA
BET1	10282	43	NA
BET1L	51272	32	NA
BEX1	55859	-54	NA
BEX2	84707	-29	NA
BEX3	27018	-78	NA
BEX4	56271	-8	NA
BEX5	340542	-9	NA
BFAR	51283	20	NA
BFSP1	631	36	NA
BFSP2	8419	-43	NA
BGLAP	632	68	NA
BGN	633	29	NA
BHLHA15	168620	27	NA
BHLHA9	727857	-18	NA
BHLHB9		11	NA
BHLHE22	27319	-17	NA
BHLHE23	128408	14	NA
BHLHE40	8553	383	NA
BHLHE41	79365	228	NA
BHMG1		-38	NA
BHMT	635	-19	NA
BHMT2	23743	19	NA
BICC1	80114	-5	NA
BICD1	636	8	NA
BICD2	23299	-40	NA
BICDL1	92558	-58	NA
BICDL2	146439	50	NA
BICRA	29998	-5	NA
BICRAL	23506	21	NA
BID	637	-66	NA
BIK	638	21	NA
BIN1	274	-33	NA
BIN2	51411	-16	NA
BIN3	55909	-44	NA
BIRC2	329	73	NA
BIRC3	330	112	NA
BIRC5	332	-96	NA
BIRC6	57448	-10	NA
BIRC7	79444	94	NA
BIRC8	112401	2	NA
BIVM	54841	-65	NA
BIVM-ERCC5	100533467	-21	NA
BLACAT1	101669762	57	NA
BLCAP	10904	13	NA
BLID	414899	19	NA
BLK	640	-13	NA
BLM	641	-141	NA
BLMH	642	-153	NA
BLNK	29760	-10	NA
BLOC1S1	2647	-41	NA
BLOC1S2	282991	-89	NA
BLOC1S3	388552	-29	NA
BLOC1S4	55330	-58	NA
BLOC1S5	63915	20	NA
BLOC1S5-TXNDC5	100526836	-21	NA
BLOC1S6	26258	-14	NA
BLVRA	644	-84	NA
BLVRB	645	14	NA
BLZF1	8548	-12	NA
BMF	90427	89	NA
BMI1	648	-40	NA
BMP1	649	69	NA
BMP10	27302	-10	NA
BMP15	9210	-8	NA
BMP2	650	-8	NA
BMP2K	55589	-49	NA
BMP3	651	45	NA
BMP4	652	-31	NA
BMP5	653	-34	NA
BMP6	654	42	NA
BMP7	655	33	NA
BMP8A	353500	38	NA
BMP8B	656	6	NA
BMPER	168667	105	NA
BMPR1A	657	-37	NA
BMPR1B	658	-35	NA
BMPR2	659	74	NA
BMS1	9790	-68	U2904 1% and  U2932 1%
BMT2		227	NA
BMX	660	-5	NA
BNC1	646	8	NA
BNC2	54796	1	NA
BNIP1	662	-27	NA
BNIP2	663	-17	NA
BNIP3	664	382	NA
BNIP3L	665	383	NA
BNIPL	149428	97	NA
BOC	91653	128	NA
BOD1	91272	-7	NA
BOD1L1	259282	35	NA
BOD1L2	284257	-5	NA
BOK	666	63	NA
BOLA1	51027	28	NA
BOLA2	552900	-19	NA
BOLA2-SMG1P6	107282092	-96	NA
BOLA2B	654483	-117	NA
BOLA3	388962	-92	NA
BOLL	66037	8	NA
BOP1	23246	-162	NA
BORA	79866	-93	NA
BORCS5	118426	-110	NA
BORCS6	54785	-28	NA
BORCS7	119032	-65	NA
BORCS7-ASMT	100528007	-23	NA
BORCS8	729991	-97	NA
BORCS8-MEF2B	4207	-46	NA
BPGM	669	-104	NA
BPHL	670	-46	NA
BPI	671	17	NA
BPIFA1	51297	-1	NA
BPIFA2	140683	-34	NA
BPIFA3	128861	-1	NA
BPIFB1	92747	-3	NA
BPIFB2	80341	36	NA
BPIFB3	359710	8	NA
BPIFB4	149954	3	NA
BPIFB6	128859	0	NA
BPIFC	254240	18	NA
BPNT1	10380	-37	NA
BPTF	2186	-11	NA
BPY2	9083	-4	NA
BRAF	673	65	NA
BRAP	8315	-32	NA
BRAT1	221927	-81	NA
BRCA1	672	-100	NA
BRCA2	675	-93	NA
BRCC3	79184	-30	NA
BRD1	23774	0	NA
BRD2	6046	18	NA
BRD3	8019	3	U2904 1% and  U2932 1%
BRD3OS	266655	-16	NA
BRD4	23476	26	NA
BRD7	29117	-75	NA
BRD8	10902	-31	NA
BRD9	65980	-71	NA
BRDT	676	59	NA
BRF1	2972	-84	NA
BRF2	55290	-57	NA
BRI3	25798	36	NA
BRI3BP	140707	-79	NA
BRICD5	283870	8	NA
BRINP1	1620	-14	NA
BRINP2	57795	-53	NA
BRINP3	339479	-67	NA
BRIP1	83990	-92	NA
BRIX1	55299	-176	NA
BRK1	55845	63	NA
BRMS1	25855	-143	NA
BRMS1L	84312	-65	NA
BROX	148362	32	NA
BRPF1	7862	-54	NA
BRPF3	27154	-7	NA
BRS3	680	-12	NA
BRSK1	84446	134	NA
BRSK2	9024	101	NA
BRWD1	54014	25	NA
BRWD3	254065	129	NA
BSCL2	26580	-58	NA
BSDC1	55108	25	NA
BSG	682	51	NA
BSN	8927	-19	NA
BSND	7809	12	NA
BSPH1	100131137	1	NA
BSPRY	54836	96	NA
BST1	683	33	NA
BST2	684	-88	NA
BSX	390259	-7	NA
BTAF1	9044	50	NA
BTBD1	53339	-10	NA
BTBD10	84280	-1	NA
BTBD11		80	NA
BTBD16	118663	41	NA
BTBD17	388419	-22	NA
BTBD18	643376	-27	NA
BTBD19	149478	48	NA
BTBD2	55643	90	NA
BTBD3	22903	-30	NA
BTBD6	90135	-64	NA
BTBD7	55727	-3	NA
BTBD8	284697	32	NA
BTBD9	114781	34	NA
BTC	685	-64	NA
BTD	686	-11	NA
BTF3	689	-11	NA
BTF3L4	91408	-61	NA
BTG1	694	260	NA
BTG2	7832	29	NA
BTG3	10950	-37	NA
BTG4	54766	8	NA
BTK	695	-29	NA
BTLA	151888	30	NA
BTN1A1	696	-13	NA
BTN2A1	11120	9	NA
BTN2A2	10385	23	NA
BTN3A1	11119	21	NA
BTN3A2	11118	-9	NA
BTN3A3	10384	-27	NA
BTNL2	56244	6	NA
BTNL3	10917	2	NA
BTNL8	79908	3	NA
BTNL9	153579	11	NA
BTRC	8945	-44	NA
BUB1	699	-54	NA
BUB1B	701	-92	NA
BUB1B-PAK6	106821730	-25	NA
BUB3	9184	-41	NA
BUD13	84811	-53	NA
BUD23	114049	-75	NA
BUD31	8896	-18	NA
BVES		32	NA
BYSL	705	-161	NA
BZW1	9689	45	NA
BZW2	28969	-87	NA
C10orf105	414152	-14	NA
C10orf113		39	NA
C10orf120	399814	5	NA
C10orf142		-5	NA
C10orf143	387723	-91	NA
C10orf53	282966	30	NA
C10orf55	414236	-67	NA
C10orf62	414157	-27	NA
C10orf67	256815	32	NA
C10orf71	118461	0	NA
C10orf82		-34	NA
C10orf88	80007	-41	NA
C10orf90	118611	36	NA
C10orf95	79946	-11	NA
C10orf99		14	NA
C11orf1		-29	NA
C11orf16	56673	-9	NA
C11orf21	29125	20	NA
C11orf24	53838	-41	NA
C11orf40	143501	2	NA
C11orf42	160298	2	NA
C11orf45		84	NA
C11orf49		-1	NA
C11orf52	91894	-12	NA
C11orf53		-9	NA
C11orf54		4	NA
C11orf58	10944	-48	NA
C11orf65	160140	22	NA
C11orf68	83638	79	NA
C11orf71	54494	-19	NA
C11orf74		-2	NA
C11orf80		9	NA
C11orf86	254439	77	NA
C11orf87	399947	-33	NA
C11orf88		30	NA
C11orf91	100131378	-30	NA
C11orf94		-16	NA
C11orf95		2	NA
C11orf96	387763	122	NA
C11orf97	643037	-10	NA
C11orf98	102288414	-169	NA
C12orf10		-87	NA
C12orf29		-80	NA
C12orf4		-82	NA
C12orf40		-28	NA
C12orf42	374470	-5	NA
C12orf43	64897	-157	NA
C12orf45		-144	NA
C12orf49		-34	NA
C12orf50		-7	NA
C12orf54	121273	0	NA
C12orf56	115749	-52	NA
C12orf57	113246	8	NA
C12orf60	144608	-61	NA
C12orf65		-27	NA
C12orf66		-109	NA
C12orf71	728858	3	NA
C12orf73		-94	NA
C12orf75	387882	-24	NA
C12orf76	400073	82	NA
C13orf42	647166	-14	NA
C13orf46	100507747	60	NA
C14orf119	55017	-37	NA
C14orf132	56967	149	NA
C14orf177		0	NA
C14orf178		22	NA
C14orf180	400258	-14	NA
C14orf28		86	NA
C14orf39	317761	-40	NA
C14orf93	60686	-13	NA
C15orf39		-8	NA
C15orf40	123207	-49	NA
C15orf41		-101	NA
C15orf48		142	NA
C15orf53		6	NA
C15orf61	145853	-71	NA
C15orf62	643338	34	NA
C15orf65		-28	NA
C16orf45		41	NA
C16orf46	123775	37	NA
C16orf54	283897	-21	NA
C16orf58		8	NA
C16orf70		-53	NA
C16orf71		-71	NA
C16orf72		28	NA
C16orf74		-20	NA
C16orf78	123970	1	NA
C16orf86	388284	24	NA
C16orf87		-51	NA
C16orf89	146556	78	NA
C16orf90	646174	-10	NA
C16orf91		-124	NA
C16orf92		-7	NA
C16orf95	100506581	-5	NA
C16orf96	342346	26	NA
C17orf100	388327	69	NA
C17orf107	100130311	29	NA
C17orf113	110806298	67	NA
C17orf47		-13	NA
C17orf49		-13	NA
C17orf50		-19	NA
C17orf51		-60	NA
C17orf53		-50	NA
C17orf58	284018	36	NA
C17orf64		0	NA
C17orf67	339210	-27	NA
C17orf75	64149	-105	NA
C17orf78	284099	6	NA
C17orf80		-59	NA
C17orf97		-148	NA
C17orf98		7	NA
C17orf99		5	NA
C18orf21		-20	NA
C18orf25		22	NA
C18orf32	497661	-7	NA
C18orf54	162681	-54	NA
C18orf63	644041	-16	NA
C19orf12	83636	-40	NA
C19orf18	147685	60	NA
C19orf24		-45	NA
C19orf25	148223	-32	NA
C19orf33	64073	32	NA
C19orf38	255809	116	NA
C19orf44	84167	-65	NA
C19orf47	126526	-120	NA
C19orf48		-79	NA
C19orf53	28974	-53	NA
C19orf54		32	NA
C19orf57		-44	NA
C19orf66		33	NA
C19orf67	646457	70	NA
C19orf71		52	NA
C19orf73	55150	-64	NA
C19orf81	342918	31	NA
C19orf84	147646	-17	NA
C19orf85	111064650	8	NA
C1D	10438	-35	NA
C1GALT1	56913	92	NA
C1GALT1C1	29071	-67	NA
C1GALT1C1L	728819	-57	NA
C1orf100		3	NA
C1orf105	92346	8	NA
C1orf109		-126	NA
C1orf112		-87	NA
C1orf115	79762	-4	NA
C1orf116	79098	91	NA
C1orf122	127687	-119	NA
C1orf127		1	NA
C1orf131		-146	NA
C1orf141	400757	-2	NA
C1orf146	388649	26	NA
C1orf158		33	NA
C1orf159	54991	-64	NA
C1orf162	128346	26	NA
C1orf167	284498	37	NA
C1orf174	339448	-39	NA
C1orf185	284546	2	NA
C1orf189		-35	NA
C1orf194		-39	NA
C1orf198	84886	-55	NA
C1orf21	81563	122	NA
C1orf210	149466	60	NA
C1orf216	127703	-129	NA
C1orf226	400793	8	NA
C1orf232	110806296	-6	NA
C1orf35	79169	-53	NA
C1orf43		-15	NA
C1orf50	79078	0	NA
C1orf52	148423	-33	NA
C1orf53	388722	-99	NA
C1orf54	79630	12	NA
C1orf56	54964	-60	NA
C1orf61		28	NA
C1orf68		-2	NA
C1orf74	148304	-85	NA
C1orf87	127795	-4	NA
C1orf94	84970	2	NA
C1QA	712	-4	NA
C1QB	713	-8	NA
C1QBP	708	-156	NA
C1QC	714	1	NA
C1QL1	10882	122	NA
C1QL2	165257	14	NA
C1QL3	389941	31	NA
C1QL4	338761	59	NA
C1QTNF1	114897	57	NA
C1QTNF12	388581	66	NA
C1QTNF2	114898	-60	NA
C1QTNF3	114899	53	NA
C1QTNF3-AMACR	100534612	8	NA
C1QTNF4	114900	57	NA
C1QTNF5	114902	-64	NA
C1QTNF6	114904	-4	NA
C1QTNF7	114905	9	NA
C1QTNF8	390664	-14	NA
C1QTNF9	338872	14	NA
C1QTNF9B	387911	-2	NA
C1R	715	44	NA
C1RL	51279	85	NA
C1S	716	-9	NA
C2	717	85	NA
C20orf141	128653	51	NA
C20orf144	128864	-23	NA
C20orf173	140873	7	NA
C20orf194		52	NA
C20orf202	400831	65	NA
C20orf203	284805	25	NA
C20orf204	284739	29	NA
C20orf27		-148	NA
C20orf85		-4	NA
C20orf96	140680	15	NA
C21orf58	54058	-34	NA
C21orf62		55	NA
C21orf91	54149	-55	NA
C22orf15	150248	18	NA
C22orf23	84645	41	NA
C22orf31	25770	-13	NA
C22orf39	128977	-13	NA
C22orf42	150297	-24	NA
C22orf46		-50	NA
C2CD2	25966	-71	NA
C2CD2L	9854	-81	NA
C2CD3	26005	-5	NA
C2CD4A	145741	-4	NA
C2CD4B	388125	7	NA
C2CD4C	126567	28	NA
C2CD4D	100191040	-14	NA
C2CD5	9847	-63	NA
C2CD6		-15	NA
C2orf15	150590	34	NA
C2orf16		-8	NA
C2orf40		1	NA
C2orf42	54980	-43	NA
C2orf49		41	NA
C2orf50		34	NA
C2orf66	401027	30	NA
C2orf68	388969	0	NA
C2orf69	205327	-63	NA
C2orf70		46	NA
C2orf72	257407	213	NA
C2orf73		48	NA
C2orf74		-24	NA
C2orf76	130355	-40	NA
C2orf78	388960	4	NA
C2orf80	389073	-20	NA
C2orf81	388963	178	NA
C2orf83		0	NA
C2orf88		-70	NA
C2orf91		-14	NA
C2orf92	728537	151	NA
C3	718	102	NA
C3AR1	719	-37	NA
C3orf14		-61	NA
C3orf18	51161	56	NA
C3orf20		30	NA
C3orf22	152065	9	NA
C3orf33		-111	NA
C3orf38	285237	-48	NA
C3orf49	132200	-5	NA
C3orf52	79669	-101	NA
C3orf56		-5	NA
C3orf62	375341	-31	NA
C3orf67		125	NA
C3orf70	285382	37	NA
C3orf80	401097	-40	NA
C3orf84		2	NA
C3orf85	401081	-2	NA
C4A	720	42	NA
C4B	721	56	NA
C4BPA	722	-14	NA
C4BPB	725	-24	NA
C4orf17	84103	12	NA
C4orf19		-6	NA
C4orf3		314	NA
C4orf33	132321	-49	NA
C4orf36	132989	-54	NA
C4orf45		14	NA
C4orf46	201725	-70	NA
C4orf47		367	NA
C4orf48		-65	NA
C4orf50	389197	21	NA
C4orf51	646603	-7	NA
C4orf54	285556	-18	NA
C5	727	-42	NA
C5AR1	728	52	NA
C5AR2	27202	-1	NA
C5orf15	56951	28	NA
C5orf22	55322	-106	NA
C5orf24	134553	-44	NA
C5orf30		-49	NA
C5orf34	375444	-110	NA
C5orf38		4	NA
C5orf46	389336	145	NA
C5orf47	133491	-5	NA
C5orf49		-12	NA
C5orf51		-17	NA
C5orf52	100190949	-3	NA
C5orf58	133874	-40	NA
C5orf60		-8	NA
C5orf63	401207	-83	NA
C5orf67	101928448	4	NA
C6	729	2	NA
C6orf106		-4	NA
C6orf118	168090	6	NA
C6orf120	387263	-97	NA
C6orf132	647024	59	NA
C6orf136	221545	-61	NA
C6orf141	135398	-38	NA
C6orf15	29113	-32	NA
C6orf163	206412	14	NA
C6orf201		-11	NA
C6orf203		-113	NA
C6orf222		-7	NA
C6orf223		154	NA
C6orf226		-51	NA
C6orf47	57827	-69	NA
C6orf48		25	NA
C6orf52	347744	-65	NA
C6orf58	352999	-32	NA
C6orf62	81688	-16	NA
C6orf89	221477	-45	NA
C7	730	20	NA
C7orf25	79020	-90	NA
C7orf26		-121	NA
C7orf31		-19	NA
C7orf33	202865	-17	NA
C7orf43		-155	NA
C7orf50		-106	NA
C7orf57	136288	28	NA
C7orf61		145	NA
C7orf77		0	NA
C8A	731	7	NA
C8B	732	-6	NA
C8G	733	19	NA
C8orf33	65265	-99	NA
C8orf34	116328	45	NA
C8orf37		-39	NA
C8orf44	56260	59	NA
C8orf48	157773	-4	NA
C8orf58	541565	307	NA
C8orf59		-10	NA
C8orf74	203076	4	NA
C8orf76	84933	-56	NA
C8orf82	414919	-29	NA
C8orf86		61	NA
C8orf88	100127983	-3	NA
C8orf89	100130301	-6	NA
C9	735	-10	NA
C9orf116		-42	NA
C9orf129		1	NA
C9orf131		18	NA
C9orf135		0	NA
C9orf152	401546	-47	NA
C9orf153	389766	1	NA
C9orf16		-29	NA
C9orf24		44	NA
C9orf3		-48	NA
C9orf40	55071	-53	NA
C9orf43	257169	-18	NA
C9orf50	375759	-30	NA
C9orf57	138240	3	NA
C9orf64		-41	NA
C9orf66		10	NA
C9orf72	203228	-12	NA
C9orf78	51759	-117	NA
C9orf85	138241	-18	NA
C9orf92		-16	NA
CA1	759	1	NA
CA10	56934	-5	NA
CA11	770	53	NA
CA12	771	139	NA
CA13	377677	12	NA
CA14	23632	-11	NA
CA2	760	-15	NA
CA3	761	66	NA
CA4	762	-9	NA
CA5A	763	5	NA
CA5B	11238	61	NA
CA6	765	56	NA
CA7	766	25	NA
CA8	767	64	NA
CA9	768	343	NA
CAAP1	79886	-36	NA
CAB39	51719	-26	NA
CAB39L	81617	-26	NA
CABCOCO1	219621	-26	NA
CABIN1	23523	116	NA
CABLES1	91768	-66	NA
CABLES2	81928	-53	NA
CABP1	9478	93	NA
CABP2	51475	-7	NA
CABP4	57010	46	NA
CABP5	56344	-1	NA
CABP7	164633	152	NA
CABS1	85438	-8	NA
CABYR	26256	-24	NA
CACFD1	11094	32	NA
CACHD1	57685	-76	NA
CACNA1A	773	41	NA
CACNA1B	774	52	NA
CACNA1C	775	38	NA
CACNA1D	776	16	NA
CACNA1E	777	22	NA
CACNA1F	778	27	NA
CACNA1G	8913	79	NA
CACNA1H	8912	87	NA
CACNA1I	8911	64	NA
CACNA1S	779	-2	NA
CACNA2D1	781	-20	NA
CACNA2D2	9254	-8	NA
CACNA2D3	55799	5	NA
CACNA2D4	93589	-53	NA
CACNB1	782	16	NA
CACNB2	783	-38	NA
CACNB3	784	118	NA
CACNB4	785	109	NA
CACNG1	786	-23	NA
CACNG2	10369	5	NA
CACNG3	10368	-12	NA
CACNG4	27092	6	NA
CACNG5	27091	-21	NA
CACNG6	59285	-25	NA
CACNG7	59284	22	NA
CACNG8	59283	33	NA
CACTIN	58509	-77	NA
CACUL1	143384	-2	NA
CACYBP	27101	-80	NA
CAD	790	-151	NA
CADM1	23705	44	NA
CADM2	253559	14	NA
CADM3	57863	38	NA
CADM4	199731	16	NA
CADPS	8618	8	NA
CADPS2	93664	-75	NA
CAGE1	285782	-15	NA
CALB1	793	82	NA
CALB2	794	14	NA
CALCA	796	6	NA
CALCB	797	-4	NA
CALCOCO1	57658	165	NA
CALCOCO2	10241	22	NA
CALCR	799	-27	NA
CALCRL	10203	-17	NA
CALD1	800	51	NA
CALHM1	255022	-4	NA
CALHM2	51063	10	NA
CALHM3	119395	104	NA
CALHM4	221301	-11	NA
CALHM5	254228	-25	NA
CALHM6	441168	164	NA
CALM1	801	-26	NA
CALM2	805	-53	NA
CALM3	808	-9	NA
CALML3	810	-19	NA
CALML4	91860	-59	NA
CALML5	51806	-65	NA
CALML6	163688	27	NA
CALN1	83698	14	NA
CALR	811	16	NA
CALR3	125972	5	NA
CALU	813	25	NA
CALY	50632	66	NA
CAMK1	8536	-12	NA
CAMK1D	57118	134	NA
CAMK1G	57172	7	NA
CAMK2A	815	-17	NA
CAMK2B	816	24	NA
CAMK2D	817	1	NA
CAMK2G	818	-60	NA
CAMK2N1	55450	72	NA
CAMK2N2	94032	1	NA
CAMK4	814	6	NA
CAMKK1	84254	-10	NA
CAMKK2	10645	-90	NA
CAMKMT	79823	-102	NA
CAMKV	79012	26	NA
CAMLG	819	45	NA
CAMP	820	32	NA
CAMSAP1	157922	-4	NA
CAMSAP2	23271	-12	NA
CAMSAP3	57662	57	NA
CAMTA1	23261	-9	NA
CAMTA2	23125	-16	NA
CAND1	55832	-19	NA
CAND2	23066	-39	NA
CANT1	124583	-29	NA
CANX	821	43	NA
CAP1	10487	-39	NA
CAP2	10486	-55	NA
CAPG	822	27	NA
CAPN1	823	-11	NA
CAPN10	11132	-42	NA
CAPN11	11131	-25	NA
CAPN12	147968	115	NA
CAPN13	92291	-9	NA
CAPN14	440854	33	NA
CAPN15	6650	-30	NA
CAPN2	824	-6	NA
CAPN3	825	30	NA
CAPN5	726	68	NA
CAPN6	827	100	NA
CAPN7	23473	1	NA
CAPN8	388743	65	NA
CAPN9	10753	-41	NA
CAPNS1	826	2	NA
CAPNS2	84290	-10	NA
CAPRIN1	4076	-39	NA
CAPRIN2	65981	3	NA
CAPS	828	82	NA
CAPS2	84698	9	NA
CAPSL	133690	-26	NA
CAPZA1	829	-50	NA
CAPZA2	830	-2	NA
CAPZA3	93661	2	NA
CAPZB	832	-18	NA
CARD10	29775	-64	NA
CARD11	84433	2	NA
CARD14	79092	-22	NA
CARD16	114769	-33	NA
CARD17		-2	NA
CARD18	59082	4	NA
CARD19	84270	1	NA
CARD6	84674	19	NA
CARD8	22900	-47	NA
CARD9	64170	-45	NA
CARF	79800	-14	NA
CARHSP1	23589	78	NA
CARM1	10498	-40	NA
CARMIL1	55604	-74	NA
CARMIL2	146206	4	NA
CARMIL3	90668	42	NA
CARNMT1	138199	-68	NA
CARNS1	57571	42	NA
CARS		-5	NA
CARS2	79587	-54	NA
CARTPT	9607	17	NA
CASC1		46	NA
CASC10		-12	NA
CASC3	22794	-10	NA
CASC4		-23	NA
CASD1	64921	-4	NA
CASK	8573	25	NA
CASKIN1	57524	121	NA
CASKIN2	57513	-116	NA
CASP1	834	-68	NA
CASP10	843	-35	NA
CASP12	100506742	2	NA
CASP14	23581	167	NA
CASP2	835	-45	NA
CASP3	836	-71	NA
CASP4	837	-50	NA
CASP5	838	11	NA
CASP6	839	-70	NA
CASP7	840	-18	NA
CASP8	841	-45	NA
CASP8AP2	9994	-32	NA
CASP9	842	-19	NA
CASQ1	844	12	NA
CASQ2	845	-13	NA
CASR	846	67	NA
CASS4	57091	57	NA
CAST	831	54	NA
CASTOR1	652968	8	NA
CASTOR2	729438	-33	NA
CASTOR3		-65	NA
CASZ1	54897	17	NA
CAT	847	-12	NA
CATIP	375307	-11	NA
CATSPER1	117144	50	NA
CATSPER2	117155	5	NA
CATSPER3	347732	-28	NA
CATSPER4	378807	-4	NA
CATSPERB	79820	13	NA
CATSPERD	257062	17	NA
CATSPERE	257044	37	NA
CATSPERG	57828	44	NA
CATSPERZ	25858	34	NA
CAV1	857	163	NA
CAV2	858	33	NA
CAV3	859	-9	NA
CAVIN1	284119	99	NA
CAVIN2	8436	-45	NA
CAVIN3	112464	53	NA
CAVIN4	347273	65	NA
CBARP	255057	-10	NA
CBFA2T2	9139	72	NA
CBFA2T3	863	50	NA
CBFB	865	-95	NA
CBL	867	43	NA
CBLB	868	90	NA
CBLC	23624	0	NA
CBLIF	2694	2	NA
CBLL1	79872	-40	NA
CBLL2	158506	6	NA
CBLN1	869	19	NA
CBLN2	147381	-48	NA
CBLN3	643866	69	NA
CBLN4	140689	-6	NA
CBR1	873	-55	NA
CBR3	874	-64	NA
CBR4	84869	-20	NA
CBS	875	-18	NA
CBSL		-56	NA
CBWD1		-22	NA
CBWD2		2	NA
CBWD3		-57	NA
CBWD5		-23	NA
CBWD6		20	NA
CBX1	10951	-1	NA
CBX2	84733	-49	NA
CBX3	11335	-39	NA
CBX4	8535	14	NA
CBX5	23468	-1	NA
CBX6	23466	-155	NA
CBX7	23492	49	NA
CBX8	57332	30	NA
CBY1	25776	-38	NA
CBY3	646019	31	NA
CC2D1A	54862	-44	NA
CC2D1B	200014	-28	NA
CC2D2A	57545	-96	NA
CC2D2B	387707	-36	NA
CCAR1	55749	-56	NA
CCAR2	57805	-85	NA
CCBE1	147372	21	NA
CCDC102A	92922	58	NA
CCDC102B	79839	-26	NA
CCDC103		-26	NA
CCDC105		17	NA
CCDC106	29903	-59	NA
CCDC107	203260	132	NA
CCDC110	256309	137	NA
CCDC112	153733	-1	NA
CCDC113		-87	NA
CCDC114		116	NA
CCDC115		10	NA
CCDC116	164592	-72	NA
CCDC117	150275	-53	NA
CCDC12	151903	-77	NA
CCDC120	90060	29	NA
CCDC121	79635	-68	NA
CCDC122	160857	-23	NA
CCDC124	115098	-56	NA
CCDC125	202243	-84	NA
CCDC126	90693	-35	NA
CCDC127	133957	19	NA
CCDC13	152206	13	NA
CCDC130		8	NA
CCDC134	79879	-82	NA
CCDC136	64753	31	NA
CCDC137	339230	-164	U2904 1% and  U2932 1%
CCDC138	165055	-162	NA
CCDC14	64770	-42	NA
CCDC140	151278	-15	NA
CCDC141	285025	36	NA
CCDC142	84865	-59	NA
CCDC144A	9720	53	NA
CCDC144NL	339184	39	NA
CCDC146	57639	40	NA
CCDC148	130940	61	NA
CCDC149	91050	30	NA
CCDC15	80071	-66	NA
CCDC150	284992	-52	NA
CCDC151		83	NA
CCDC152	100129792	-13	NA
CCDC153		-33	NA
CCDC154	645811	3	NA
CCDC155		6	NA
CCDC157	550631	-20	NA
CCDC158	339965	1	NA
CCDC159	126075	4	NA
CCDC160	347475	-41	NA
CCDC163	126661	-13	NA
CCDC166	100130274	27	NA
CCDC167	154467	-64	NA
CCDC168		1	NA
CCDC169	728591	-103	NA
CCDC169-SOHLH2	100526761	-59	NA
CCDC17	149483	70	NA
CCDC170	80129	-18	NA
CCDC171	203238	4	NA
CCDC172	374355	2	NA
CCDC173		-36	NA
CCDC174	51244	22	NA
CCDC175	729665	5	NA
CCDC177	56936	12	NA
CCDC178	374864	-18	NA
CCDC179	100500938	-2	NA
CCDC18	343099	-111	NA
CCDC180	100499483	22	NA
CCDC181	57821	-22	NA
CCDC182	101927581	0	NA
CCDC183	84960	187	NA
CCDC184	387856	93	NA
CCDC185	164127	-9	NA
CCDC186	55088	43	NA
CCDC187	399693	31	NA
CCDC188	388849	17	NA
CCDC189		-20	NA
CCDC190	339512	-36	NA
CCDC191	57577	61	NA
CCDC192	728586	-58	NA
CCDC194	110806280	2	NA
CCDC195	110806281	-1	NA
CCDC196	440184	-11	NA
CCDC197	256369	29	NA
CCDC198	55195	48	NA
CCDC200	100874261	59	NA
CCDC22	28952	-10	NA
CCDC24	149473	16	NA
CCDC25	55246	-71	NA
CCDC27	148870	1	NA
CCDC28A	25901	116	NA
CCDC28B	79140	-79	NA
CCDC3	83643	-5	NA
CCDC30	728621	84	NA
CCDC32	90416	-34	NA
CCDC33	80125	61	NA
CCDC34	91057	-52	NA
CCDC36		46	NA
CCDC38	120935	-5	NA
CCDC39	339829	-13	NA
CCDC40	55036	-69	NA
CCDC42	146849	-21	NA
CCDC43	124808	-47	NA
CCDC47	57003	37	NA
CCDC50	152137	-4	NA
CCDC51	79714	-108	NA
CCDC54	84692	-21	NA
CCDC57	284001	-64	NA
CCDC58		35	NA
CCDC59	29080	-51	NA
CCDC6	8030	-3	NA
CCDC60	160777	-7	NA
CCDC61	729440	-33	NA
CCDC62	84660	57	NA
CCDC63	160762	9	NA
CCDC65		-62	NA
CCDC66	285331	-117	NA
CCDC68	80323	-15	NA
CCDC69	26112	-108	NA
CCDC7	79741	34	NA
CCDC70	83446	-6	NA
CCDC71	64925	-119	NA
CCDC71L	168455	-57	NA
CCDC73	493860	7	NA
CCDC74A	90557	10	NA
CCDC74B	91409	25	NA
CCDC77	84318	-49	NA
CCDC78	124093	-96	NA
CCDC8	83987	6	NA
CCDC80	151887	128	NA
CCDC81	60494	-14	NA
CCDC82	79780	2	NA
CCDC83	220047	23	NA
CCDC84		-32	NA
CCDC85A	114800	22	NA
CCDC85B	11007	-47	NA
CCDC85C	317762	19	NA
CCDC86	79080	-166	NA
CCDC87	55231	-103	NA
CCDC88A	55704	-49	NA
CCDC88B	283234	48	NA
CCDC88C	440193	-42	NA
CCDC89	220388	-23	NA
CCDC9	26093	54	NA
CCDC90B	60492	-5	NA
CCDC91	55297	-15	NA
CCDC92	80212	62	NA
CCDC93	54520	31	NA
CCDC96		-84	NA
CCDC97	90324	-113	NA
CCDC9B	388115	12	NA
CCER1	196477	7	NA
CCER2	643669	-50	NA
CCHCR1	54535	-2	NA
CCIN	881	-29	NA
CCK	885	1	NA
CCKAR	886	-5	NA
CCKBR	887	18	NA
CCL1	6346	-12	NA
CCL11	6356	-12	NA
CCL13	6357	-3	NA
CCL14	6358	-14	NA
CCL15	6359	-16	NA
CCL15-CCL14	348249	-3	NA
CCL16	6360	47	NA
CCL17	6361	-12	NA
CCL18	6362	12	NA
CCL19	6363	-7	NA
CCL2	6347	-116	NA
CCL20	6364	36	NA
CCL21	6366	-30	NA
CCL22	6367	29	NA
CCL23	6368	-17	NA
CCL24	6369	1	NA
CCL25	6370	-22	NA
CCL26	10344	8	NA
CCL27	10850	28	NA
CCL28	56477	136	NA
CCL3	6348	-4	NA
CCL3L1	6349	9	NA
CCL4	6351	4	NA
CCL4L2	9560	6	NA
CCL5	6352	7	NA
CCL7	6354	-43	NA
CCL8	6355	-19	NA
CCM2	83605	-21	NA
CCM2L	140706	-25	NA
CCN1	3491	41	NA
CCN2	1490	15	NA
CCN3	4856	-66	NA
CCN4	8840	128	NA
CCN5	8839	192	NA
CCN6	8838	-10	NA
CCNA1	8900	17	NA
CCNA2	890	-93	NA
CCNB1	891	-142	NA
CCNB1IP1	57820	-4	NA
CCNB2	9133	-55	NA
CCNB3	85417	-74	NA
CCNC	892	-61	NA
CCND1	595	-71	NA
CCND2	894	41	NA
CCND3	896	-133	NA
CCNDBP1	23582	11	NA
CCNE1	898	-149	NA
CCNE2	9134	-107	NA
CCNF	899	-105	NA
CCNG1	900	47	NA
CCNG2	901	339	NA
CCNH	902	-122	NA
CCNI	10983	107	NA
CCNI2	645121	-43	NA
CCNJ	54619	-114	NA
CCNJL	79616	0	NA
CCNK	8812	-7	NA
CCNL1	57018	29	NA
CCNL2	81669	-10	NA
CCNO	10309	-153	NA
CCNQ	92002	-132	NA
CCNT1	904	-6	NA
CCNT2	905	-17	NA
CCNY	219771	74	NA
CCNYL1	151195	-65	NA
CCP110	9738	14	NA
CCPG1	9236	12	NA
CCR1	1230	-45	NA
CCR10	2826	95	NA
CCR2	729230	-4	NA
CCR3	1232	-12	NA
CCR4	1233	17	NA
CCR5	1234	7	NA
CCR6	1235	43	NA
CCR7	1236	-46	NA
CCR8	1237	-10	NA
CCR9	10803	-16	NA
CCRL2	9034	-50	NA
CCS	9973	-9	NA
CCSAP	126731	152	NA
CCSER1	401145	-3	NA
CCSER2	54462	25	NA
CCT2	10576	-108	NA
CCT3	7203	-106	NA
CCT4	10575	-60	NA
CCT5	22948	-137	NA
CCT6A	908	-152	NA
CCT6B	10693	-69	NA
CCT7	10574	-84	NA
CCT8	10694	-55	NA
CCT8L2	150160	4	NA
CCZ1	51622	-67	NA
CCZ1B	221960	-82	NA
CD101	9398	-26	NA
CD109	135228	110	NA
CD14	929	-33	NA
CD151	977	6	NA
CD160	11126	-9	NA
CD163	9332	4	NA
CD163L1	283316	13	NA
CD164	8763	10	NA
CD164L2	388611	59	NA
CD177	57126	12	NA
CD180	4064	44	NA
CD19	930	32	NA
CD1A	909	5	NA
CD1B	910	-5	NA
CD1C	911	-11	NA
CD1D	912	-3	NA
CD1E	913	-4	NA
CD2	914	-11	NA
CD200	4345	-14	NA
CD200R1	131450	49	NA
CD200R1L	344807	0	NA
CD207	50489	-15	NA
CD209	30835	42	NA
CD22	933	-153	NA
CD226	10666	5	NA
CD24	100133941	40	NA
CD244	51744	-6	NA
CD247	919	28	NA
CD248	57124	-36	NA
CD27	939	25	NA
CD274	29126	-31	NA
CD276	80381	9	NA
CD28	940	-20	NA
CD2AP	23607	0	NA
CD2BP2	10421	-103	NA
CD300A	11314	126	NA
CD300C	10871	37	NA
CD300E	342510	2	NA
CD300H	100130520	-15	NA
CD300LB	124599	20	NA
CD300LD	100131439	8	NA
CD300LF	146722	-18	NA
CD300LG	146894	67	NA
CD302	9936	-44	NA
CD320	51293	-70	NA
CD33	945	3	NA
CD34	947	36	NA
CD36	948	-73	NA
CD37	951	13	NA
CD38	952	-17	NA
CD3D	915	8	NA
CD3E	916	10	NA
CD3EAP		-215	NA
CD3G	917	69	NA
CD4	920	38	NA
CD40	958	10	NA
CD40LG	959	-4	NA
CD44	960	47	NA
CD46	4179	9	NA
CD47	961	-19	NA
CD48	962	6	NA
CD5	921	-21	NA
CD52	1043	5	NA
CD53	963	35	NA
CD55	1604	48	NA
CD58	965	-50	NA
CD59	966	5	NA
CD5L	922	-6	NA
CD6	923	-1	NA
CD63	967	3	NA
CD68	968	110	NA
CD69	969	30	NA
CD7	924	47	NA
CD72	971	127	NA
CD74	972	-33	NA
CD79A	973	59	NA
CD79B	974	-30	NA
CD80	941	-14	NA
CD81	975	18	NA
CD82	3732	4	NA
CD83	9308	-143	NA
CD84	8832	20	NA
CD86	942	-40	NA
CD8A	925	11	NA
CD8B	926	-10	NA
CD8B2	927	18	NA
CD9	928	22	NA
CD93	22918	-11	NA
CD96	10225	23	NA
CD99	4267	64	NA
CD99L2	83692	-57	NA
CDA	978	168	NA
CDADC1	81602	-47	NA
CDAN1	146059	-85	NA
CDC123	8872	-136	NA
CDC14A	8556	-40	NA
CDC14B	8555	-26	NA
CDC14C	168448	54	NA
CDC16	8881	-35	NA
CDC20	991	-114	NA
CDC20B	166979	-8	NA
CDC23	8697	-64	NA
CDC25A	993	-208	NA
CDC25B	994	-75	NA
CDC25C	995	-32	NA
CDC26	246184	-27	NA
CDC27	996	-57	NA
CDC34	997	27	NA
CDC37	11140	-57	NA
CDC37L1	55664	-63	NA
CDC40	51362	-13	NA
CDC42	998	-20	NA
CDC42BPA	8476	-26	NA
CDC42BPB	9578	5	NA
CDC42BPG	55561	26	NA
CDC42EP1	11135	12	NA
CDC42EP2	10435	-40	NA
CDC42EP3	10602	13	NA
CDC42EP4	23580	-44	NA
CDC42EP5	148170	59	NA
CDC42SE1	56882	-78	NA
CDC42SE2	56990	-27	NA
CDC45	8318	-176	NA
CDC5L	988	-31	NA
CDC6	990	-127	NA
CDC7	8317	-141	NA
CDC73	79577	8	NA
CDCA2	157313	-29	NA
CDCA3	83461	-62	NA
CDCA4	55038	-71	NA
CDCA5	113130	-88	NA
CDCA7	83879	-179	NA
CDCA7L	55536	30	NA
CDCA8	55143	-113	NA
CDCP1	64866	155	NA
CDCP2	200008	16	NA
CDH1	999	39	NA
CDH10	1008	19	NA
CDH11	1009	-46	NA
CDH12	1010	-18	NA
CDH13	1012	39	NA
CDH15	1013	90	NA
CDH16	1014	42	NA
CDH17	1015	18	NA
CDH18	1016	-6	NA
CDH19	28513	-6	NA
CDH2	1000	-4	NA
CDH20	28316	-7	NA
CDH22	64405	60	NA
CDH23	64072	12	NA
CDH24	64403	-50	NA
CDH26	60437	-21	NA
CDH3	1001	73	NA
CDH4	1002	-38	NA
CDH5	1003	9	NA
CDH6	1004	20	NA
CDH7	1005	18	NA
CDH8	1006	-18	NA
CDH9	1007	-12	NA
CDHR1	92211	-2	NA
CDHR2	54825	-20	NA
CDHR3	222256	-11	NA
CDHR4	389118	41	NA
CDHR5	53841	6	NA
CDIP1	29965	14	NA
CDIPT	10423	-48	NA
CDK1	983	-36	NA
CDK10	8558	-24	NA
CDK11A	728642	-17	NA
CDK11B	984	-61	NA
CDK12	51755	-68	NA
CDK13	8621	10	NA
CDK14	5218	-14	NA
CDK15	65061	-17	NA
CDK16	5127	-7	NA
CDK17	5128	-9	NA
CDK18	5129	142	NA
CDK19	23097	181	NA
CDK2	1017	-53	NA
CDK20	23552	-22	NA
CDK2AP1	8099	10	NA
CDK2AP2	10263	81	NA
CDK3	1018	41	NA
CDK4	1019	-99	NA
CDK5	1020	-92	NA
CDK5R1	8851	-72	NA
CDK5R2	8941	106	NA
CDK5RAP1	51654	-107	NA
CDK5RAP2	55755	-44	NA
CDK5RAP3	80279	-27	NA
CDK6	1021	-7	NA
CDK7	1022	11	NA
CDK8	1024	28	NA
CDK9	1025	-29	NA
CDKAL1	54901	-37	NA
CDKL1	8814	-136	NA
CDKL2	8999	86	NA
CDKL3	51265	22	NA
CDKL4	344387	-6	NA
CDKL5	6792	101	NA
CDKN1A	1026	108	NA
CDKN1B	1027	131	NA
CDKN1C	1028	224	NA
CDKN2A	1029	-32	NA
CDKN2AIP	55602	-69	NA
CDKN2AIPNL		-64	NA
CDKN2B	1030	0	NA
CDKN2C	1031	-3	NA
CDKN2D	1032	129	NA
CDKN3	1033	-96	NA
CDNF	441549	-22	NA
CDO1	1036	-2	NA
CDON	50937	126	NA
CDPF1	150383	-64	NA
CDR1	1038	-18	NA
CDR2L	30850	-3	NA
CDRT1		-33	NA
CDRT15	146822	-20	NA
CDRT15L2	256223	2	NA
CDRT4	284040	95	NA
CDS1	1040	5	NA
CDS2	8760	2	NA
CDSN	1041	-17	NA
CDT1	81620	-35	NA
CDV3	55573	-33	NA
CDX1	1044	-18	NA
CDX2	1045	-32	NA
CDX4	1046	-6	NA
CDY1	9085	-2	NA
CDY1B	253175	1	NA
CDY2A	9426	1	NA
CDY2B	203611	0	NA
CDYL	9425	-4	NA
CDYL2	124359	36	NA
CEACAM1	634	30	NA
CEACAM16	388551	-3	NA
CEACAM18	729767	9	NA
CEACAM19	56971	39	NA
CEACAM20	125931	23	NA
CEACAM21	90273	0	NA
CEACAM3	1084	-3	NA
CEACAM4	1089	11	NA
CEACAM5	1048	17	NA
CEACAM6	4680	-3	NA
CEACAM7	1087	-8	NA
CEACAM8	1088	63	NA
CEBPA	1050	-97	NA
CEBPB	1051	32	NA
CEBPD	1052	72	NA
CEBPE	1053	31	NA
CEBPG	1054	-13	NA
CEBPZ	10153	-88	NA
CEBPZOS	100505876	0	NA
CECR2	27443	124	NA
CEL	1056	56	NA
CELA1	1990	-12	NA
CELA2A	63036	4	NA
CELA2B	51032	1	NA
CELA3A	10136	-15	NA
CELA3B	23436	7	NA
CELF1	10658	-14	NA
CELF2	10659	29	NA
CELF3	11189	-16	NA
CELF4	56853	36	NA
CELF5	60680	92	NA
CELF6	60677	31	NA
CELSR1	9620	42	NA
CELSR2	1952	-20	NA
CELSR3	1951	85	NA
CEMIP	57214	71	NA
CEMIP2	23670	-10	NA
CEMP1	752014	20	NA
CEND1	51286	-45	NA
CENPA	1058	-81	NA
CENPB	1059	-117	NA
CENPBD1		-80	NA
CENPC	1060	-17	NA
CENPE	1062	-77	U2904 1% and  U2932 1%
CENPF	1063	-12	NA
CENPH	64946	-81	NA
CENPI	2491	-99	NA
CENPJ		-47	NA
CENPK	64105	-84	NA
CENPL	91687	-68	NA
CENPM	79019	-169	NA
CENPN	55839	-97	NA
CENPO	79172	-110	NA
CENPP	401541	-143	NA
CENPQ	55166	-33	NA
CENPS	378708	-136	NA
CENPS-CORT	100526739	-42	NA
CENPT	80152	-16	NA
CENPU	79682	-104	NA
CENPV	201161	-114	NA
CENPVL2	441495	2	NA
CENPVL3	347549	-21	NA
CENPW	387103	-99	NA
CENPX	201254	-130	NA
CEP104	9731	-26	NA
CEP112	201134	59	NA
CEP120	153241	6	NA
CEP126	57562	0	NA
CEP128	145508	-59	NA
CEP131	22994	-33	NA
CEP135	9662	12	NA
CEP152	22995	-1	NA
CEP162	22832	-14	NA
CEP164	22897	-43	NA
CEP170	9859	46	NA
CEP170B	283638	-24	NA
CEP19	84984	-7	NA
CEP192	55125	-49	NA
CEP250	11190	170	NA
CEP290	80184	-14	NA
CEP295	85459	-23	NA
CEP295NL	100653515	49	NA
CEP350	9857	81	NA
CEP41	95681	-147	NA
CEP44	80817	46	NA
CEP55	55165	-63	NA
CEP57	9702	41	NA
CEP57L1	285753	-14	NA
CEP63	80254	-39	NA
CEP68	23177	-12	NA
CEP70	80321	-7	NA
CEP72	55722	-63	NA
CEP76	79959	-71	NA
CEP78	84131	-116	NA
CEP83	51134	-80	NA
CEP85	64793	-55	NA
CEP85L	387119	94	NA
CEP89	84902	8	NA
CEP95	90799	16	NA
CEP97	79598	-28	NA
CEPT1	10390	25	NA
CER1	9350	-2	NA
CERCAM	51148	70	NA
CERK	64781	7	NA
CERKL	375298	-16	NA
CERS1	10715	145	NA
CERS2	29956	-46	NA
CERS3	204219	-10	NA
CERS4	79603	-68	NA
CERS5	91012	2	NA
CERS6	253782	13	NA
CES1	1066	21	NA
CES2	8824	-36	NA
CES3	23491	11	NA
CES4A	283848	20	NA
CES5A	221223	25	NA
CETN1	1068	-11	NA
CETN2	1069	2	NA
CETN3	1070	-10	NA
CETP	1071	31	NA
CFAP100	348807	1	NA
CFAP126	257177	10	NA
CFAP157	286207	-44	NA
CFAP161	161502	-39	NA
CFAP20	29105	-39	NA
CFAP206	154313	-64	NA
CFAP221	200373	20	NA
CFAP298	56683	-104	NA
CFAP299	255119	32	NA
CFAP300	85016	20	NA
CFAP36	112942	110	NA
CFAP410	755	-49	NA
CFAP43	80217	48	NA
CFAP44	55779	117	NA
CFAP45	25790	-10	NA
CFAP46	54777	-47	NA
CFAP47	286464	-22	NA
CFAP52	146845	-9	NA
CFAP53	220136	140	NA
CFAP54	144535	13	NA
CFAP57	149465	25	NA
CFAP58	159686	97	NA
CFAP61	26074	-13	NA
CFAP65	255101	33	NA
CFAP69	79846	3	NA
CFAP70	118491	23	NA
CFAP73	387885	-58	NA
CFAP74	85452	-5	NA
CFAP77	389799	1	NA
CFAP97	57587	-34	NA
CFAP97D1	284067	22	NA
CFAP97D2	101929355	-10	NA
CFAP99	402160	-29	NA
CFB	629	21	NA
CFC1	55997	-7	NA
CFC1B	653275	-4	NA
CFD	1675	48	NA
CFDP1	10428	50	NA
CFH	3075	4	NA
CFHR1	3078	-48	NA
CFHR2	3080	7	NA
CFHR3	10878	-6	NA
CFHR4	10877	8	NA
CFHR5	81494	8	NA
CFI	3426	-13	NA
CFL1	1072	-34	NA
CFL2	1073	-48	NA
CFLAR	8837	-21	NA
CFP	5199	-47	NA
CFTR	1080	-22	NA
CGA	1081	-13	NA
CGAS	115004	-33	NA
CGB1	114335	-9	NA
CGB2	114336	15	NA
CGB3	1082	-20	NA
CGB5	93659	-11	NA
CGB7	94027	75	NA
CGB8	94115	24	NA
CGGBP1	8545	16	NA
CGN	57530	-6	NA
CGNL1	84952	1	NA
CGREF1	10669	11	NA
CGRRF1	10668	-44	NA
CH25H	9023	1	NA
CHAC1	79094	-35	NA
CHAC2	494143	-271	NA
CHAD	1101	1	NA
CHADL	150356	10	NA
CHAF1A	10036	-130	NA
CHAF1B	8208	-158	NA
CHAMP1	283489	-121	NA
CHAT	1103	14	NA
CHCHD1	118487	-65	NA
CHCHD10	400916	-116	NA
CHCHD2	51142	-27	NA
CHCHD3	54927	-99	NA
CHCHD4	131474	-119	NA
CHCHD5	84269	-52	NA
CHCHD6	84303	-46	NA
CHCHD7	79145	-33	NA
CHD1	1105	-46	NA
CHD1L	9557	4	NA
CHD2	1106	130	NA
CHD3	1107	78	NA
CHD4	1108	-70	NA
CHD5	26038	60	NA
CHD6	84181	89	NA
CHD7	55636	-21	NA
CHD8	57680	-36	NA
CHD9	80205	15	NA
CHDH	55349	-83	NA
CHEK1	1111	-63	NA
CHEK2	11200	-87	U2904 1% and  U2932 1%
CHERP	10523	-75	NA
CHFR	55743	-24	NA
CHGA	1113	-43	NA
CHGB	1114	12	NA
CHI3L1	1116	-17	NA
CHI3L2	1117	20	NA
CHIA	27159	-14	NA
CHIC1	53344	-18	NA
CHIC2	26511	65	NA
CHID1	66005	-65	NA
CHIT1	1118	-20	NA
CHKA	1119	-56	NA
CHKB	1120	7	NA
CHKB-CPT1B	386593	36	NA
CHL1	10752	10	NA
CHM	1121	-5	NA
CHML	1122	0	NA
CHMP1A	5119	-29	NA
CHMP1B	57132	38	NA
CHMP2A	27243	0	NA
CHMP2B	25978	-2	NA
CHMP3	51652	-23	NA
CHMP4A	29082	-40	NA
CHMP4B	128866	-27	NA
CHMP4C	92421	28	NA
CHMP5	51510	12	NA
CHMP6	79643	-121	NA
CHMP7	91782	-3	NA
CHN1	1123	-94	NA
CHN2	1124	-15	NA
CHODL	140578	-30	NA
CHORDC1	26973	-90	NA
CHP1	11261	-37	NA
CHP2	63928	-19	NA
CHPF	79586	29	NA
CHPF2	54480	-54	NA
CHPT1	56994	-56	NA
CHRAC1	54108	-11	NA
CHRD	8646	97	NA
CHRDL1	91851	-5	NA
CHRDL2	25884	35	NA
CHRFAM7A	89832	-28	NA
CHRM1	1128	-85	NA
CHRM2	1129	1	NA
CHRM3	1131	-14	NA
CHRM4	1132	159	NA
CHRM5	1133	19	NA
CHRNA1	1134	9	NA
CHRNA10	57053	-114	NA
CHRNA2	1135	13	NA
CHRNA3	1136	11	NA
CHRNA4	1137	41	NA
CHRNA5	1138	-181	NA
CHRNA6	8973	-13	NA
CHRNA7	1139	-9	NA
CHRNA9	55584	16	NA
CHRNB1	1140	36	NA
CHRNB2	1141	-36	NA
CHRNB3	1142	2	NA
CHRNB4	1143	15	NA
CHRND	1144	-17	NA
CHRNE	1145	94	NA
CHRNG	1146	23	NA
CHST1	8534	15	NA
CHST10	9486	-82	NA
CHST11	50515	-34	NA
CHST12	55501	-37	NA
CHST13	166012	-33	NA
CHST14	113189	-64	NA
CHST15	51363	93	NA
CHST2	9435	-16	NA
CHST3	9469	-58	NA
CHST4	10164	-39	NA
CHST5	23563	-11	NA
CHST6	4166	8	NA
CHST7	56548	-28	NA
CHST8	64377	-1	NA
CHST9	83539	9	NA
CHSY1	22856	94	NA
CHSY3	337876	-81	NA
CHTF18	63922	-97	NA
CHTF8	54921	-29	NA
CHTOP	26097	-22	NA
CHUK	1147	-130	NA
CHURC1	91612	-26	NA
CHURC1-FNTB	100529261	18	NA
CIAO1	9391	-91	NA
CIAO2A	84191	-67	NA
CIAO2B	51647	-6	NA
CIAO3	64428	-111	NA
CIAPIN1	57019	-157	NA
CIART	148523	235	NA
CIB1	10519	49	NA
CIB2	10518	-2	NA
CIB3	117286	-73	NA
CIB4	130106	22	NA
CIC	23152	92	NA
CIDEA	1149	14	NA
CIDEB	27141	-19	NA
CIDEC	63924	-63	NA
CIITA	4261	-44	NA
CILP	8483	42	NA
CILP2	148113	-2	NA
CINP	51550	-83	NA
CIP2A	57650	-125	NA
CIPC	85457	-29	NA
CIR1		47	NA
CIRBP	1153	-34	NA
CISD1	55847	-104	NA
CISD2	493856	19	NA
CISD3	284106	-163	NA
CISH	1154	14	NA
CIT	11113	-27	NA
CITED1	4435	-84	NA
CITED2	10370	185	NA
CITED4	163732	-42	NA
CIZ1	25792	-38	NA
CKAP2	26586	-43	NA
CKAP2L	150468	-46	NA
CKAP5	9793	-14	NA
CKB	1152	122	NA
CKLF	51192	-95	NA
CKLF-CMTM1	100529251	-29	NA
CKM	1158	1	NA
CKMT1A	548596	-84	NA
CKMT1B	1159	-94	NA
CKMT2	1160	19	NA
CKS1B	1163	-19	NA
CKS2	1164	-42	NA
CLASP1	23332	28	NA
CLASP2	23122	-74	NA
CLASRP	11129	1	NA
CLBA1	122616	-35	NA
CLC	1178	-2	NA
CLCA1	1179	10	NA
CLCA2	9635	-55	NA
CLCA4	22802	4	NA
CLCC1	23155	-66	NA
CLCF1	23529	10	NA
CLCN1	1180	-12	NA
CLCN2	1181	-64	NA
CLCN3	1182	-6	NA
CLCN4	1183	-36	NA
CLCN5	1184	-96	NA
CLCN6	1185	40	NA
CLCN7	1186	-63	NA
CLCNKA	1187	99	NA
CLCNKB	1188	35	NA
CLDN1	9076	-22	NA
CLDN10	9071	-32	NA
CLDN11	5010	-59	NA
CLDN12	9069	60	NA
CLDN14	23562	73	NA
CLDN15	24146	15	NA
CLDN16	10686	9	NA
CLDN17	26285	4	NA
CLDN18	51208	32	NA
CLDN19	149461	23	NA
CLDN2	9075	-59	NA
CLDN20	49861	-10	NA
CLDN22	53842	3	NA
CLDN23	137075	-126	NA
CLDN24	100132463	-9	NA
CLDN25	644672	-8	NA
CLDN3	1365	89	NA
CLDN34	100288814	-10	NA
CLDN4	1364	59	NA
CLDN5	7122	-19	NA
CLDN6	9074	76	NA
CLDN7	1366	89	NA
CLDN8	9073	-10	NA
CLDN9	9080	74	NA
CLDND1	56650	101	NA
CLDND2	125875	14	NA
CLEC10A	10462	-17	NA
CLEC11A	6320	22	NA
CLEC12A	160364	-2	NA
CLEC12B	387837	-31	NA
CLEC14A	161198	-15	NA
CLEC16A	23274	-28	NA
CLEC17A	388512	35	NA
CLEC18A	348174	6	NA
CLEC18B	497190	58	NA
CLEC18C	283971	-36	NA
CLEC19A	728276	11	NA
CLEC1A	51267	23	NA
CLEC1B	51266	-11	NA
CLEC20A	400797	-4	NA
CLEC2A	387836	10	NA
CLEC2B	9976	139	NA
CLEC2D	29121	83	NA
CLEC2L	154790	-13	NA
CLEC3A	10143	-37	NA
CLEC3B	7123	183	NA
CLEC4A	50856	20	NA
CLEC4C	170482	35	NA
CLEC4D	338339	-3	NA
CLEC4E	26253	40	NA
CLEC4F	165530	38	NA
CLEC4G	339390	55	NA
CLEC4M	10332	13	NA
CLEC5A	23601	17	NA
CLEC6A	93978	0	NA
CLEC7A	64581	99	NA
CLEC9A	283420	-17	NA
CLECL1	160365	-3	NA
CLGN	1047	-23	NA
CLHC1	130162	33	NA
CLIC1	1192	7	NA
CLIC2	1193	65	NA
CLIC3	9022	106	NA
CLIC4	25932	34	NA
CLIC5	53405	3	NA
CLIC6	54102	-26	NA
CLINT1	9685	-56	NA
CLIP1	6249	-38	NA
CLIP2	7461	83	NA
CLIP3	25999	177	NA
CLIP4	79745	4	NA
CLK1	1195	193	NA
CLK2	1196	40	NA
CLK3	1198	194	NA
CLK4	57396	96	NA
CLLU1OS		20	NA
CLMN	79789	107	NA
CLMP	79827	-81	NA
CLN3	1201	-93	NA
CLN5	1203	-21	NA
CLN6	54982	-123	NA
CLN8	2055	23	NA
CLNK	116449	46	NA
CLNS1A	1207	-36	NA
CLOCK	9575	-35	NA
CLP1	10978	-115	NA
CLPB	81570	-59	NA
CLPP	8192	-31	NA
CLPS	1208	-3	NA
CLPSL1	340204	-21	NA
CLPSL2	389383	-8	NA
CLPTM1	1209	-42	NA
CLPTM1L	81037	-93	NA
CLPX	10845	-12	NA
CLRN1	7401	-5	NA
CLRN2	645104	0	NA
CLRN3	119467	9	NA
CLSPN	63967	-164	NA
CLSTN1	22883	75	NA
CLSTN2	64084	6	NA
CLSTN3	9746	71	NA
CLTA	1211	-31	NA
CLTB	1212	-73	NA
CLTC	1213	-6	NA
CLTCL1	8218	39	NA
CLTRN	57393	65	NA
CLU	1191	12	NA
CLUAP1		-37	NA
CLUH	23277	-167	NA
CLUL1	27098	27	NA
CLVS1	157807	34	NA
CLVS2	134829	6	NA
CLYBL	171425	-56	NA
CMA1	1215	5	NA
CMAS	55907	5	NA
CMBL	134147	-17	NA
CMC1	152100	-25	NA
CMC2	56942	-53	NA
CMC4	100272147	-23	NA
CMIP	80790	89	NA
CMKLR1	1240	-45	NA
CMPK1	51727	-13	NA
CMPK2	129607	-156	NA
CMSS1	84319	-118	NA
CMTM1	113540	-25	NA
CMTM2	146225	-2	NA
CMTM3	123920	-12	NA
CMTM4	146223	-1	NA
CMTM5	116173	1	NA
CMTM6	54918	-75	NA
CMTM7	112616	6	NA
CMTM8	152189	-75	NA
CMTR1	23070	-63	NA
CMTR2	55783	-43	NA
CMYA5	202333	25	NA
CNBD1	168975	-25	NA
CNBD2	140894	13	NA
CNBP	7555	-38	NA
CNDP1	84735	15	NA
CNDP2	55748	-148	NA
CNEP1R1	255919	31	NA
CNFN	84518	66	NA
CNGA1	1259	6	NA
CNGA2	1260	-32	NA
CNGA3	1261	-17	NA
CNGA4	1262	62	NA
CNGB1	1258	3	NA
CNGB3	54714	-35	NA
CNIH1	10175	-25	NA
CNIH2	254263	-8	NA
CNIH3	149111	-12	NA
CNIH4	29097	5	NA
CNKSR1	10256	-86	NA
CNKSR2	22866	-2	NA
CNKSR3	154043	-14	NA
CNMD	11061	7	NA
CNN1	1264	37	NA
CNN2	1265	-9	NA
CNN3	1266	17	NA
CNNM1	26507	101	NA
CNNM2	54805	83	NA
CNNM3	26505	-11	NA
CNNM4	26504	27	NA
CNOT1	23019	6	NA
CNOT10	25904	-72	NA
CNOT11	55571	-67	NA
CNOT2	4848	21	NA
CNOT3	4849	-6	NA
CNOT4	4850	8	NA
CNOT6	57472	-27	NA
CNOT6L	246175	21	NA
CNOT7	29883	-12	NA
CNOT8	9337	134	NA
CNOT9	9125	-96	NA
CNP	1267	-119	NA
CNPPD1	27013	-10	NA
CNPY1	285888	14	NA
CNPY2	10330	-69	NA
CNPY3	10695	31	NA
CNPY4	245812	-37	NA
CNR1	1268	-25	NA
CNR2	1269	30	NA
CNRIP1	25927	40	NA
CNST	163882	-41	NA
CNTD1	124817	4	NA
CNTD2		32	NA
CNTF	1270	-149	NA
CNTFR	1271	91	NA
CNTLN	54875	-29	NA
CNTN1	1272	49	NA
CNTN2	6900	23	NA
CNTN3	5067	25	NA
CNTN4	152330	23	NA
CNTN5	53942	-33	NA
CNTN6	27255	4	NA
CNTNAP1	8506	80	NA
CNTNAP2	26047	-70	NA
CNTNAP3	79937	18	NA
CNTNAP3B	728577	-6	NA
CNTNAP3C	100289279	45	NA
CNTNAP4	85445	12	NA
CNTNAP5	129684	-15	NA
CNTRL	11064	-14	NA
CNTROB	116840	13	NA
COA1	55744	-73	NA
COA3	28958	-117	NA
COA4	51287	-102	NA
COA5	493753	-21	NA
COA6	388753	-97	NA
COA7	65260	-234	NA
COASY	80347	-84	NA
COBL	23242	-21	NA
COBLL1	22837	-58	NA
COCH	1690	-19	NA
COG2	22796	-147	NA
COG3	83548	-3	NA
COG4	25839	-6	NA
COG5	10466	11	NA
COG6	57511	34	NA
COG7	91949	-14	NA
COG8	84342	-89	NA
COIL	8161	-21	NA
COL10A1	1300	13	NA
COL11A1	1301	61	NA
COL11A2	1302	80	NA
COL12A1	1303	7	NA
COL13A1	1305	184	NA
COL14A1	7373	-34	NA
COL15A1	1306	39	NA
COL16A1	1307	-4	NA
COL17A1	1308	85	NA
COL18A1	80781	44	NA
COL19A1	1310	2	NA
COL1A1	1277	59	NA
COL1A2	1278	42	NA
COL20A1	57642	48	NA
COL21A1	81578	-7	NA
COL22A1	169044	17	NA
COL23A1	91522	39	NA
COL24A1	255631	-43	NA
COL25A1	84570	6	NA
COL26A1	136227	-25	NA
COL27A1	85301	127	NA
COL28A1	340267	47	NA
COL2A1	1280	-45	NA
COL3A1	1281	6	NA
COL4A1	1282	34	NA
COL4A2	1284	29	NA
COL4A3	1285	86	NA
COL4A3BP		32	NA
COL4A4	1286	96	NA
COL4A5	1287	30	NA
COL4A6	1288	1	NA
COL5A1	1289	140	NA
COL5A2	1290	32	NA
COL5A3	50509	94	NA
COL6A1	1291	124	NA
COL6A2	1292	138	NA
COL6A3	1293	71	NA
COL6A5	256076	1	NA
COL6A6	131873	0	NA
COL7A1	1294	174	NA
COL8A1	1295	18	NA
COL8A2	1296	51	NA
COL9A1	1297	-20	NA
COL9A2	1298	-66	NA
COL9A3	1299	35	NA
COLCA2		-24	NA
COLEC10	10584	-25	NA
COLEC11	78989	13	NA
COLEC12	81035	11	NA
COLGALT1	79709	-14	NA
COLGALT2	23127	-83	NA
COLQ	8292	-5	NA
COMMD1	150684	-38	NA
COMMD10	51397	-47	NA
COMMD2	51122	-97	NA
COMMD3	23412	-19	NA
COMMD3-BMI1	100532731	-48	NA
COMMD4	54939	-103	NA
COMMD5	28991	-131	NA
COMMD6	170622	29	NA
COMMD7	149951	-71	NA
COMMD8	54951	-93	NA
COMMD9	29099	-60	NA
COMP	1311	43	NA
COMT	1312	-43	NA
COMTD1	118881	-93	NA
COP1	64326	-41	NA
COPA	1314	39	NA
COPB1	1315	37	NA
COPB2	9276	-1	NA
COPE	11316	-3	NA
COPG1	22820	2	NA
COPG2	26958	-74	NA
COPRS	55352	-63	NA
COPS2	9318	-3	NA
COPS3	8533	-110	NA
COPS4	51138	-63	NA
COPS5	10987	-62	NA
COPS6	10980	-70	NA
COPS7A	50813	-61	NA
COPS7B	64708	-61	NA
COPS8	10920	-41	NA
COPS9	150678	-96	NA
COPZ1	22818	-16	NA
COPZ2	51226	23	NA
COQ10A	93058	-46	NA
COQ10B	80219	-33	NA
COQ2	27235	-82	NA
COQ3	51805	-205	NA
COQ4	51117	-88	NA
COQ5	84274	-11	NA
COQ6	51004	-30	NA
COQ7	10229	-20	NA
COQ8A	56997	37	NA
COQ8B	79934	14	NA
COQ9	57017	-47	NA
CORIN	10699	66	NA
CORO1A	11151	-85	NA
CORO1B	57175	-49	NA
CORO1C	23603	14	NA
CORO2A	7464	29	NA
CORO2B	10391	-29	NA
CORO6	84940	28	NA
CORO7	79585	-41	NA
CORO7-PAM16	100529144	31	NA
CORT	1325	29	NA
COTL1	23406	-25	NA
COX10	1352	-59	NA
COX11	1353	-87	NA
COX14	84987	-71	NA
COX15	1355	-29	NA
COX16	51241	-46	NA
COX17	10063	-46	NA
COX18	285521	-88	NA
COX19	90639	-18	NA
COX20	116228	104	NA
COX4I1	1327	2	NA
COX4I2	84701	45	NA
COX5A	9377	-46	NA
COX5B	1329	-6	NA
COX6A1	1337	-8	NA
COX6A2	1339	9	NA
COX6B1	1340	-27	NA
COX6B2	125965	64	NA
COX6C	1345	-13	NA
COX7A1	1346	18	NA
COX7A2	1347	-17	NA
COX7A2L	9167	10	NA
COX7B	1349	-46	NA
COX7B2	170712	-11	NA
COX7C	1350	-9	NA
COX8A	1351	-20	NA
COX8C	341947	40	NA
CP	1356	178	NA
CPA1	1357	-2	NA
CPA2	1358	3	NA
CPA3	1359	-16	NA
CPA4	51200	67	NA
CPA5	93979	-32	NA
CPA6	57094	-13	NA
CPAMD8	27151	64	NA
CPB1	1360	4	NA
CPB2	1361	-34	NA
CPD	1362	-2	NA
CPE	1363	42	NA
CPEB1	64506	11	NA
CPEB2	132864	39	NA
CPEB3	22849	22	NA
CPEB4	80315	27	NA
CPED1	79974	24	NA
CPHXL	105371346	-1	NA
CPLANE1	65250	-52	NA
CPLANE2	79363	-70	NA
CPLX1	10815	-53	NA
CPLX2	10814	-39	NA
CPLX3	594855	69	NA
CPLX4	339302	28	NA
CPM	1368	-46	NA
CPN1	1369	2	NA
CPN2	1370	10	NA
CPNE1	8904	0	NA
CPNE2	221184	30	NA
CPNE3	8895	-5	NA
CPNE4	131034	-37	NA
CPNE5	57699	91	NA
CPNE6	9362	5	NA
CPNE7	27132	4	NA
CPNE8	144402	-69	NA
CPNE9	151835	133	NA
CPO	130749	-13	NA
CPOX	1371	119	NA
CPPED1	55313	-53	NA
CPQ	10404	59	NA
CPS1	1373	-5	NA
CPSF1	29894	-39	NA
CPSF2	53981	-122	NA
CPSF3	51692	-113	NA
CPSF4	10898	-102	NA
CPSF4L	642843	42	NA
CPSF6	11052	-101	NA
CPSF7	79869	-58	NA
CPT1A	1374	-128	NA
CPT1B	1375	32	NA
CPT1C	126129	-12	NA
CPT2	1376	-94	NA
CPTP	80772	-68	NA
CPVL	54504	-5	NA
CPXCR1	53336	-22	NA
CPXM1	56265	-20	NA
CPXM2	119587	54	NA
CPZ	8532	32	NA
CR1	1378	27	NA
CR1L	1379	-9	NA
CR2	1380	4	NA
CRABP1	1381	-3	NA
CRABP2	1382	160	NA
CRACR2A	84766	-73	NA
CRACR2B	283229	31	NA
CRADD	8738	-2	NA
CRAMP1	57585	-11	NA
CRAT	1384	-28	NA
CRB1	23418	-21	NA
CRB2	286204	-20	NA
CRB3	92359	60	NA
CRBN	51185	13	NA
CRCP	27297	-82	NA
CRCT1	54544	16	NA
CREB1	1385	60	NA
CREB3	10488	-18	NA
CREB3L1	90993	7	NA
CREB3L2	64764	89	NA
CREB3L3	84699	-6	NA
CREB3L4	148327	-28	NA
CREB5	9586	43	NA
CREBBP	1387	24	NA
CREBL2	1389	0	NA
CREBRF	153222	213	NA
CREBZF	58487	48	NA
CREG1	8804	14	NA
CREG2	200407	191	NA
CRELD1	78987	105	NA
CRELD2	79174	-67	NA
CREM	1390	-25	NA
CRH	1392	-4	NA
CRHBP	1393	-20	NA
CRHR1	1394	35	NA
CRHR2	1395	16	NA
CRIM1	51232	36	NA
CRIP1	1396	67	NA
CRIP2	1397	94	NA
CRIP3	401262	-7	NA
CRIPT	9419	-1	NA
CRISP1	167	-20	NA
CRISP2	7180	3	NA
CRISP3	10321	-28	NA
CRISPLD1	83690	-52	NA
CRISPLD2	83716	41	NA
CRK	1398	-50	NA
CRKL	1399	131	NA
CRLF1	9244	109	NA
CRLF2	64109	30	NA
CRLF3	51379	-29	NA
CRLS1	54675	1	NA
CRMP1	1400	38	NA
CRNKL1	51340	-46	NA
CRNN	49860	2	NA
CROCC	9696	-15	NA
CROCC2	728763	18	NA
CROT	54677	-99	NA
CRP	1401	5	NA
CRTAC1	55118	17	NA
CRTAM	56253	4	NA
CRTAP	10491	-10	NA
CRTC1	23373	9	NA
CRTC2	200186	27	NA
CRTC3	64784	-18	NA
CRX	1406	48	NA
CRY1	1407	-26	NA
CRY2	1408	76	NA
CRYAA	1409	-2	NA
CRYAA2		37	NA
CRYAB	1410	42	NA
CRYBA1	1411	-12	NA
CRYBA2	1412	13	NA
CRYBA4	1413	-3	NA
CRYBB1	1414	9	NA
CRYBB2	1415	114	NA
CRYBB3	1417	34	NA
CRYBG1	202	-73	NA
CRYBG2	55057	94	NA
CRYBG3	131544	173	NA
CRYGA	1418	-2	NA
CRYGB	1419	-2	NA
CRYGC	1420	-18	NA
CRYGD	1421	14	NA
CRYGN	155051	-12	NA
CRYGS	1427	-34	NA
CRYL1	51084	3	NA
CRYM	1428	59	NA
CRYZ	1429	-26	NA
CRYZL1	9946	-19	NA
CS	1431	-85	NA
CSAD	51380	14	NA
CSAG1	158511	-18	NA
CSAG2	102723547	-2	NA
CSAG3	389903	-7	NA
CSDC2	27254	9	NA
CSDE1	7812	6	NA
CSE1L	1434	-124	NA
CSF1	1435	-102	NA
CSF1R	1436	77	NA
CSF2	1437	73	NA
CSF2RA	1438	-10	NA
CSF2RB	1439	-17	NA
CSF3	1440	-38	NA
CSF3R	1441	-2	NA
CSGALNACT1	55790	32	NA
CSGALNACT2	55454	31	NA
CSH1	1442	1	NA
CSH2	1443	8	NA
CSHL1	1444	-7	NA
CSK	1445	-91	NA
CSKMT	751071	-45	NA
CSMD1	64478	-16	NA
CSMD2	114784	51	NA
CSMD3	114788	1	NA
CSN1S1	1446	-18	NA
CSN2	1447	1	NA
CSN3	1448	1	NA
CSNK1A1	1452	0	NA
CSNK1A1L	122011	-2	NA
CSNK1D	1453	19	NA
CSNK1E	1454	50	NA
CSNK1G1	53944	15	NA
CSNK1G2	1455	-29	NA
CSNK1G3	1456	1	NA
CSNK2A1	1457	6	NA
CSNK2A2	1459	8	NA
CSNK2A3	283106	64	NA
CSNK2B	1460	-14	NA
CSNKA2IP		0	NA
CSPG4	1464	46	NA
CSPG5	10675	127	NA
CSPP1	79848	-56	NA
CSRNP1	64651	224	NA
CSRNP2	81566	-4	NA
CSRNP3	80034	-40	NA
CSRP1	1465	-43	NA
CSRP2	1466	216	NA
CSRP3	8048	-8	NA
CST1	1469	18	NA
CST11	140880	-3	NA
CST2	1470	2	NA
CST3	1471	-17	NA
CST4	1472	-16	NA
CST5	1473	-11	NA
CST6	1474	69	NA
CST7	8530	-13	NA
CST8	10047	43	NA
CST9	128822	11	NA
CST9L	128821	-6	NA
CSTA	1475	-6	NA
CSTB	1476	-10	NA
CSTF1	1477	-23	NA
CSTF2	1478	-146	NA
CSTF2T	23283	-115	NA
CSTF3	1479	-71	NA
CSTL1	128817	-16	NA
CT45A1	541466	-27	NA
CT45A10	102723631	-7	NA
CT45A2	728911	-22	NA
CT45A3	441519	-22	NA
CT45A5	441521	-27	NA
CT45A6	541465	-27	NA
CT45A7	101060211	-20	NA
CT45A8	102723737	14	NA
CT45A9	102723680	-2	NA
CT47A1	728096	6	NA
CT47A10	728036	-4	NA
CT47A11	255313	3	NA
CT47A12	100507170	-19	NA
CT47A6	728062	1	NA
CT47A7	653282	6	NA
CT47B1	643311	-9	NA
CT55	54967	6	NA
CT62	196993	-19	NA
CT83	203413	-18	NA
CTAG1A	246100	14	NA
CTAG1B	1485	-10	NA
CTAG2	30848	-16	NA
CTAGE1	64693	11	NA
CTAGE15	441294	88	NA
CTAGE4	100128553	49	NA
CTAGE6	340307	76	NA
CTAGE8	100142659	-31	NA
CTAGE9	643854	-28	NA
CTBP1	1487	-32	NA
CTBP2	1488	22	NA
CTBS	1486	2	NA
CTC1	80169	-77	NA
CTCF	10664	-40	NA
CTCFL	140690	20	NA
CTDNEP1	23399	9	NA
CTDP1	9150	22	NA
CTDSP1	58190	74	NA
CTDSP2	10106	43	NA
CTDSPL	10217	-55	NA
CTDSPL2	51496	37	NA
CTF1	1489	106	NA
CTH	1491	-42	NA
CTHRC1	115908	54	NA
CTIF	9811	52	NA
CTLA4	1493	3	NA
CTNNA1	1495	50	NA
CTNNA2	1496	40	NA
CTNNA3	29119	63	NA
CTNNAL1	8727	25	NA
CTNNB1	1499	-19	NA
CTNNBIP1	56998	-17	NA
CTNNBL1	56259	-31	NA
CTNND1	1500	3	NA
CTNND2	1501	0	NA
CTNS	1497	-123	NA
CTPS1	1503	-215	NA
CTPS2	56474	-62	NA
CTR9	9646	-35	NA
CTRB1	1504	56	NA
CTRB2	440387	-4	NA
CTRC	11330	41	NA
CTRL	1506	-100	NA
CTSA	5476	-13	NA
CTSB	1508	41	NA
CTSC	1075	-115	NA
CTSD	1509	27	NA
CTSE	1510	-50	NA
CTSF	8722	39	NA
CTSG	1511	0	NA
CTSH	1512	-47	NA
CTSK	1513	80	NA
CTSL	1514	-32	NA
CTSO	1519	-49	NA
CTSS	1520	44	NA
CTSV	1515	38	NA
CTSW	1521	70	NA
CTSZ	1522	-29	NA
CTTN	2017	-45	NA
CTTNBP2	83992	2	NA
CTTNBP2NL	55917	33	NA
CTU1	90353	-26	NA
CTU2	348180	-224	NA
CTXN1	404217	8	NA
CTXN2	399697	19	NA
CTXN3	613212	-4	NA
CTXND1	100996492	-19	NA
CTXND2	100996521	-11	NA
CUBN	8029	78	NA
CUEDC1	404093	-67	NA
CUEDC2	79004	-43	NA
CUL1	8454	-55	NA
CUL2	8453	-73	NA
CUL3	8452	-59	NA
CUL4A	8451	-18	NA
CUL4B	8450	34	NA
CUL5	8065	-58	NA
CUL7	9820	101	NA
CUL9	23113	-1	NA
CUTA	51596	-18	NA
CUTC	51076	-58	NA
CUX1	1523	31	NA
CUX2	23316	0	NA
CUZD1	50624	-32	NA
CWC15	51503	-33	NA
CWC22	57703	-40	NA
CWC25	54883	-4	NA
CWC27	10283	-8	NA
CWF19L1	55280	-94	NA
CWF19L2	143884	-9	NA
CWH43	80157	16	NA
CX3CL1	6376	-9	NA
CX3CR1	1524	5	NA
CXADR	1525	68	NA
CXCL1	2919	-36	NA
CXCL10	3627	-71	NA
CXCL11	6373	-56	NA
CXCL12	6387	-25	NA
CXCL13	10563	44	NA
CXCL14	9547	11	NA
CXCL16	58191	49	NA
CXCL17	284340	-39	NA
CXCL2	2920	-47	NA
CXCL3	2921	-6	NA
CXCL5	6374	-25	NA
CXCL6	6372	-3	NA
CXCL8	3576	45	NA
CXCL9	4283	-7	NA
CXCR1	3577	11	NA
CXCR2	3579	28	NA
CXCR3	2833	8	NA
CXCR4	7852	293	NA
CXCR5	643	0	NA
CXCR6	10663	15	NA
CXorf21		8	NA
CXorf38	159013	-8	NA
CXorf40A		68	NA
CXorf40B		-32	NA
CXorf49	100130361	-23	NA
CXorf51A	100129239	-4	NA
CXorf51B	100133053	2	NA
CXorf56		-78	NA
CXorf58	254158	-6	NA
CXorf65	158830	-2	NA
CXorf66	347487	8	NA
CXorf67		-24	NA
CXXC1	30827	-29	NA
CXXC4	80319	-62	NA
CXXC5	51523	29	NA
CYB561	1534	-101	NA
CYB561A3	220002	-98	NA
CYB561D1	284613	-25	NA
CYB561D2	11068	-103	NA
CYB5A	1528	-30	NA
CYB5B	80777	-85	NA
CYB5D1	124637	-5	NA
CYB5D2	124936	6	NA
CYB5R1	51706	-74	NA
CYB5R2	51700	30	NA
CYB5R3	1727	12	NA
CYB5R4	51167	-14	NA
CYB5RL	606495	-126	NA
CYBA	1535	15	NA
CYBB	1536	-48	NA
CYBC1	79415	-5	NA
CYBRD1	79901	28	NA
CYC1	1537	-103	NA
CYCS	54205	-139	NA
CYFIP1	23191	-5	NA
CYFIP2	26999	52	NA
CYGB	114757	10	NA
CYHR1		-4	NA
CYLC1	1538	4	NA
CYLC2	1539	30	NA
CYLD	1540	-17	NA
CYP11A1	1583	105	NA
CYP11B1	1584	2	NA
CYP11B2	1585	2	NA
CYP17A1	1586	-34	NA
CYP19A1	1588	-34	NA
CYP1A1	1543	-32	NA
CYP1A2	1544	51	NA
CYP1B1	1545	-56	NA
CYP20A1	57404	-89	NA
CYP21A2	1589	41	NA
CYP24A1	1591	-57	NA
CYP26A1	1592	142	NA
CYP26B1	56603	10	NA
CYP26C1	340665	35	NA
CYP27A1	1593	16	NA
CYP27B1	1594	-47	NA
CYP27C1	339761	51	NA
CYP2A13	1553	13	NA
CYP2A6	1548	-22	NA
CYP2A7	1549	8	NA
CYP2B6	1555	-9	NA
CYP2C18	1562	-3	NA
CYP2C19	1557	36	NA
CYP2C8	1558	-27	NA
CYP2C9	1559	22	NA
CYP2D6	1565	16	NA
CYP2D7	1564	30	NA
CYP2E1	1571	45	NA
CYP2F1	1572	-28	NA
CYP2J2	1573	-58	NA
CYP2R1	120227	-19	NA
CYP2S1	29785	-69	NA
CYP2U1	113612	-29	NA
CYP2W1	54905	53	NA
CYP39A1	51302	1	NA
CYP3A4	1576	-4	NA
CYP3A43	64816	31	NA
CYP3A5	1577	-3	NA
CYP3A7	1551	18	NA
CYP3A7-CYP3A51P	100861540	-20	NA
CYP46A1	10858	39	NA
CYP4A11	1579	35	NA
CYP4A22	284541	28	NA
CYP4B1	1580	-57	NA
CYP4F11	57834	-55	NA
CYP4F12	66002	51	NA
CYP4F2	8529	43	NA
CYP4F22	126410	44	NA
CYP4F3	4051	51	NA
CYP4F8	11283	0	NA
CYP4V2	285440	-45	NA
CYP4X1	260293	-62	NA
CYP4Z1	199974	-52	NA
CYP51A1	1595	-5	NA
CYP7A1	1581	-24	NA
CYP7B1	9420	3	NA
CYP8B1	1582	19	NA
CYREN	78996	-145	NA
CYS1	192668	17	NA
CYSLTR1	10800	-34	NA
CYSLTR2	57105	18	NA
CYSRT1	375791	-69	NA
CYSTM1	84418	-49	NA
CYTH1	9267	11	NA
CYTH2	9266	56	NA
CYTH3	9265	20	NA
CYTH4	27128	54	NA
CYTIP	9595	42	NA
CYTL1	54360	-15	NA
CYYR1	116159	-20	NA
CZIB	54987	-41	NA
D2HGDH	728294	-10	NA
DAAM1	23002	49	NA
DAAM2	23500	-23	NA
DAB1	1600	-4	NA
DAB2	1601	-27	NA
DAB2IP	153090	10	NA
DACH1	1602	-53	NA
DACH2	117154	-3	NA
DACT1	51339	44	NA
DACT2	168002	11	NA
DACT3	147906	47	NA
DAD1	1603	-2	NA
DAG1	1605	-40	NA
DAGLA	747	-184	NA
DAGLB	221955	0	NA
DALRD3	55152	18	NA
DAND5	199699	66	NA
DAO	1610	0	NA
DAOA	267012	-5	NA
DAP	1611	-32	NA
DAP3	7818	-73	NA
DAPK1	1612	17	NA
DAPK2	23604	78	NA
DAPK3	1613	38	NA
DAPL1	92196	-83	NA
DAPP1	27071	42	NA
DARS		175	NA
DARS2	55157	-113	U2904 1% and  U2932 1%
DAW1	164781	17	NA
DAXX	1616	-25	NA
DAZ1	1617	-4	NA
DAZ2	57055	-3	NA
DAZ3	57054	2	NA
DAZ4	57135	-2	NA
DAZAP1	26528	-53	NA
DAZAP2	9802	-5	NA
DAZL	1618	3	NA
DBF4	10926	-139	NA
DBF4B	80174	-91	NA
DBH	1621	50	NA
DBI	1622	-36	NA
DBN1	1627	-56	NA
DBNDD1	79007	0	NA
DBNDD2	55861	-15	NA
DBNL	28988	-46	NA
DBP	1628	122	NA
DBR1	51163	-121	NA
DBT	1629	-37	NA
DBX1	120237	-14	NA
DBX2	440097	-1	NA
DCAF1	9730	-38	NA
DCAF10	79269	18	NA
DCAF11	80344	-35	NA
DCAF12	25853	-39	NA
DCAF12L1	139170	-13	NA
DCAF12L2	340578	14	NA
DCAF13	25879	-152	NA
DCAF15	90379	-23	NA
DCAF16	54876	-22	NA
DCAF17	80067	-83	NA
DCAF4	26094	-108	NA
DCAF4L1	285429	-22	NA
DCAF4L2	138009	-33	NA
DCAF5	8816	54	NA
DCAF6	55827	4	NA
DCAF7	10238	-22	NA
DCAF8	50717	-64	NA
DCAF8L1	139425	-15	NA
DCAF8L2	347442	-8	NA
DCAKD	79877	-55	NA
DCANP1	140947	-5	NA
DCBLD1	285761	9	NA
DCBLD2	131566	-39	NA
DCC	1630	-7	NA
DCD	117159	16	NA
DCDC1	341019	31	NA
DCDC2	51473	-48	NA
DCDC2B	149069	6	NA
DCDC2C	728597	7	NA
DCHS1	8642	29	NA
DCHS2	54798	36	NA
DCK	1633	-45	NA
DCLK1	9201	30	NA
DCLK2	166614	24	NA
DCLK3	85443	21	NA
DCLRE1A	9937	-108	NA
DCLRE1B	64858	-108	NA
DCLRE1C	64421	-76	NA
DCN	1634	34	NA
DCP1A	55802	37	NA
DCP1B	196513	-18	NA
DCP2	167227	58	NA
DCPS	28960	-88	NA
DCST1	149095	41	NA
DCST2	127579	65	NA
DCSTAMP	81501	4	NA
DCT	1638	5	NA
DCTD	1635	-70	NA
DCTN1	1639	-21	NA
DCTN2	10540	-4	NA
DCTN3	11258	-11	NA
DCTN4	51164	-23	NA
DCTN5	84516	-81	NA
DCTN6	10671	-20	NA
DCTPP1	79077	-205	NA
DCUN1D1	54165	-61	NA
DCUN1D2	55208	-20	NA
DCUN1D3	123879	33	NA
DCUN1D4	23142	19	NA
DCUN1D5	84259	-127	NA
DCX	1641	8	NA
DCXR	51181	-105	NA
DDA1	79016	-47	NA
DDAH1	23576	-25	NA
DDAH2	23564	47	NA
DDB1	1642	-27	NA
DDB2	1643	79	NA
DDC	1644	-91	NA
DDHD1	80821	-24	NA
DDHD2	23259	57	NA
DDI1	414301	-5	NA
DDI2	84301	-60	NA
DDIAS	220042	-129	NA
DDIT3	1649	181	NA
DDIT4	54541	380	NA
DDIT4L	115265	75	NA
DDN	23109	0	NA
DDO	8528	-85	NA
DDOST	1650	-6	NA
DDR1	780	104	NA
DDR2	4921	16	NA
DDRGK1	65992	-38	NA
DDT	1652	79	NA
DDTL	100037417	66	NA
DDX1	1653	-80	NA
DDX10	1662	-152	NA
DDX11	1663	-72	NA
DDX17	10521	20	NA
DDX18	8886	-52	NA
DDX19A	55308	-137	NA
DDX19B	11269	-60	NA
DDX20	11218	-161	NA
DDX21	9188	-180	NA
DDX23	9416	-55	NA
DDX24	57062	-42	NA
DDX25	29118	12	NA
DDX27	55661	-79	NA
DDX28	55794	-227	NA
DDX31	64794	-151	NA
DDX39A	10212	-130	NA
DDX39B	7919	-59	NA
DDX3X	1654	-66	NA
DDX3Y	8653	78	NA
DDX4	54514	-20	NA
DDX41	51428	79	NA
DDX42	11325	-61	NA
DDX43	55510	-6	NA
DDX46	9879	-62	NA
DDX47	51202	-48	NA
DDX49	54555	-93	NA
DDX5	1655	-128	NA
DDX50	79009	68	NA
DDX51	317781	-135	NA
DDX52	11056	-136	NA
DDX53	168400	8	NA
DDX54	79039	-73	NA
DDX55	57696	-73	NA
DDX56	54606	-150	NA
DDX58		-71	NA
DDX59	83479	37	NA
DDX6	1656	-33	NA
DDX60	55601	-92	NA
DDX60L	91351	-72	NA
DEAF1	10522	-45	NA
DEC1		0	NA
DECR1	1666	-73	NA
DECR2	26063	-94	NA
DEDD	9191	-31	NA
DEDD2	162989	68	NA
DEF6	50619	-11	NA
DEF8	54849	-68	NA
DEFA1	1667	7	NA
DEFA1B	728358	0	NA
DEFA3	1668	-1	NA
DEFA4	1669	6	NA
DEFA5	1670	-3	NA
DEFA6	1671	0	NA
DEFB1	1672	-27	NA
DEFB103B	55894	16	NA
DEFB104B	503618	1	NA
DEFB105A	245908	8	NA
DEFB105B	504180	0	NA
DEFB106A	245909	2	NA
DEFB106B	503841	-1	NA
DEFB107B	503614	-1	NA
DEFB108B	245911	2	NA
DEFB110	245913	-1	NA
DEFB112	245915	0	NA
DEFB113	245927	-1	NA
DEFB114	245928	-3	NA
DEFB115	245929	3	NA
DEFB116	245930	-4	NA
DEFB118	117285	2	NA
DEFB119	245932	4	NA
DEFB121	245934	0	NA
DEFB123	245936	-2	NA
DEFB124	245937	-3	NA
DEFB125	245938	14	NA
DEFB126	81623	3	NA
DEFB127	140850	0	NA
DEFB128	245939	0	NA
DEFB129	140881	-1	NA
DEFB130B	100133267	-7	NA
DEFB131A	644414	9	NA
DEFB131B	100129216	-5	NA
DEFB132	400830	14	NA
DEFB133	403339	1	NA
DEFB134	613211	-1	NA
DEFB135	613209	6	NA
DEFB136	613210	3	NA
DEFB4A	1673	3	NA
DEFB4B	100289462	1	NA
DEGS1	8560	-11	NA
DEGS2	123099	139	NA
DEK	7913	-59	NA
DELE1	9812	-32	NA
DENND1A	57706	51	NA
DENND1B	163486	-63	NA
DENND1C	79958	88	NA
DENND2A	27147	117	NA
DENND2C	163259	0	NA
DENND2D	79961	-45	NA
DENND3	22898	106	NA
DENND4A	10260	-1	NA
DENND4B	9909	37	NA
DENND4C	55667	83	NA
DENND5A	23258	99	NA
DENND5B	160518	-13	NA
DENND6A	201627	-93	NA
DENND6B	414918	91	NA
DENR	8562	-53	NA
DEPDC1	55635	-59	NA
DEPDC1B	55789	-95	NA
DEPDC4	120863	-9	NA
DEPDC5	9681	-30	NA
DEPDC7	91614	-42	NA
DEPP1	11067	160	NA
DEPTOR	64798	18	NA
DERA	51071	-36	NA
DERL1	79139	19	NA
DERL2	51009	-27	NA
DERL3	91319	65	NA
DERPC	113455421	-67	NA
DES	1674	13	NA
DESI1	27351	-87	NA
DESI2	51029	32	NA
DET1	55070	13	NA
DEUP1	159989	-9	NA
DEXI	28955	-45	NA
DFFA	1676	-125	NA
DFFB	1677	-106	NA
DGAT1	8694	-36	NA
DGAT2	84649	-104	NA
DGAT2L6	347516	3	NA
DGCR2	9993	-24	NA
DGCR6	8214	-10	NA
DGCR6L	85359	-84	NA
DGCR8	54487	-53	NA
DGKA	1606	11	NA
DGKB	1607	25	NA
DGKD	8527	72	NA
DGKE	8526	-46	NA
DGKG	1608	-26	NA
DGKH	160851	33	NA
DGKI	9162	7	NA
DGKK	139189	1	NA
DGKQ	1609	-38	NA
DGKZ	8525	-83	NA
DGLUCY	80017	-38	NA
DGUOK	1716	-12	NA
DHCR24	1718	-103	NA
DHCR7	1717	-30	NA
DHDDS	79947	-121	NA
DHDH	27294	103	NA
DHFR	1719	-85	NA
DHFR2	200895	-67	NA
DHH	50846	11	NA
DHODH	1723	-116	NA
DHPS	1725	2	NA
DHRS1	115817	-80	NA
DHRS11	79154	-172	NA
DHRS12	79758	-15	NA
DHRS13	147015	87	NA
DHRS2	10202	38	NA
DHRS3	9249	149	NA
DHRS4	10901	-43	NA
DHRS4L2	317749	-79	NA
DHRS7	51635	-28	NA
DHRS7B	25979	-85	NA
DHRS7C	201140	-20	NA
DHRS9	10170	-31	NA
DHRSX	207063	-46	NA
DHTKD1	55526	-47	NA
DHX15	1665	-76	NA
DHX16	8449	-49	NA
DHX29	54505	-161	NA
DHX30	22907	-136	NA
DHX32	55760	84	NA
DHX33	56919	-158	NA
DHX34	9704	-71	NA
DHX35	60625	-142	NA
DHX36	170506	-95	NA
DHX37	57647	-150	NA
DHX38	9785	-10	NA
DHX40	79665	146	NA
DHX57	90957	-110	NA
DHX58	79132	-73	NA
DHX8	1659	-72	NA
DHX9	1660	-114	NA
DIABLO	56616	-33	NA
DIAPH1	1729	-31	NA
DIAPH2	1730	25	NA
DIAPH3	81624	-34	NA
DICER1	23405	-40	NA
DIDO1	11083	-19	NA
DIMT1	27292	-186	NA
DIO1	1733	-24	NA
DIO2	1734	-82	NA
DIO3	1735	28	NA
DIP2A	23181	2	NA
DIP2B	57609	-14	NA
DIP2C	22982	56	NA
DIPK1A	388650	28	NA
DIPK1B	138311	34	NA
DIPK1C	125704	13	NA
DIPK2A	205428	176	NA
DIPK2B	79742	-13	NA
DIRAS1	148252	63	NA
DIRAS2	54769	67	NA
DIRAS3	9077	-73	NA
DIRC1	116093	-12	NA
DIS3	22894	-44	NA
DIS3L	115752	-138	NA
DIS3L2	129563	-86	NA
DISC1	27185	33	NA
DISP1	84976	-83	NA
DISP2	85455	30	NA
DISP3	57540	68	NA
DIXDC1	85458	12	NA
DKC1	1736	-167	NA
DKK1	22943	-107	NA
DKK2	27123	-56	NA
DKK3	27122	30	NA
DKK4	27121	-15	NA
DKKL1	27120	57	NA
DLAT	1737	-130	NA
DLC1	10395	-5	NA
DLD	1738	-94	NA
DLEC1	9940	49	NA
DLEU7	220107	9	NA
DLG1	1739	-28	NA
DLG2	1740	5	NA
DLG3	1741	-27	NA
DLG4	1742	167	NA
DLG5	9231	-22	NA
DLGAP1	9229	-20	NA
DLGAP2	9228	20	NA
DLGAP3	58512	-20	NA
DLGAP4	22839	91	NA
DLGAP5	9787	-81	NA
DLK1	8788	8	NA
DLK2	65989	122	NA
DLL1	28514	17	NA
DLL4	54567	83	NA
DLST	1743	-52	NA
DLX1	1745	-148	NA
DLX2	1746	-33	NA
DLX4	1748	114	NA
DLX5	1749	-19	NA
DLX6	1750	-6	NA
DMAC1	90871	-97	NA
DMAC2	55101	-45	NA
DMAC2L	27109	-100	NA
DMAP1	55929	-78	NA
DMBT1	1755	68	NA
DMBX1	127343	77	NA
DMC1	11144	-41	NA
DMD	1756	-16	NA
DMGDH	29958	33	NA
DMKN	93099	12	NA
DMP1	1758	-9	NA
DMPK	1760	77	NA
DMRT1	1761	46	NA
DMRT2	10655	-42	NA
DMRT3	58524	-2	NA
DMRTA1	63951	32	NA
DMRTA2	63950	-27	NA
DMRTB1	63948	-15	NA
DMRTC1	63947	14	NA
DMRTC1B	728656	5	NA
DMRTC2	63946	4	NA
DMTF1	9988	99	NA
DMTN	2039	91	NA
DMWD	1762	-3	NA
DMXL1	1657	33	NA
DMXL2	23312	16	NA
DNA2	1763	-109	NA
DNAAF1	123872	11	NA
DNAAF2	55172	-155	NA
DNAAF3	352909	0	NA
DNAAF4	161582	-69	NA
DNAAF5	54919	-64	NA
DNAH1	25981	20	NA
DNAH10	196385	-6	NA
DNAH11	8701	151	NA
DNAH12	201625	7	NA
DNAH14	127602	-61	NA
DNAH17	8632	23	NA
DNAH2	146754	31	NA
DNAH3	55567	-29	NA
DNAH5	1767	55	NA
DNAH6	1768	4	NA
DNAH7	56171	8	NA
DNAH8	1769	48	NA
DNAH9	1770	2	NA
DNAI1	27019	10	NA
DNAI2	64446	13	NA
DNAJA1	3301	-111	NA
DNAJA2	10294	-80	NA
DNAJA3	9093	-126	NA
DNAJA4	55466	-61	NA
DNAJB1	3337	-51	NA
DNAJB11	51726	-61	NA
DNAJB12	54788	-90	NA
DNAJB13	374407	91	NA
DNAJB14	79982	-15	NA
DNAJB2	3300	203	NA
DNAJB4	11080	22	NA
DNAJB5	25822	-21	NA
DNAJB6	10049	-6	NA
DNAJB7	150353	-4	NA
DNAJB8	165721	1	NA
DNAJB9	4189	101	NA
DNAJC1	64215	10	NA
DNAJC10	54431	-67	NA
DNAJC11	55735	-121	NA
DNAJC12	56521	-57	NA
DNAJC13	23317	-19	NA
DNAJC14	85406	-49	NA
DNAJC15	29103	-102	NA
DNAJC16	23341	-29	NA
DNAJC17	55192	-96	NA
DNAJC18	202052	78	NA
DNAJC19	131118	-75	NA
DNAJC2	27000	-107	NA
DNAJC21	134218	-38	NA
DNAJC22	79962	-20	NA
DNAJC24	120526	-74	NA
DNAJC25	548645	39	NA
DNAJC25-GNG10	552891	-8	NA
DNAJC27	51277	40	NA
DNAJC28	54943	-11	NA
DNAJC3	5611	35	NA
DNAJC30	84277	-130	NA
DNAJC4	3338	62	NA
DNAJC5	80331	-13	NA
DNAJC5B	85479	-35	NA
DNAJC5G	285126	20	NA
DNAJC6	9829	-43	NA
DNAJC7	7266	-54	NA
DNAJC8	22826	-83	NA
DNAJC9	23234	-124	NA
DNAL1	83544	-40	NA
DNAL4	10126	62	NA
DNALI1	7802	-6	NA
DNASE1	1773	120	NA
DNASE1L1	1774	41	NA
DNASE1L2	1775	-19	NA
DNASE1L3	1776	89	NA
DNASE2	1777	14	NA
DNASE2B	58511	29	NA
DND1	373863	-70	NA
DNER	92737	58	NA
DNHD1	144132	82	NA
DNLZ	728489	-92	NA
DNM1	1759	33	NA
DNM1L	10059	-77	NA
DNM2	1785	63	NA
DNM3	26052	-51	NA
DNMBP	23268	18	NA
DNMT1	1786	-104	NA
DNMT3A	1788	-6	NA
DNMT3B	1789	-135	NA
DNMT3L	29947	23	NA
DNPEP	23549	-20	NA
DNPH1	10591	-91	NA
DNTT	1791	3	NA
DNTTIP1	116092	43	NA
DNTTIP2	30836	-122	NA
DOC2A	8448	59	NA
DOC2B	8447	35	NA
DOCK1	1793	-16	NA
DOCK10	55619	-86	NA
DOCK11	139818	-6	NA
DOCK2	1794	60	NA
DOCK3	1795	-11	NA
DOCK4	9732	-41	NA
DOCK5	80005	15	NA
DOCK6	57572	69	NA
DOCK7	85440	55	NA
DOCK8	81704	-16	NA
DOCK9	23348	14	NA
DOHH	83475	-113	NA
DOK1	1796	-97	NA
DOK2	9046	24	NA
DOK3	79930	180	NA
DOK4	55715	15	NA
DOK5	55816	59	NA
DOK6	220164	26	NA
DOK7	285489	-63	NA
DOLK	22845	-206	NA
DOLPP1	57171	-131	NA
DONSON	29980	-50	NA
DOP1A	23033	-16	NA
DOP1B	9980	-23	NA
DOT1L	84444	48	NA
DPAGT1	1798	-85	NA
DPCD	25911	208	NA
DPEP1	1800	43	NA
DPEP2	64174	3	NA
DPEP2NB	100131303	20	NA
DPEP3	64180	-1	NA
DPF1	8193	-96	NA
DPF2	5977	-2	NA
DPF3	8110	-73	NA
DPH1	1801	-43	NA
DPH2	1802	-181	NA
DPH3	285381	-106	NA
DPH5	51611	-83	NA
DPH6	89978	-107	NA
DPH7	92715	-110	NA
DPM1	8813	-66	NA
DPM2	8818	-75	NA
DPM3	54344	-34	NA
DPP10	57628	-13	NA
DPP3	10072	-59	NA
DPP4	1803	48	NA
DPP6	1804	33	NA
DPP7	29952	11	NA
DPP8	54878	-19	NA
DPP9	91039	-19	NA
DPPA2	151871	8	NA
DPPA3	359787	8	NA
DPPA4	55211	8	NA
DPPA5	340168	4	NA
DPRX	503834	-12	NA
DPT	1805	52	NA
DPY19L1	23333	4	NA
DPY19L2	283417	45	NA
DPY19L3	147991	-90	NA
DPY19L4	286148	-25	NA
DPY30	84661	-30	NA
DPYD	1806	-12	NA
DPYS	1807	4	NA
DPYSL2	1808	147	NA
DPYSL3	1809	32	NA
DPYSL4	10570	213	NA
DPYSL5	56896	-9	NA
DQX1	165545	69	NA
DR1	1810	-21	NA
DRAM1	55332	-16	NA
DRAM2	128338	40	NA
DRAP1	10589	-25	NA
DRAXIN	374946	56	NA
DRC1	92749	4	NA
DRC3	83450	34	NA
DRC7	84229	16	NA
DRD1	1812	-40	NA
DRD2	1813	2	NA
DRD3	1814	-7	NA
DRD4	1815	116	NA
DRD5	1816	38	NA
DRG1	4733	-55	NA
DRG2	1819	-93	NA
DRGX	644168	12	NA
DRICH1	51233	18	NA
DROSHA	29102	-70	NA
DRP2	1821	-2	NA
DSC1	1823	49	NA
DSC2	1824	89	NA
DSC3	1825	32	NA
DSCAM	1826	38	NA
DSCAML1	57453	15	NA
DSCC1	79075	-188	NA
DSE	29940	1	NA
DSEL	92126	-16	NA
DSG1	1828	-20	NA
DSG2	1829	60	NA
DSG3	1830	4	NA
DSG4	147409	-5	NA
DSN1	79980	-81	NA
DSP	1832	195	NA
DSPP	1834	5	NA
DST	667	65	NA
DSTN	11034	-22	NA
DSTYK	25778	-8	NA
DTD1	92675	-31	NA
DTD2	112487	-177	NA
DTHD1	401124	-5	NA
DTL	51514	-110	NA
DTNA	1837	119	NA
DTNB	1838	-19	NA
DTNBP1	84062	-101	NA
DTWD1	56986	-43	NA
DTWD2	285605	-43	NA
DTX1	1840	6	NA
DTX2	113878	-37	NA
DTX3	196403	48	NA
DTX3L	151636	-93	NA
DTX4	23220	28	NA
DTYMK	1841	-125	NA
DUOX1	53905	-9	NA
DUOX2	50506	140	NA
DUOXA1	90527	58	NA
DUOXA2	405753	75	NA
DUPD1		-1	NA
DUS1L	64118	-165	NA
DUS2	54920	-113	NA
DUS3L	56931	-97	NA
DUS4L	11062	-49	NA
DUSP1	1843	266	NA
DUSP10	11221	86	NA
DUSP11	8446	-35	NA
DUSP12	11266	-71	NA
DUSP13		10	NA
DUSP14	11072	-49	NA
DUSP15	128853	25	NA
DUSP16	80824	18	NA
DUSP18	150290	20	NA
DUSP19	142679	30	NA
DUSP2	1844	-133	NA
DUSP21	63904	-4	NA
DUSP22	56940	5	NA
DUSP23	54935	-54	NA
DUSP26	78986	11	NA
DUSP27		-36	NA
DUSP28	285193	-36	NA
DUSP3	1845	87	NA
DUSP4	1846	34	NA
DUSP5	1847	137	NA
DUSP6	1848	47	NA
DUSP7	1849	-16	NA
DUSP8	1850	44	NA
DUSP9	1852	100	NA
DUT	1854	-74	NA
DUX4	100288687	-1	NA
DUXA	503835	-36	NA
DUXB	100033411	-6	NA
DVL1	1855	10	NA
DVL2	1856	4	NA
DVL3	1857	-24	NA
DXO	1797	-12	NA
DYDC1	143241	8	NA
DYDC2	84332	-7	NA
DYM	54808	24	NA
DYNAP	284254	17	NA
DYNC1H1	1778	59	NA
DYNC1I1	1780	-76	NA
DYNC1I2	1781	-5	NA
DYNC1LI1	51143	-75	NA
DYNC1LI2	1783	-3	NA
DYNC2H1	79659	7	NA
DYNC2LI1	51626	-24	NA
DYNLL1	8655	-6	NA
DYNLL2	140735	-67	NA
DYNLRB1	83658	10	NA
DYNLRB2	83657	-2	NA
DYNLT1	6993	-12	NA
DYNLT3	6990	34	NA
DYRK1A	1859	24	NA
DYRK1B	9149	129	NA
DYRK2	8445	11	NA
DYRK3	8444	-53	NA
DYRK4	8798	56	NA
DYSF	8291	31	NA
DYTN	391475	5	NA
DZANK1	55184	32	NA
DZIP1	22873	-12	NA
DZIP1L	199221	9	NA
DZIP3	9666	-21	NA
E2F1	1869	-137	NA
E2F2	1870	-183	NA
E2F3	1871	-79	NA
E2F4	1874	-124	NA
E2F5	1875	-15	NA
E2F6	1876	-93	NA
E2F7	144455	28	NA
E2F8	79733	-122	NA
E4F1	1877	-69	NA
EAF1	85403	1	NA
EAF2	55840	-36	NA
EAPP	55837	1	NA
EARS2	124454	-101	NA
EBAG9	9166	-40	NA
EBF1	1879	-43	NA
EBF2	64641	73	NA
EBF3	253738	15	NA
EBF4	57593	102	NA
EBI3	10148	47	NA
EBLN1	340900	-12	NA
EBLN2	55096	32	NA
EBNA1BP2	10969	-164	NA
EBP	10682	-55	NA
EBPL	84650	-30	NA
ECD	11319	-46	NA
ECE1	1889	104	NA
ECE2	9718	-15	NA
ECEL1	9427	25	NA
ECH1	1891	9	NA
ECHDC1	55862	-108	NA
ECHDC2	55268	-19	NA
ECHDC3	79746	-32	NA
ECHS1	1892	-52	NA
ECI1	1632	-68	NA
ECI2	10455	-22	NA
ECM1	1893	58	NA
ECM2	1842	-3	NA
ECPAS	23392	-6	NA
ECSCR	641700	-7	NA
ECSIT	51295	-24	NA
ECT2	1894	-47	NA
ECT2L	345930	18	NA
EDA	1896	37	NA
EDA2R	60401	25	NA
EDAR	10913	-15	NA
EDARADD	128178	109	NA
EDC3	80153	-33	NA
EDC4	23644	-47	NA
EDDM13	100506374	7	NA
EDDM3A	10876	-5	NA
EDDM3B	64184	4	NA
EDEM1	9695	110	NA
EDEM2	55741	-18	NA
EDEM3	80267	-74	NA
EDF1	8721	-10	NA
EDIL3	10085	11	NA
EDN1	1906	103	NA
EDN2	1907	165	NA
EDN3	1908	22	NA
EDNRA	1909	-34	NA
EDNRB	1910	-7	NA
EDRF1	26098	-52	NA
EEA1	8411	-27	NA
EED	8726	-54	NA
EEF1A1	1915	36	NA
EEF1A2	1917	123	NA
EEF1AKMT1	221143	-72	NA
EEF1AKMT2	399818	-39	NA
EEF1AKMT3	25895	143	NA
EEF1AKMT4	110599564	-20	NA
EEF1AKMT4-ECE2	110599583	-2	NA
EEF1AKNMT		-129	NA
EEF1B2	1933	-25	NA
EEF1D	1936	-15	NA
EEF1E1	9521	-171	NA
EEF1E1-BLOC1S5	100526837	-21	NA
EEF1G	1937	19	NA
EEF2	1938	39	NA
EEF2K	29904	17	NA
EEF2KMT	196483	-205	NA
EEFSEC	60678	-44	NA
EEPD1	80820	-16	NA
EFCAB1		-11	NA
EFCAB10	100130771	-99	NA
EFCAB11	90141	-55	NA
EFCAB12	90288	15	NA
EFCAB13	124989	15	NA
EFCAB14	9813	-26	NA
EFCAB2		-63	NA
EFCAB3	146779	273	NA
EFCAB5	374786	23	NA
EFCAB6	64800	3	NA
EFCAB7	84455	-38	NA
EFCAB8	388795	13	NA
EFCAB9	285588	-17	NA
EFCC1	79825	-73	NA
EFEMP1	2202	-53	NA
EFEMP2	30008	251	NA
EFHB	151651	64	NA
EFHC1	114327	67	NA
EFHC2	80258	-48	NA
EFHD1	80303	2	NA
EFHD2	79180	-20	NA
EFL1	79631	14	NA
EFNA1	1942	141	NA
EFNA2	1943	76	NA
EFNA3	1944	329	NA
EFNA4	1945	100	NA
EFNA5	1946	3	NA
EFNB1	1947	18	NA
EFNB2	1948	-24	NA
EFNB3	1949	58	NA
EFR3A	23167	-55	NA
EFR3B	22979	-23	NA
EFS	10278	-4	NA
EFTUD2	9343	-114	NA
EGF	1950	-57	NA
EGFL6	25975	45	NA
EGFL7	51162	34	NA
EGFL8	80864	34	NA
EGFLAM	133584	-80	NA
EGFR	1956	161	NA
EGLN1	54583	339	NA
EGLN2	112398	-50	NA
EGLN3	112399	365	NA
EGR1	1958	46	NA
EGR2	1959	105	NA
EGR3	1960	27	NA
EGR4	1961	24	NA
EHBP1	23301	-4	NA
EHBP1L1	254102	37	NA
EHD1	10938	-52	NA
EHD2	30846	161	NA
EHD3	30845	-38	NA
EHD4	30844	-29	NA
EHF	26298	-50	NA
EHHADH	1962	-91	NA
EHMT1	79813	-76	NA
EHMT2	10919	-10	NA
EI24	9538	-51	NA
EID1	23741	-56	NA
EID2	163126	-126	NA
EID2B	126272	-65	NA
EID3	493861	-6	NA
EIF1	10209	72	NA
EIF1AD	84285	-18	NA
EIF1AX	1964	-66	NA
EIF1AY	9086	-9	NA
EIF1B	10289	4	NA
EIF2A	83939	10	NA
EIF2AK1	27102	-6	NA
EIF2AK2	5610	-94	NA
EIF2AK3	9451	69	NA
EIF2AK4	440275	-50	NA
EIF2B1	1967	-112	NA
EIF2B2	8892	-54	NA
EIF2B3	8891	-202	NA
EIF2B4	8890	-98	NA
EIF2B5	8893	-73	NA
EIF2D	1939	-18	NA
EIF2S1	1965	-118	NA
EIF2S2	8894	-41	NA
EIF2S3	1968	-13	NA
EIF2S3B	255308	-4	NA
EIF3A	8661	-62	NA
EIF3B	8662	-47	NA
EIF3C	8663	-53	NA
EIF3CL	728689	-62	NA
EIF3D	8664	5	NA
EIF3E	3646	15	NA
EIF3F	8665	13	NA
EIF3G	8666	-62	NA
EIF3H	8667	6	NA
EIF3I	8668	-72	NA
EIF3J	8669	-136	NA
EIF3K	27335	-62	NA
EIF3L	51386	-3	NA
EIF3M	10480	-50	NA
EIF4A1	1973	-52	NA
EIF4A2	1974	76	NA
EIF4A3	9775	-8	NA
EIF4B	1975	70	NA
EIF4E	1977	-115	NA
EIF4E1B	253314	-13	NA
EIF4E2	9470	-50	NA
EIF4E3	317649	56	NA
EIF4EBP1	1978	57	NA
EIF4EBP2	1979	-53	NA
EIF4EBP3	8637	9	NA
EIF4ENIF1	56478	-72	NA
EIF4G1	1981	-88	NA
EIF4G2	1982	-47	NA
EIF4G3	8672	-14	NA
EIF4H	7458	40	NA
EIF5	1983	-85	NA
EIF5A	1984	-113	NA
EIF5A2	56648	-63	NA
EIF5AL1	143244	-126	NA
EIF5B	9669	-104	NA
EIF6	3692	-79	NA
EIPR1	7260	-61	NA
ELAC1	55520	-150	NA
ELAC2	60528	-186	NA
ELANE	1991	101	NA
ELAVL1	1994	-68	NA
ELAVL2	1993	-25	NA
ELAVL3	1995	57	NA
ELAVL4	1996	-13	NA
ELF1	1997	-9	NA
ELF2	1998	13	NA
ELF3	1999	141	NA
ELF4	2000	7	NA
ELF5	2001	0	NA
ELFN1	392617	-44	NA
ELFN2	114794	44	NA
ELK1	2002	-1	NA
ELK3	2004	21	NA
ELK4	2005	16	NA
ELL	8178	63	NA
ELL2	22936	149	NA
ELL3	80237	-82	NA
ELMO1	9844	-48	NA
ELMO2	63916	-75	NA
ELMO3	79767	-17	NA
ELMOD1	55531	-8	NA
ELMOD2	255520	-24	NA
ELMOD3	84173	-66	NA
ELMSAN1		142	NA
ELN	2006	43	NA
ELOA	6924	-53	NA
ELOA2	51224	-6	NA
ELOA3		-9	NA
ELOA3B		1	NA
ELOA3C		-3	NA
ELOA3D		-4	NA
ELOB	6923	-34	NA
ELOC	6921	-49	NA
ELOF1	84337	-59	NA
ELOVL1	64834	-21	NA
ELOVL2	54898	-92	NA
ELOVL3	83401	-104	NA
ELOVL4	6785	-40	NA
ELOVL5	60481	-70	NA
ELOVL6	79071	-165	NA
ELOVL7	79993	-3	NA
ELP1	8518	-35	NA
ELP2	55250	-13	NA
ELP3	55140	-23	NA
ELP4	26610	-70	NA
ELP5	23587	-47	NA
ELP6	54859	-119	NA
EMB	133418	-45	NA
EMC1	23065	-27	NA
EMC10	284361	-28	NA
EMC2	9694	-11	NA
EMC3	55831	-50	NA
EMC4	51234	-51	NA
EMC6	83460	-110	NA
EMC7	56851	-58	NA
EMC8	10328	-114	NA
EMC9	51016	34	NA
EMCN	51705	27	NA
EMD	2010	27	NA
EME1	146956	-80	NA
EME2	197342	-87	NA
EMG1	10436	-150	NA
EMID1	129080	-39	NA
EMILIN1	11117	-9	NA
EMILIN2	84034	-53	NA
EMILIN3	90187	27	NA
EML1	2009	-17	NA
EML2	24139	-13	NA
EML3	256364	-85	NA
EML4	27436	-89	NA
EML6	400954	-52	NA
EMP1	2012	-24	NA
EMP2	2013	-68	NA
EMP3	2014	63	NA
EMSY	56946	23	NA
EMX1	2016	-14	NA
EMX2	2018	32	NA
EN1	2019	-38	NA
EN2	2020	-68	NA
ENAH	55740	-39	NA
ENAM	10117	-19	NA
ENC1	8507	-49	NA
ENDOD1	23052	-106	NA
ENDOG	2021	11	NA
ENDOU	8909	-29	NA
ENDOV	284131	19	NA
ENG	2022	-51	NA
ENGASE	64772	-56	NA
ENHO	375704	-87	NA
ENKD1	84080	4	NA
ENKUR	219670	63	NA
ENO1	2023	249	NA
ENO2	2026	376	U2904 1% and  U2932 1%
ENO3	2027	63	NA
ENO4	387712	-31	NA
ENOPH1	58478	-59	NA
ENOSF1	55556	-14	NA
ENOX1	55068	-19	NA
ENOX2	10495	-101	NA
ENPEP	2028	7	NA
ENPP1	5167	-60	NA
ENPP2	5168	-50	NA
ENPP3	5169	16	NA
ENPP4	22875	-10	NA
ENPP5	59084	9	NA
ENPP6	133121	2	NA
ENPP7	339221	5	NA
ENSA	2029	-64	NA
ENTHD1	150350	5	NA
ENTPD1	953	-31	NA
ENTPD2	954	76	NA
ENTPD3	956	10	NA
ENTPD4	9583	-15	NA
ENTPD5	957	-83	NA
ENTPD6	955	-32	NA
ENTPD7	57089	-88	NA
ENTPD8	377841	30	NA
ENTR1	10807	-103	NA
ENY2	56943	-44	NA
EOGT	285203	-101	NA
EOMES	8320	-107	NA
EP300	2033	13	NA
EP400	57634	-39	NA
EPAS1	2034	57	NA
EPB41	2035	-25	NA
EPB41L1	2036	9	NA
EPB41L2	2037	21	NA
EPB41L3	23136	6	NA
EPB41L4A	64097	7	NA
EPB41L4B	54566	64	NA
EPB41L5	57669	20	NA
EPB42	2038	13	NA
EPC1	80314	22	NA
EPC2	26122	13	NA
EPCAM	4072	17	NA
EPDR1	54749	-48	NA
EPG5	57724	43	NA
EPGN	255324	-20	NA
EPHA1	2041	-36	NA
EPHA10	284656	46	NA
EPHA2	1969	-19	NA
EPHA3	2042	95	NA
EPHA4	2043	7	NA
EPHA5	2044	-37	NA
EPHA6	285220	12	NA
EPHA7	2045	-36	NA
EPHA8	2046	1	NA
EPHB1	2047	20	NA
EPHB2	2048	-25	NA
EPHB3	2049	127	NA
EPHB4	2050	-25	NA
EPHB6	2051	0	NA
EPHX1	2052	-83	NA
EPHX2	2053	-72	NA
EPHX3	79852	-19	NA
EPHX4	253152	-49	NA
EPM2A	7957	-117	NA
EPM2AIP1	9852	-49	NA
EPN1	29924	29	NA
EPN2	22905	40	NA
EPN3	55040	-71	NA
EPO	2056	133	NA
EPOP	100170841	77	NA
EPOR	2057	158	NA
EPPIN	57119	23	NA
EPPIN-WFDC6	100526773	5	NA
EPPK1	83481	18	NA
EPRS		-23	NA
EPS15	2060	6	NA
EPS15L1	58513	-26	NA
EPS8	2059	-46	NA
EPS8L1	54869	57	NA
EPS8L2	64787	108	NA
EPS8L3	79574	-14	NA
EPSTI1	94240	-72	NA
EPX	8288	3	NA
EPYC	1833	-12	NA
EQTN	54586	-1	NA
ERAL1	26284	-90	NA
ERAP1	51752	13	NA
ERAP2	64167	-57	NA
ERAS	3266	51	NA
ERBB2	2064	-44	NA
ERBB3	2065	2	NA
ERBB4	2066	-17	NA
ERBIN	55914	-6	NA
ERC1	23085	-13	NA
ERC2	26059	-5	NA
ERCC1	2067	10	NA
ERCC2	2068	-132	NA
ERCC3	2071	-88	NA
ERCC4	2072	-59	NA
ERCC5	2073	66	NA
ERCC6	2074	-10	NA
ERCC6L	54821	-117	NA
ERCC6L2	375748	-17	NA
ERCC8	1161	-132	NA
EREG	2069	-28	NA
ERF	2077	-4	NA
ERFE	151176	-3	NA
ERG	2078	-53	NA
ERG28	11161	-23	NA
ERGIC1	57222	1	NA
ERGIC2	51290	-41	NA
ERGIC3	51614	18	NA
ERH	2079	-116	NA
ERI1	90459	-38	NA
ERI2	112479	-84	NA
ERI3	79033	-89	NA
ERICH1	157697	-18	NA
ERICH2	285141	119	NA
ERICH3	127254	-13	NA
ERICH4	100170765	19	NA
ERICH5	203111	-64	NA
ERICH6	131831	-11	NA
ERICH6B	220081	4	NA
ERLEC1	27248	-1	U2904 1% and  U2932 1%
ERLIN1	10613	-46	NA
ERLIN2	11160	-67	NA
ERMAP	114625	2	NA
ERMARD	55780	-83	NA
ERMN	57471	25	NA
ERMP1	79956	61	NA
ERN1	2081	21	NA
ERN2	10595	-14	NA
ERO1A	30001	321	NA
ERO1B	56605	93	NA
ERP27	121506	-44	NA
ERP29	10961	7	NA
ERP44	23071	47	NA
ERRFI1	54206	312	NA
ERV3-1	2086	23	NA
ERVFRD-1	405754	1	NA
ERVK3-1	105372481	-119	NA
ERVMER34-1	100288413	-144	NA
ERVV-1	147664	2	NA
ERVV-2	100271846	3	NA
ERVW-1	30816	11	NA
ESAM	90952	38	NA
ESCO1	114799	84	NA
ESCO2	157570	-142	NA
ESD	2098	-48	NA
ESF1	51575	-89	NA
ESM1	11082	60	NA
ESPL1	9700	-43	NA
ESPN	83715	87	NA
ESPNL	339768	-49	NA
ESR1	2099	-41	NA
ESR2	2100	53	NA
ESRP1	54845	57	NA
ESRP2	80004	15	NA
ESRRA	2101	-93	NA
ESRRB	2103	61	NA
ESRRG	2104	-21	NA
ESS2	8220	-69	NA
ESX1	80712	-9	NA
ESYT1	23344	8	NA
ESYT2	57488	117	NA
ESYT3	83850	-39	NA
ETAA1	54465	-46	NA
ETDA	101928677	-3	NA
ETDB	100129515	-9	NA
ETDC	110806299	-12	NA
ETF1	2107	-142	NA
ETFA	2108	-52	NA
ETFB	2109	-41	NA
ETFBKMT	254013	-58	NA
ETFDH	2110	-62	NA
ETFRF1	144363	-85	NA
ETHE1	23474	-22	NA
ETNK1	55500	-13	NA
ETNK2	55224	-8	NA
ETNPPL	64850	-79	NA
ETS1	2113	90	NA
ETS2	2114	57	NA
ETV1	2115	-28	NA
ETV2	2116	-37	NA
ETV3	2117	66	NA
ETV3L	440695	19	NA
ETV4	2118	-17	NA
ETV5	2119	-15	NA
ETV6	2120	20	NA
ETV7	51513	-118	NA
EVA1A	84141	-12	NA
EVA1B	55194	-17	NA
EVA1C	59271	-76	NA
EVC	2121	17	NA
EVC2	132884	34	NA
EVI2A	2123	28	NA
EVI2B	2124	2	NA
EVI5	7813	-43	NA
EVI5L	115704	11	NA
EVL	51466	20	NA
EVPL	2125	15	NA
EVPLL	645027	47	NA
EVX1	2128	6	NA
EVX2	344191	-13	NA
EWSR1	2130	-125	NA
EXD1	161829	53	NA
EXD2	55218	6	NA
EXD3	54932	20	NA
EXO1	9156	-154	NA
EXO5	64789	-111	NA
EXOC1	55763	10	NA
EXOC1L	644145	-5	NA
EXOC2	55770	-28	NA
EXOC3	11336	-11	NA
EXOC3L1	283849	86	NA
EXOC3L2	90332	77	NA
EXOC3L4	91828	-22	NA
EXOC4	60412	21	NA
EXOC5	10640	18	NA
EXOC6	54536	-118	NA
EXOC6B	23233	-11	NA
EXOC7	23265	-41	NA
EXOC8	149371	-27	NA
EXOG	9941	-174	NA
EXOSC1	51013	-93	NA
EXOSC10	5394	-54	NA
EXOSC2	23404	-137	NA
EXOSC3	51010	-113	NA
EXOSC4	54512	-190	NA
EXOSC5	56915	-23	NA
EXOSC6	118460	-116	NA
EXOSC7	23016	-76	NA
EXOSC8	11340	-97	NA
EXOSC9	5393	-154	NA
EXPH5	23086	42	NA
EXT1	2131	-9	NA
EXT2	2132	-41	NA
EXTL1	2134	-18	NA
EXTL2	2135	-77	NA
EXTL3	2137	-69	NA
EYA1	2138	56	NA
EYA2	2139	29	NA
EYA3	2140	-33	NA
EYA4	2070	-49	NA
EYS	346007	26	NA
EZH1	2145	67	NA
EZH2	2146	-58	NA
EZR	7430	16	NA
F10	2159	58	NA
F11	2160	-2	NA
F11R	50848	32	NA
F12	2161	39	NA
F13A1	2162	24	NA
F13B	2165	16	NA
F2	2147	-6	NA
F2R	2149	66	NA
F2RL1	2150	-15	NA
F2RL2	2151	-34	NA
F2RL3	9002	-3	NA
F3	2152	83	NA
F5	2153	-26	NA
F7	2155	11	NA
F8	2157	48	NA
F8A1	8263	18	NA
F8A2	474383	-10	NA
F8A3	474384	27	NA
F9	2158	0	NA
FA2H	79152	98	NA
FAAH	2166	-62	NA
FAAH2	158584	13	NA
FAAP100	80233	-97	NA
FAAP20	199990	-6	NA
FAAP24	91442	-116	NA
FABP1	2168	2	NA
FABP12	646486	0	NA
FABP2	2169	5	NA
FABP3	2170	68	NA
FABP4	2167	-38	NA
FABP5	2171	-90	NA
FABP6	2172	26	NA
FABP7	2173	-20	NA
FABP9	646480	2	NA
FADD	8772	-97	NA
FADS1	3992	-25	NA
FADS2	9415	10	NA
FADS3	3995	36	NA
FAF1	11124	-50	NA
FAF2	23197	-39	NA
FAH	2184	-105	NA
FAHD1	81889	-37	NA
FAHD2A	51011	-64	NA
FAHD2B	151313	-45	NA
FAIM	55179	-125	NA
FAIM2	23017	-28	NA
FAM102A		-47	NA
FAM102B		-1	NA
FAM104A		-11	NA
FAM104B		-51	NA
FAM107A	11170	7	NA
FAM107B	83641	76	NA
FAM110A	83541	36	NA
FAM110B	90362	-1	NA
FAM110C	642273	206	NA
FAM110D	79927	-56	NA
FAM111A	63901	-85	NA
FAM111B	374393	-142	NA
FAM114A1	92689	112	NA
FAM114A2	10827	-74	NA
FAM117A	81558	77	NA
FAM117B	150864	155	NA
FAM118A		-31	NA
FAM118B		-130	NA
FAM120A	23196	-38	NA
FAM120AOS	158293	-16	NA
FAM120B	84498	-49	NA
FAM120C	54954	-36	NA
FAM122A		-89	NA
FAM122B		-53	NA
FAM122C		20	NA
FAM124A	220108	-84	NA
FAM124B	79843	-16	NA
FAM126A		-86	NA
FAM126B		-19	NA
FAM129A		-49	NA
FAM129B		74	NA
FAM129C		25	NA
FAM131A	131408	33	NA
FAM131B	9715	6	NA
FAM131C	348487	99	NA
FAM133A	286499	-31	NA
FAM133B	257415	4	NA
FAM135A	57579	-49	NA
FAM135B	51059	-2	NA
FAM136A		-132	NA
FAM13A	10144	212	NA
FAM13B	51306	-32	NA
FAM13C	220965	46	NA
FAM149A	25854	-31	NA
FAM149B1	317662	37	NA
FAM151A	338094	15	NA
FAM151B	167555	-44	NA
FAM153A	285596	81	NA
FAM153B	202134	16	NA
FAM153C		6	NA
FAM155A		-51	NA
FAM155B		-92	NA
FAM156A	29057	47	NA
FAM160A1		175	NA
FAM160A2		44	NA
FAM160B1		-1	NA
FAM160B2		-19	NA
FAM161A	84140	4	NA
FAM161B	145483	51	NA
FAM162A	26355	323	NA
FAM162B	221303	37	NA
FAM163A	148753	15	NA
FAM163B	642968	39	NA
FAM166A		19	NA
FAM166B		11	NA
FAM167A	83648	65	NA
FAM167B	84734	61	NA
FAM168A	23201	115	NA
FAM168B	130074	-9	NA
FAM169A	26049	-114	NA
FAM169B		-1	NA
FAM170A	340069	-3	NA
FAM170B	170370	3	NA
FAM171A1	221061	-12	NA
FAM171A2	284069	-5	NA
FAM171B	165215	-79	NA
FAM172A		30	NA
FAM173A		-133	NA
FAM174A	345757	37	NA
FAM174B	400451	60	NA
FAM177A1	283635	3	NA
FAM177B	400823	119	NA
FAM178B	51252	-65	NA
FAM180A	389558	45	NA
FAM180B	399888	13	NA
FAM181A	90050	-10	NA
FAM181B	220382	3	NA
FAM183A		-14	NA
FAM184A	79632	-60	NA
FAM184B	27146	24	NA
FAM185A	222234	-67	NA
FAM186A	121006	50	NA
FAM186B	84070	-122	NA
FAM187A	100528020	-12	NA
FAM187B	148109	0	NA
FAM189A1		-2	NA
FAM189A2		106	NA
FAM189B		-35	NA
FAM192A		-49	NA
FAM193A	8603	12	NA
FAM193B	54540	82	NA
FAM199X	139231	-18	NA
FAM19A1		3	NA
FAM19A2		10	NA
FAM19A3		12	NA
FAM19A4		-34	NA
FAM19A5		-21	NA
FAM200A		-32	NA
FAM200B		-17	NA
FAM204A	63877	-34	NA
FAM205A		-9	NA
FAM205C		-5	NA
FAM206A		-15	NA
FAM207A		-37	NA
FAM209A	200232	7	NA
FAM209B	388799	6	NA
FAM20A	54757	-10	NA
FAM20B	9917	-37	NA
FAM20C	56975	35	NA
FAM210A		198	NA
FAM210B		-39	NA
FAM214A		49	NA
FAM214B		132	NA
FAM216A	29902	109	NA
FAM216B	144809	-13	NA
FAM217A	222826	5	NA
FAM217B	63939	-117	NA
FAM218A	152756	-47	NA
FAM219A	203259	172	NA
FAM219B	57184	24	NA
FAM220A	84792	32	NA
FAM221A	340277	14	NA
FAM221B	392307	26	NA
FAM222A	84915	-93	NA
FAM222B	55731	17	NA
FAM227A	646851	14	NA
FAM227B	196951	26	NA
FAM228A	653140	20	NA
FAM228B	375190	-1	NA
FAM229A	100128071	70	NA
FAM229B	619208	26	NA
FAM234A	83986	8	NA
FAM234B	57613	104	NA
FAM236A	100129407	-3	NA
FAM236B	100132304	1	NA
FAM236C	109729126	0	NA
FAM236D	105373251	1	NA
FAM237A	200726	0	NA
FAM237B	107986818	-1	NA
FAM240A	100132146	9	NA
FAM240B	110806297	42	NA
FAM241A	132720	4	NA
FAM241B	219738	-57	NA
FAM243A		0	NA
FAM243B		-7	NA
FAM24A	118670	-6	NA
FAM24B	196792	31	NA
FAM25A	643161	24	NA
FAM25C	644054	0	NA
FAM25G	100133093	0	NA
FAM32A	26017	-57	NA
FAM3A	60343	19	NA
FAM3B	54097	-42	NA
FAM3C	10447	-44	NA
FAM3D	131177	-3	NA
FAM43A	131583	22	NA
FAM43B	163933	72	NA
FAM45A		-28	NA
FAM47A	158724	2	NA
FAM47B	170062	1	NA
FAM47C	442444	-8	NA
FAM47E	100129583	-53	NA
FAM47E-STBD1	100631383	235	NA
FAM49A		7	NA
FAM49B		-70	NA
FAM50A	9130	-17	NA
FAM50B	26240	-92	NA
FAM53A	152877	-86	NA
FAM53B	9679	-53	NA
FAM53C	51307	-32	NA
FAM57A		92	NA
FAM57B		36	NA
FAM71A		50	NA
FAM71B		1	NA
FAM71C		3	NA
FAM71D		-49	NA
FAM71E1		1	NA
FAM71E2		7	NA
FAM71F1		5	NA
FAM71F2		60	NA
FAM72A		-93	NA
FAM72B		-91	NA
FAM72C		-39	NA
FAM72D		-63	NA
FAM76A	199870	-89	NA
FAM76B	143684	49	NA
FAM78A	286336	-42	NA
FAM78B	149297	3	NA
FAM81A	145773	-93	NA
FAM81B	153643	1	NA
FAM83A		27	NA
FAM83B		65	NA
FAM83C		-4	NA
FAM83D		-67	NA
FAM83E		31	NA
FAM83F		47	NA
FAM83G		74	NA
FAM83H		-46	NA
FAM84A		64	NA
FAM84B		7	NA
FAM86B1	85002	-107	NA
FAM86B2	653333	-129	NA
FAM86C1		-208	NA
FAM89A	375061	-33	NA
FAM89B	23625	32	NA
FAM8A1	51439	25	NA
FAM90A1	55138	6	NA
FAM90A26	100287045	-44	NA
FAM91A1	157769	-18	NA
FAM92A		-110	NA
FAM92B		5	NA
FAM95C	100289137	-47	NA
FAM98A		-133	NA
FAM98B		-91	NA
FAM98C		-26	NA
FAM9A	171482	9	NA
FAM9B	171483	-31	NA
FAM9C	171484	31	NA
FAN1	22909	-68	NA
FANCA	2175	-100	NA
FANCB	2187	-52	NA
FANCC	2176	-76	NA
FANCD2	2177	-88	NA
FANCD2OS	115795	15	NA
FANCE	2178	-125	NA
FANCF	2188	-80	NA
FANCG	2189	-78	NA
FANCI	55215	-110	NA
FANCL	55120	-48	NA
FANCM	57697	-65	NA
FANK1	92565	232	NA
FAP	2191	19	NA
FAR1	84188	-64	NA
FAR2	55711	-83	NA
FARP1	10160	13	NA
FARP2	9855	-85	NA
FARS2	10667	-131	NA
FARSA	2193	-99	NA
FARSB	10056	-195	NA
FAS	355	-113	NA
FASLG	356	24	NA
FASN	2194	-65	NA
FASTK	10922	-37	NA
FASTKD1	79675	-51	NA
FASTKD2	22868	-139	NA
FASTKD3	79072	-135	NA
FASTKD5	60493	-128	NA
FAT1	2195	47	NA
FAT2	2196	-6	NA
FAT3	120114	-7	NA
FAT4	79633	31	NA
FATE1	89885	-26	NA
FAU	2197	-24	NA
FAXC	84553	-51	NA
FAXDC2	10826	89	NA
FBF1	85302	-125	NA
FBH1	84893	-23	NA
FBL	2091	13	NA
FBLIM1	54751	18	NA
FBLL1	345630	63	NA
FBLN1	2192	26	NA
FBLN2	2199	58	NA
FBLN5	10516	31	NA
FBLN7	129804	68	NA
FBN2	2201	1	NA
FBN3	84467	97	NA
FBP1	2203	-89	NA
FBP2	8789	-24	NA
FBRS	64319	16	NA
FBRSL1	57666	-40	NA
FBXL12	54850	21	NA
FBXL13	222235	43	NA
FBXL14	144699	-19	NA
FBXL15	79176	-38	NA
FBXL16	146330	80	NA
FBXL17	64839	-16	NA
FBXL18	80028	-81	NA
FBXL19	54620	-29	NA
FBXL2	25827	75	NA
FBXL20	84961	63	NA
FBXL22	283807	-56	NA
FBXL3	26224	51	NA
FBXL4	26235	20	NA
FBXL5	26234	-26	NA
FBXL6	26233	-142	NA
FBXL7	23194	3	NA
FBXL8	55336	113	NA
FBXO10	26267	-79	NA
FBXO11	80204	23	NA
FBXO15	201456	128	NA
FBXO16	157574	-14	NA
FBXO17	115290	-14	NA
FBXO2	26232	129	NA
FBXO21	23014	8	NA
FBXO22	26263	-90	NA
FBXO24	26261	-26	NA
FBXO25	26260	35	NA
FBXO27	126433	-8	NA
FBXO28	23219	-21	NA
FBXO3	26273	-5	NA
FBXO30	84085	-90	NA
FBXO31	79791	-48	NA
FBXO32	114907	101	NA
FBXO33	254170	-4	NA
FBXO34	55030	28	NA
FBXO36	130888	-75	NA
FBXO38	81545	25	NA
FBXO39	162517	7	NA
FBXO4	26272	-108	NA
FBXO40	51725	28	NA
FBXO41	150726	71	NA
FBXO42	54455	138	NA
FBXO43	286151	-51	NA
FBXO44	93611	52	NA
FBXO45	200933	-42	NA
FBXO46	23403	37	NA
FBXO47	494188	-17	NA
FBXO48	554251	27	NA
FBXO5	26271	-58	NA
FBXO6	26270	-49	NA
FBXO7	25793	-3	NA
FBXO8	26269	55	NA
FBXO9	26268	-85	NA
FBXW10	10517	-29	NA
FBXW11	23291	-9	NA
FBXW12	285231	-28	NA
FBXW2	26190	-68	NA
FBXW4	6468	7	NA
FBXW5	54461	6	NA
FBXW7	55294	-15	NA
FBXW8	26259	-57	NA
FBXW9	84261	-61	NA
FCAMR	83953	-11	NA
FCAR	2204	69	NA
FCER1A	2205	-15	NA
FCER1G	2207	49	NA
FCER2	2208	27	NA
FCF1	51077	-49	NA
FCGBP	8857	56	NA
FCGR1A	2209	-2	NA
FCGR1B		13	NA
FCGR2A	2212	-10	NA
FCGR2B	2213	12	NA
FCGR2C	9103	40	NA
FCGR3A	2214	-4	NA
FCGR3B	2215	6	NA
FCGRT	2217	11	NA
FCHO1	23149	7	NA
FCHO2	115548	54	NA
FCHSD1	89848	68	NA
FCHSD2	9873	3	NA
FCMR	9214	-50	NA
FCN1	2219	25	NA
FCN2	2220	16	NA
FCN3	8547	43	NA
FCRL1	115350	5	NA
FCRL2	79368	-5	NA
FCRL3	115352	-11	NA
FCRL4	83417	3	NA
FCRL5	83416	-2	NA
FCRL6	343413	6	NA
FCRLA	84824	60	NA
FCRLB	127943	-4	NA
FDCSP	260436	7	NA
FDFT1	2222	-33	NA
FDPS	2224	-27	NA
FDX1	2230	-132	NA
FDX2	112812	-153	NA
FDXACB1	91893	-210	NA
FDXR	2232	-67	NA
FECH	2235	-152	NA
FEM1A	55527	-104	NA
FEM1B	10116	15	NA
FEM1C	56929	182	NA
FEN1	2237	-130	NA
FER	2241	35	NA
FER1L5	90342	-3	NA
FER1L6	654463	-4	NA
FERD3L	222894	-4	NA
FERMT1	55612	-134	NA
FERMT2	10979	14	NA
FERMT3	83706	-35	NA
FES	2242	0	NA
FETUB	26998	19	NA
FEV	54738	26	NA
FEZ1	9638	-10	NA
FEZ2	9637	24	NA
FEZF1	389549	-1	NA
FEZF2	55079	-16	NA
FFAR1	2864	-22	NA
FFAR2	2867	-9	NA
FFAR3	2865	5	NA
FFAR4	338557	-16	NA
FGA	2243	-4	NA
FGB	2244	13	NA
FGD1	2245	-26	NA
FGD2	221472	31	NA
FGD3	89846	-79	NA
FGD4	121512	31	NA
FGD5	152273	72	NA
FGD6	55785	36	NA
FGF1	2246	-14	NA
FGF10	2255	26	NA
FGF11	2256	278	NA
FGF12	2257	-49	NA
FGF13	2258	-2	NA
FGF14	2259	10	NA
FGF16	8823	7	NA
FGF17	8822	89	NA
FGF18	8817	-59	NA
FGF19	9965	8	NA
FGF2	2247	-90	NA
FGF20	26281	-24	NA
FGF21	26291	24	NA
FGF22	27006	-19	NA
FGF23	8074	14	NA
FGF3	2248	0	NA
FGF4	2249	14	NA
FGF5	2250	11	NA
FGF6	2251	11	NA
FGF7	2252	-23	NA
FGF8	2253	15	NA
FGF9	2254	-2	NA
FGFBP1	9982	-31	NA
FGFBP2	83888	31	NA
FGFBP3	143282	-125	NA
FGFR1	2260	80	NA
FGFR1OP		-27	NA
FGFR1OP2	26127	26	NA
FGFR2	2263	-6	NA
FGFR3	2261	10	NA
FGFR4	2264	-30	NA
FGFRL1	53834	-9	NA
FGG	2266	15	NA
FGGY	55277	44	NA
FGL1	2267	4	NA
FGL2	10875	-7	NA
FGR	2268	-16	NA
FH	2271	-148	NA
FHAD1	114827	12	NA
FHDC1	85462	-35	NA
FHIT	2272	0	NA
FHL1	2273	78	NA
FHL2	2274	74	NA
FHL3	2275	-2	NA
FHL5	9457	9	NA
FHOD1	29109	-99	NA
FHOD3	80206	-32	NA
FIBCD1	84929	95	NA
FIBIN	387758	-28	NA
FIBP	9158	-58	NA
FICD	11153	-74	NA
FIG4	9896	19	NA
FIGLA	344018	9	NA
FIGN	55137	-89	NA
FIGNL1	63979	-92	NA
FIGNL2	401720	-2	NA
FILIP1	27145	14	NA
FILIP1L	11259	43	NA
FIP1L1	81608	-59	NA
FIS1	51024	-39	NA
FITM1	161247	-47	NA
FITM2	128486	-30	NA
FIZ1	84922	-44	NA
FJX1	24147	-127	NA
FKBP10	60681	26	NA
FKBP11	51303	-8	U2904 1% and  U2932 1%
FKBP14	55033	1	NA
FKBP15	23307	69	NA
FKBP1A	2280	-5	NA
FKBP1B	2281	30	NA
FKBP1C	642489	2	NA
FKBP2	2286	4	NA
FKBP3	2287	-49	NA
FKBP4	2288	-70	NA
FKBP5	2289	-124	NA
FKBP6	8468	15	NA
FKBP7	51661	-36	NA
FKBP8	23770	101	NA
FKBP9	11328	75	NA
FKBPL	63943	-84	NA
FKRP	79147	-82	NA
FKTN	2218	-69	NA
FLAD1	80308	-181	NA
FLCN	201163	50	NA
FLG	2312	15	NA
FLG2	388698	19	NA
FLI1	2313	-29	NA
FLII	2314	3	NA
FLNA	2316	67	NA
FLNB	2317	130	NA
FLNC	2318	51	NA
FLOT1	10211	-18	NA
FLOT2	2319	-42	NA
FLRT1	23769	55	NA
FLRT2	23768	-21	NA
FLRT3	23767	24	NA
FLT1	2321	69	NA
FLT3	2322	1	NA
FLT3LG	2323	4	NA
FLT4	2324	98	NA
FLVCR1	28982	-97	NA
FLVCR2	55640	-7	NA
FLYWCH1	84256	-23	NA
FLYWCH2	114984	-54	NA
FMC1	154791	-37	NA
FMC1-LUC7L2	100996928	-71	NA
FMN1	342184	24	NA
FMN2	56776	-25	NA
FMNL1	752	-42	NA
FMNL2	114793	81	NA
FMNL3	91010	-59	NA
FMO1	2326	-17	NA
FMO2	2327	3	NA
FMO3	2328	-14	NA
FMO4	2329	-15	NA
FMO5	2330	9	NA
FMOD	2331	7	NA
FMR1	2332	5	NA
FMR1NB	158521	14	NA
FN1	2335	160	NA
FN3K	64122	95	NA
FN3KRP	79672	-47	NA
FNBP1	23048	76	NA
FNBP1L	54874	88	NA
FNBP4	23360	9	NA
FNDC1	84624	-4	NA
FNDC10	643988	-1	NA
FNDC11	79025	143	NA
FNDC3A	22862	-12	NA
FNDC3B	64778	102	NA
FNDC4	64838	9	NA
FNDC5	252995	-7	NA
FNDC7	163479	54	NA
FNDC8	54752	-38	NA
FNDC9	408263	-3	NA
FNIP1	96459	86	NA
FNIP2	57600	21	NA
FNTA	2339	28	NA
FNTB	2342	36	NA
FOCAD	54914	-79	NA
FOLH1	2346	14	NA
FOLR1	2348	21	NA
FOLR2	2350	23	NA
FOLR3	2352	2	NA
FOPNL		-52	NA
FOS	2353	229	NA
FOSB	2354	88	NA
FOSL1	8061	1	NA
FOSL2	2355	274	NA
FOXA1	3169	-116	NA
FOXA2	3170	-20	NA
FOXA3	3171	-25	NA
FOXB1	27023	45	NA
FOXB2	442425	6	NA
FOXC1	2296	-54	NA
FOXC2	2303	28	NA
FOXD1	2297	207	NA
FOXD2	2306	-15	NA
FOXD3	27022	-50	NA
FOXD4	2298	-1	NA
FOXD4L1	200350	13	NA
FOXD4L3	286380	-20	NA
FOXD4L4	349334	10	NA
FOXD4L5	653427	-2	NA
FOXD4L6	653404	14	NA
FOXE1	2304	-8	NA
FOXE3	2301	-11	NA
FOXF1	2294	-44	NA
FOXF2	2295	10	NA
FOXG1	2290	-22	NA
FOXH1	8928	143	NA
FOXI1	2299	-8	NA
FOXI2	399823	-13	NA
FOXI3	344167	34	NA
FOXJ1	2302	-8	NA
FOXJ2	55810	43	NA
FOXJ3	22887	36	NA
FOXK1	221937	40	NA
FOXK2	3607	-35	NA
FOXL1	2300	70	NA
FOXL2	668	-78	NA
FOXL2NB	401089	32	NA
FOXM1	2305	-91	NA
FOXN1	8456	-29	NA
FOXN2	3344	6	NA
FOXN3	1112	106	NA
FOXN4	121643	-15	NA
FOXO1	2308	-15	NA
FOXO3	2309	133	NA
FOXO4	4303	98	NA
FOXO6	100132074	98	NA
FOXP1	27086	49	NA
FOXP2	93986	-8	NA
FOXP3	50943	-70	NA
FOXP4	116113	-6	NA
FOXQ1	94234	4	NA
FOXR1	283150	28	NA
FOXR2	139628	1	NA
FOXRED1	55572	-141	NA
FOXRED2	80020	-177	NA
FOXS1	2307	21	NA
FPGS	2356	-107	NA
FPGT	8790	-40	NA
FPGT-TNNI3K	100526835	28	NA
FPR1	2357	39	NA
FPR2	2358	69	NA
FPR3	2359	88	NA
FRA10AC1	118924	-11	NA
FRAS1	80144	72	NA
FRAT1	10023	-50	NA
FRAT2	23401	-63	NA
FREM1	158326	-29	NA
FREM2	341640	-54	NA
FREM3	166752	5	NA
FRG1	2483	-14	NA
FRG2	448831	10	NA
FRG2B	441581	10	NA
FRG2C	100288801	24	NA
FRK	2444	47	NA
FRMD1	79981	18	NA
FRMD3	257019	82	NA
FRMD4A	55691	6	NA
FRMD4B	23150	17	NA
FRMD5	84978	-33	NA
FRMD6	122786	11	NA
FRMD7	90167	-44	NA
FRMD8	83786	-47	NA
FRMPD1	22844	49	NA
FRMPD2	143162	-13	NA
FRMPD3	84443	10	NA
FRMPD4	9758	17	NA
FRRS1	391059	55	NA
FRRS1L	23732	44	NA
FRS2	10818	-13	NA
FRS3	10817	52	NA
FRY	10129	1	NA
FRYL	285527	26	NA
FRZB	2487	65	NA
FSBP	100861412	-18	NA
FSCB	84075	-12	NA
FSCN1	6624	103	NA
FSCN2	25794	150	NA
FSCN3	29999	-1	NA
FSD1	79187	-4	NA
FSD1L	83856	44	NA
FSD2	123722	8	NA
FSHB	2488	2	NA
FSHR	2492	-17	NA
FSIP1	161835	-77	NA
FSIP2	401024	26	NA
FST	10468	-67	NA
FSTL1	11167	31	NA
FSTL3	10272	149	NA
FSTL4	23105	15	NA
FSTL5	56884	-65	NA
FTCD	10841	34	NA
FTCDNL1	348751	-104	NA
FTH1	2495	71	NA
FTHL17	53940	-9	NA
FTL	2512	79	NA
FTMT	94033	-7	NA
FTO	79068	-42	NA
FTSJ1	24140	-52	NA
FTSJ3	117246	-144	NA
FUBP1	8880	-86	NA
FUBP3	8939	-53	NA
FUCA1	2517	-23	NA
FUCA2	2519	-63	NA
FUK		-69	NA
FUNDC1	139341	-69	NA
FUNDC2	65991	27	NA
FUOM	282969	-104	NA
FURIN	5045	-51	NA
FUS	2521	-145	NA
FUT1	2523	-13	NA
FUT10		-92	NA
FUT11		328	NA
FUT2	2524	7	NA
FUT3	2525	138	NA
FUT4	2526	-47	NA
FUT5	2527	38	NA
FUT6	2528	35	NA
FUT7	2529	31	NA
FUT8	2530	-68	NA
FUT9	10690	-35	NA
FUZ	80199	-5	NA
FXN	2395	-155	NA
FXR1	8087	32	NA
FXR2	9513	-13	NA
FXYD1	5348	53	NA
FXYD2	486	53	NA
FXYD3	5349	51	NA
FXYD4	53828	1	NA
FXYD5	53827	15	NA
FXYD6	53826	60	NA
FXYD6-FXYD2	100533181	3	NA
FXYD7	53822	34	NA
FYB1	2533	-63	NA
FYB2	199920	-23	NA
FYCO1	79443	-35	NA
FYN	2534	75	NA
FYTTD1	84248	-53	NA
FZD1	8321	1	NA
FZD10	11211	51	NA
FZD2	2535	5	NA
FZD3	7976	-3	NA
FZD4	8322	-4	NA
FZD5	7855	-10	NA
FZD6	8323	-65	NA
FZD7	8324	115	NA
FZD8	8325	-13	NA
FZD9	8326	-43	NA
FZR1	51343	20	NA
G0S2	50486	44	NA
G2E3	55632	-33	NA
G3BP1	10146	-111	NA
G3BP2	9908	-5	NA
G6PC		15	NA
G6PC2	57818	3	NA
G6PC3	92579	-67	NA
G6PD	2539	-110	NA
GAA	2548	43	NA
GAB1	2549	102	NA
GAB2	9846	43	NA
GAB3	139716	53	NA
GAB4	128954	-8	NA
GABARAP	11337	32	NA
GABARAPL1	23710	112	NA
GABARAPL2	11345	34	NA
GABBR1	2550	55	NA
GABBR2	9568	-14	NA
GABPA	2551	2	NA
GABPB1	2553	-69	NA
GABPB2	126626	-34	NA
GABRA1	2554	-24	NA
GABRA2	2555	76	NA
GABRA3	2556	-40	NA
GABRA4	2557	-5	NA
GABRA5	2558	-16	NA
GABRA6	2559	-7	NA
GABRB1	2560	-5	NA
GABRB2	2561	-28	NA
GABRB3	2562	-15	NA
GABRD	2563	-11	NA
GABRE	2564	88	NA
GABRG1	2565	-2	NA
GABRG2	2566	-2	NA
GABRG3	2567	22	NA
GABRP	2568	32	NA
GABRQ	55879	-10	NA
GABRR1	2569	-8	NA
GABRR2	2570	71	NA
GABRR3	200959	3	NA
GAD1	2571	126	NA
GAD2	2572	-12	NA
GADD45A	1647	74	NA
GADD45B	4616	171	NA
GADD45G	10912	34	NA
GADD45GIP1	90480	-46	NA
GADL1	339896	14	NA
GAGE1	2543	-1	NA
GAGE10	102724473	11	NA
GAGE12B	729428	11	NA
GAGE12C	729422	0	NA
GAGE12E	729431	-14	NA
GAGE12F	100008586	-1	NA
GAGE12H	729442	9	NA
GAGE12J	729396	-16	NA
GAGE13	645051	-6	NA
GAGE2A	729447	-12	NA
GAGE2E	26749	-8	NA
GAK	2580	-33	NA
GAL	51083	-76	NA
GAL3ST1	9514	179	NA
GAL3ST2	64090	56	NA
GAL3ST3	89792	24	NA
GAL3ST4	79690	91	NA
GALC	2581	-35	NA
GALE	2582	-25	NA
GALK1	2584	18	NA
GALK2	2585	-7	NA
GALM	130589	-52	NA
GALNS	2588	73	NA
GALNT1	2589	-41	NA
GALNT10	55568	-85	NA
GALNT11	63917	-21	NA
GALNT12	79695	-28	NA
GALNT13	114805	22	NA
GALNT14	79623	-49	NA
GALNT15	117248	61	NA
GALNT16	57452	-34	NA
GALNT17	64409	29	NA
GALNT18	374378	208	NA
GALNT2	2590	40	NA
GALNT3	2591	62	NA
GALNT4	8693	27	NA
GALNT5	11227	15	NA
GALNT6	11226	-96	NA
GALNT7	51809	-94	NA
GALNT8	26290	-2	NA
GALNT9	50614	29	NA
GALNTL5	168391	-9	NA
GALNTL6	442117	-81	NA
GALP	85569	-6	NA
GALR1	2587	21	NA
GALR2	8811	-100	NA
GALR3	8484	57	NA
GALT	2592	-86	NA
GAMT	2593	-20	NA
GAN	8139	29	NA
GANAB	23193	21	NA
GANC	2595	-15	NA
GAP43	2596	13	NA
GAPDH	2597	266	NA
GAPDHS	26330	-69	NA
GAPT	202309	-18	NA
GAPVD1	26130	-49	NA
GAR1	54433	-154	NA
GAREM1	64762	5	NA
GAREM2	150946	-6	NA
GARNL3	84253	18	NA
GARS		-13	NA
GART	2618	-125	NA
GAS1	2619	-57	NA
GAS2	2620	-10	NA
GAS2L1	10634	-70	NA
GAS2L2	246176	54	NA
GAS2L3	283431	1	NA
GAS6	2621	8	NA
GAS7	8522	40	NA
GAS8		-49	NA
GASK1A	729085	9	NA
GASK1B	51313	-132	NA
GAST	2520	32	NA
GATA1	2623	30	NA
GATA2	2624	-101	NA
GATA3	2625	-47	NA
GATA4	2626	-55	NA
GATA5	140628	-8	NA
GATA6	2627	21	NA
GATAD1	57798	-12	NA
GATAD2A	54815	-76	NA
GATAD2B	57459	11	NA
GATB	5188	-42	NA
GATC	283459	-81	NA
GATD1	347862	-38	NA
GATD3A		-52	NA
GATD3B		-50	NA
GATM	2628	-32	NA
GBA		-89	NA
GBA2	57704	-54	NA
GBA3	57733	0	NA
GBE1	2632	311	NA
GBF1	8729	-3	NA
GBGT1	26301	1	NA
GBP1	2633	-122	NA
GBP2	2634	44	NA
GBP3	2635	-16	NA
GBP4	115361	-95	NA
GBP5	115362	-8	NA
GBP6	163351	-2	NA
GBP7	388646	-6	NA
GBX1	2636	42	NA
GBX2	2637	-89	NA
GC	2638	-4	NA
GCA	25801	-49	NA
GCAT	23464	-58	NA
GCC1	79571	-37	NA
GCC2	9648	59	NA
GCDH	2639	-135	NA
GCFC2	6936	-119	NA
GCG	2641	-3	NA
GCGR	2642	39	NA
GCH1	2643	-111	NA
GCHFR	2644	62	NA
GCK	2645	-7	NA
GCKR	2646	19	NA
GCLC	2729	8	NA
GCLM	2730	-111	NA
GCM1	8521	34	NA
GCM2	9247	-22	NA
GCN1	10985	-60	NA
GCNA	93953	73	NA
GCNT1	2650	-33	NA
GCNT2	2651	-83	NA
GCNT3	9245	37	NA
GCNT4	51301	-10	NA
GCNT7	140687	-5	NA
GCOM1	145781	14	NA
GCSAM	257144	1	NA
GCSAML	148823	74	NA
GCSAML-AS1	148824	8	NA
GCSH	2653	-151	NA
GDA	9615	-9	NA
GDAP1	54332	-137	NA
GDAP1L1	78997	12	NA
GDAP2	54834	-13	NA
GDE1	51573	-8	NA
GDF1	2657	6	NA
GDF10	2662	-22	NA
GDF11	10220	-58	NA
GDF15	9518	115	NA
GDF2	2658	-13	NA
GDF3	9573	5	NA
GDF5	8200	25	NA
GDF5OS		9	NA
GDF6	392255	-4	NA
GDF7	151449	11	NA
GDF9	2661	44	NA
GDI1	2664	75	NA
GDI2	2665	-33	NA
GDNF	2668	39	NA
GDPD1	284161	-25	NA
GDPD2	54857	-29	NA
GDPD3	79153	54	NA
GDPD4	220032	8	NA
GDPD5	81544	100	NA
GDPGP1	390637	-48	NA
GEM	2669	133	NA
GEMIN2	8487	-105	NA
GEMIN4	50628	-129	NA
GEMIN5	25929	-165	NA
GEMIN6	79833	-148	NA
GEMIN7	79760	-34	NA
GEMIN8	54960	35	NA
GEN1	348654	-82	NA
GET4	51608	-35	NA
GFAP	2670	40	NA
GFER	2671	-78	NA
GFI1	2672	-49	NA
GFI1B	8328	5	NA
GFM1	85476	-184	NA
GFM2	84340	-66	NA
GFOD1	54438	-73	NA
GFOD2	81577	-14	NA
GFPT1	2673	44	NA
GFPT2	9945	81	NA
GFRA1	2674	-19	NA
GFRA2	2675	97	NA
GFRA3	2676	18	NA
GFRA4	64096	3	NA
GFRAL	389400	15	NA
GFY	100507003	-12	NA
GGA1	26088	-25	NA
GGA2	23062	61	NA
GGA3	23163	-23	NA
GGACT	87769	-36	NA
GGCT	79017	-157	NA
GGCX	2677	-73	NA
GGH	8836	-38	NA
GGN	199720	75	NA
GGNBP2	79893	13	NA
GGPS1	9453	-22	NA
GGT1	2678	-67	NA
GGT2		-31	NA
GGT5	2687	-12	NA
GGT6	124975	14	NA
GGT7	2686	47	NA
GGTLC1	92086	-11	NA
GGTLC2	91227	-12	NA
GGTLC3	728226	-27	NA
GH1	2688	14	NA
GH2	2689	8	NA
GHDC	84514	-41	NA
GHITM	27069	-29	NA
GHR	2690	13	NA
GHRH	2691	-23	NA
GHRHR	2692	-14	NA
GHRL	51738	-41	NA
GHSR	2693	-6	NA
GID4	79018	48	NA
GID8	54994	5	NA
GIGYF1	64599	15	NA
GIGYF2	26058	-21	NA
GIMAP1	170575	-5	NA
GIMAP1-GIMAP5	100527949	4	NA
GIMAP2	26157	-88	NA
GIMAP4	55303	-39	NA
GIMAP5	55340	51	NA
GIMAP6	474344	-24	NA
GIMAP7	168537	-14	NA
GIMAP8	155038	-15	NA
GIMD1	100507096	-21	NA
GIN1	54826	-62	NA
GINM1	116254	-7	NA
GINS1	9837	-171	NA
GINS2	51659	-137	NA
GINS3	64785	-193	NA
GINS4	84296	-143	NA
GIP	2695	3	NA
GIPC1	10755	-77	NA
GIPC2	54810	-13	NA
GIPC3	126326	43	NA
GIPR	2696	125	NA
GIT1	28964	-12	NA
GIT2	9815	-11	NA
GJA1	2697	57	NA
GJA10	84694	-18	NA
GJA3	2700	69	NA
GJA4	2701	-1	NA
GJA5	2702	-23	NA
GJA8	2703	0	NA
GJA9	81025	2	NA
GJB1	2705	-9	NA
GJB2	2706	59	NA
GJB3	2707	81	NA
GJB4	127534	64	NA
GJB5	2709	27	NA
GJB6	10804	29	NA
GJB7	375519	14	NA
GJC1	10052	4	NA
GJC2	57165	95	NA
GJC3	349149	-76	NA
GJD2	57369	-9	NA
GJD3	125111	-49	NA
GJD4	219770	41	NA
GJE1	100126572	-2	NA
GK	2710	-116	NA
GK2	2712	0	NA
GK3P		53	NA
GK5	256356	-64	NA
GKAP1	80318	43	NA
GKN1	56287	-16	NA
GKN2	200504	4	NA
GLA	2717	-87	NA
GLB1	2720	-5	NA
GLB1L	79411	-45	NA
GLB1L2	89944	-37	NA
GLB1L3	112937	12	NA
GLCCI1	113263	10	NA
GLCE	26035	9	NA
GLDC	2731	-40	NA
GLDN	342035	-68	NA
GLE1	2733	-26	NA
GLG1	2734	105	NA
GLI1	2735	-51	NA
GLI2	2736	-28	NA
GLI3	2737	0	NA
GLI4	2738	10	NA
GLIPR1	11010	-39	NA
GLIPR1L1	256710	4	NA
GLIPR1L2	144321	48	NA
GLIPR2	152007	-55	NA
GLIS1	148979	-11	NA
GLIS2	84662	108	NA
GLIS3	169792	92	NA
GLMN	11146	-136	NA
GLMP	112770	-35	NA
GLO1	2739	-20	NA
GLOD4	51031	-30	NA
GLOD5	392465	7	NA
GLP1R	2740	-13	NA
GLP2R	9340	3	NA
GLRA1	2741	-3	NA
GLRA2	2742	-12	NA
GLRA3	8001	-6	NA
GLRA4	441509	24	NA
GLRB	2743	-18	NA
GLRX	2745	161	NA
GLRX2	51022	-141	NA
GLRX3	10539	-74	NA
GLRX5	51218	-90	NA
GLS	2744	7	NA
GLS2	27165	-32	NA
GLT1D1	144423	10	NA
GLT6D1	360203	2	NA
GLT8D1	55830	23	NA
GLT8D2	83468	-26	NA
GLTP	51228	64	NA
GLTPD2	388323	-61	NA
GLUD1	2746	-20	NA
GLUD2	2747	-91	NA
GLUL	2752	1	NA
GLYAT	10249	-11	NA
GLYATL1	92292	22	NA
GLYATL1B	100287520	-2	NA
GLYATL2	219970	36	NA
GLYATL3	389396	-3	NA
GLYCTK	132158	-75	NA
GLYR1	84656	-79	NA
GM2A	2760	39	NA
GMCL1	64395	14	NA
GMCL2	64396	5	NA
GMDS	2762	-57	NA
GMEB1	10691	-13	NA
GMEB2	26205	-12	NA
GMFB	2764	-76	NA
GMFG	9535	-2	NA
GMIP	51291	-15	NA
GML	2765	7	NA
GMNC	647309	-4	NA
GMNN	51053	-119	NA
GMPPA	29926	16	NA
GMPPB	29925	-119	NA
GMPR	2766	-91	NA
GMPR2	51292	-23	NA
GMPS	8833	-81	NA
GNA11	2767	-35	NA
GNA12	2768	-46	NA
GNA13	10672	54	NA
GNA14	9630	21	NA
GNA15	2769	37	NA
GNAI1	2770	10	NA
GNAI2	2771	2	NA
GNAI3	2773	11	NA
GNAL	2774	-18	NA
GNAO1	2775	33	NA
GNAQ	2776	-19	NA
GNAS	2778	47	NA
GNAT1	2779	-12	NA
GNAT2	2780	-31	NA
GNAT3	346562	-22	NA
GNAZ	2781	-19	NA
GNB1	2782	12	NA
GNB1L	54584	-115	NA
GNB2	2783	11	NA
GNB3	2784	-28	NA
GNB4	59345	-25	NA
GNB5	10681	-5	NA
GNE	10020	9	NA
GNG10	2790	-32	NA
GNG11	2791	-28	NA
GNG12	55970	-41	NA
GNG13	51764	8	NA
GNG14	105372280	-2	NA
GNG2	54331	-19	NA
GNG3	2785	-46	NA
GNG4	2786	70	NA
GNG5	2787	4	NA
GNG7	2788	51	NA
GNG8	94235	36	NA
GNGT1	2792	-16	NA
GNGT2	2793	20	NA
GNL1	2794	-7	NA
GNL2	29889	-92	NA
GNL3	26354	-89	NA
GNL3L	54552	-133	NA
GNLY	10578	27	NA
GNMT	27232	-76	NA
GNPAT	8443	-27	NA
GNPDA1	10007	-128	NA
GNPDA2	132789	-59	NA
GNPNAT1	64841	-106	NA
GNPTAB	79158	-51	NA
GNPTG	84572	-5	NA
GNRH1	2796	214	NA
GNRH2	2797	-16	NA
GNRHR	2798	2	NA
GNS	2799	10	NA
GOLGA1	2800	-22	NA
GOLGA2	2801	60	NA
GOLGA3	2802	3	NA
GOLGA4	2803	34	NA
GOLGA5	9950	28	NA
GOLGA6A	342096	93	NA
GOLGA6B	55889	16	NA
GOLGA6C	653641	26	NA
GOLGA6D	653643	56	NA
GOLGA6L1	283767	62	NA
GOLGA6L10	647042	151	NA
GOLGA6L2	283685	52	NA
GOLGA6L22	440243	3	NA
GOLGA6L4	643707	92	NA
GOLGA6L6	727832	-2	NA
GOLGA6L7	728310	96	NA
GOLGA6L9	440295	175	NA
GOLGA7	51125	-1	NA
GOLGA7B	401647	140	NA
GOLGA8A	23015	192	NA
GOLGA8B	440270	52	NA
GOLGA8F	100132565	106	NA
GOLGA8G	283768	-9	NA
GOLGA8H	728498	9	NA
GOLGA8J	653073	22	NA
GOLGA8K	653125	24	NA
GOLGA8M	653720	80	NA
GOLGA8N	643699	131	NA
GOLGA8O	728047	91	NA
GOLGA8Q	727909	20	NA
GOLGA8R	101059918	115	NA
GOLGA8S	653061	32	NA
GOLGA8T	653075	37	NA
GOLGB1	2804	54	NA
GOLIM4	27333	-91	NA
GOLM1	51280	-56	NA
GOLPH3	64083	-11	NA
GOLPH3L	55204	38	NA
GOLT1A	127845	35	NA
GOLT1B	51026	-6	NA
GON4L	54856	-28	NA
GON7	84520	-123	NA
GOPC	57120	-47	NA
GORAB	92344	-22	NA
GORASP1	64689	-55	NA
GORASP2	26003	-30	NA
GOSR1	9527	-53	NA
GOSR2	9570	-57	NA
GOT1	2805	-95	NA
GOT1L1	137362	2	NA
GOT2	2806	-130	NA
GP1BA	2811	-15	NA
GP1BB	2812	64	NA
GP2	2813	-10	NA
GP5	2814	15	NA
GP6	51206	51	NA
GP9	2815	-8	NA
GPA33	10223	22	NA
GPAA1	8733	-72	NA
GPALPP1	55425	-41	NA
GPAM	57678	-146	NA
GPANK1	7918	-6	NA
GPAT2	150763	-50	NA
GPAT3	84803	-50	NA
GPAT4	137964	-40	NA
GPATCH1	55094	-41	NA
GPATCH11	253635	-65	NA
GPATCH2	55105	-22	NA
GPATCH2L	55668	24	NA
GPATCH3	63906	-69	NA
GPATCH4	54865	-257	NA
GPATCH8	23131	-5	NA
GPBAR1	151306	4	NA
GPBP1	65056	20	NA
GPBP1L1	60313	23	NA
GPC1	2817	-11	NA
GPC2	221914	51	NA
GPC3	2719	35	NA
GPC4	2239	17	NA
GPC5	2262	46	NA
GPC6	10082	9	NA
GPCPD1	56261	-54	NA
GPD1	2819	-137	NA
GPD1L	23171	-134	NA
GPD2	2820	-67	NA
GPER1	2852	41	NA
GPHA2	170589	18	NA
GPHB5	122876	0	NA
GPHN	10243	-36	NA
GPI	2821	276	NA
GPIHBP1	338328	3	NA
GPKOW	27238	-50	NA
GPLD1	2822	-19	NA
GPM6A	2823	-41	NA
GPM6B	2824	-22	NA
GPN1	11321	-72	NA
GPN2	54707	-46	NA
GPN3	51184	-57	NA
GPNMB	10457	82	NA
GPR1		-45	NA
GPR101	83550	7	NA
GPR107	57720	2	NA
GPR108	56927	5	NA
GPR119	139760	-2	NA
GPR12	2835	-7	NA
GPR132	29933	65	NA
GPR135	64582	-40	NA
GPR137	56834	-16	NA
GPR137B	7107	101	NA
GPR137C	283554	33	NA
GPR139	124274	-5	NA
GPR141	353345	-14	NA
GPR142	350383	14	NA
GPR143	4935	-55	NA
GPR146	115330	321	NA
GPR148	344561	20	NA
GPR149	344758	-12	NA
GPR15	2838	-30	NA
GPR150	285601	-20	NA
GPR151	134391	-8	NA
GPR152	390212	-3	NA
GPR153	387509	34	NA
GPR155	151556	188	NA
GPR156	165829	-61	NA
GPR157	80045	39	NA
GPR158	57512	-35	NA
GPR160	26996	157	NA
GPR161	23432	55	NA
GPR162	27239	35	NA
GPR17	2840	21	NA
GPR171	29909	-11	NA
GPR173	54328	102	NA
GPR174	84636	43	NA
GPR176	11245	-15	NA
GPR179	440435	55	NA
GPR18	2841	-17	NA
GPR180	160897	-20	NA
GPR182		7	NA
GPR183	1880	-22	NA
GPR19	2842	-49	NA
GPR20	2843	2	NA
GPR21	2844	-18	NA
GPR22	2845	-22	NA
GPR25	2848	2	NA
GPR26	2849	33	NA
GPR27	2850	-47	NA
GPR3	2827	-151	NA
GPR31	2853	2	NA
GPR32	2854	8	NA
GPR33	2856	-11	NA
GPR34	2857	-7	NA
GPR35	2859	88	NA
GPR37	2861	-54	NA
GPR37L1	9283	99	NA
GPR39	2863	-53	NA
GPR4	2828	-14	NA
GPR42	2866	1	NA
GPR45	11250	-29	NA
GPR50	9248	-11	NA
GPR52	9293	-23	NA
GPR55	9290	29	NA
GPR6	2830	-11	NA
GPR61	83873	9	NA
GPR62	118442	7	NA
GPR63	81491	-120	NA
GPR65	8477	30	NA
GPR68	8111	-43	NA
GPR75	10936	-85	NA
GPR75-ASB3	100302652	-5	NA
GPR78	27201	9	NA
GPR82	27197	50	NA
GPR83	10888	37	NA
GPR84	53831	-9	NA
GPR85	54329	-71	NA
GPR87	53836	53	NA
GPR88	54112	-40	NA
GPR89A		-105	NA
GPR89B		-32	NA
GPRASP1	9737	3	NA
GPRASP2	114928	-52	NA
GPRC5A	9052	215	NA
GPRC5B	51704	54	NA
GPRC5C	55890	131	NA
GPRC5D	55507	36	NA
GPRC6A	222545	-4	NA
GPRIN1	114787	-86	NA
GPRIN2	9721	42	NA
GPRIN3	285513	-1	NA
GPS1	2873	-103	NA
GPS2	2874	-55	NA
GPSM1	26086	68	NA
GPSM2	29899	-4	NA
GPSM3	63940	16	NA
GPT	2875	88	NA
GPT2	84706	119	NA
GPX1	2876	-54	NA
GPX2	2877	-64	NA
GPX3	2878	25	NA
GPX4	2879	-23	NA
GPX5	2880	-6	NA
GPX6	257202	5	NA
GPX7	2882	2	NA
GPX8	493869	-11	NA
GRAMD1A	57655	54	NA
GRAMD1B	57476	37	NA
GRAMD1C	54762	16	NA
GRAMD2A	196996	-113	NA
GRAMD2B	65983	-6	NA
GRAMD4	23151	22	NA
GRAP	10750	83	NA
GRAP2	9402	34	NA
GRAPL	400581	59	NA
GRASP		-21	NA
GRB10	2887	36	NA
GRB14	2888	-63	NA
GRB2	2885	-35	NA
GRB7	2886	104	NA
GREB1	9687	34	NA
GREB1L	80000	-16	NA
GREM1	26585	2	NA
GREM2	64388	3	NA
GRHL1	29841	-63	NA
GRHL2	79977	-13	NA
GRHL3	57822	-43	NA
GRHPR	9380	-63	NA
GRIA1	2890	22	NA
GRIA2	2891	0	NA
GRIA3	2892	29	NA
GRIA4	2893	-6	NA
GRID1	2894	51	NA
GRID2	2895	2	NA
GRID2IP	392862	35	NA
GRIFIN	402635	-3	NA
GRIK1	2897	-17	NA
GRIK2	2898	54	NA
GRIK3	2899	3	NA
GRIK4	2900	37	NA
GRIK5	2901	53	NA
GRIN1	2902	-5	NA
GRIN2A	2903	49	NA
GRIN2B	2904	10	NA
GRIN2C	2905	49	NA
GRIN2D	2906	90	NA
GRIN3A	116443	-7	NA
GRIN3B	116444	158	NA
GRINA	2907	-14	NA
GRIP1	23426	-7	NA
GRIP2	80852	42	NA
GRIPAP1	56850	9	NA
GRK1	6011	61	NA
GRK2	156	8	NA
GRK3	157	-42	NA
GRK4	2868	-57	NA
GRK5	2869	64	NA
GRK6	2870	-76	NA
GRK7	131890	34	NA
GRM1	2911	6	NA
GRM2	2912	-25	NA
GRM3	2913	-5	NA
GRM4	2914	76	NA
GRM5	2915	-4	NA
GRM6	2916	22	NA
GRM7	2917	-26	NA
GRM8	2918	10	NA
GRN	2896	63	NA
GRP	2922	-18	NA
GRPEL1	80273	17	NA
GRPEL2	134266	-24	NA
GRPR	2925	-14	NA
GRSF1	2926	7	NA
GRTP1	79774	1	NA
GRWD1	83743	-203	NA
GRXCR1	389207	2	NA
GRXCR2	643226	-5	NA
GSAP	54103	-78	NA
GSC	145258	-41	NA
GSC2	2928	-2	NA
GSDMA	284110	67	NA
GSDMB	55876	110	NA
GSDMC	56169	10	NA
GSDMD	79792	-72	NA
GSDME	1687	-5	NA
GSE1	23199	42	NA
GSG1	83445	-19	NA
GSG1L	146395	34	NA
GSG1L2	644070	0	NA
GSK3A	2931	-43	NA
GSK3B	2932	33	NA
GSKIP	51527	-60	NA
GSN	2934	140	NA
GSPT1	2935	-73	NA
GSPT2	23708	-43	NA
GSR	2936	-121	NA
GSS	2937	-53	NA
GSTA1	2938	-25	NA
GSTA2	2939	-22	NA
GSTA3	2940	-15	NA
GSTA4	2941	-48	NA
GSTA5	221357	0	NA
GSTCD	79807	-56	NA
GSTK1	373156	-84	NA
GSTM1	2944	-54	NA
GSTM2	2946	21	NA
GSTM3	2947	0	NA
GSTM4	2948	-77	NA
GSTM5	2949	-24	NA
GSTO1	9446	-45	NA
GSTO2	119391	-66	NA
GSTP1	2950	-18	NA
GSTT2	2953	10	NA
GSTT2B	653689	11	NA
GSTT4	25774	13	NA
GSTZ1	2954	-45	NA
GSX1	219409	21	NA
GSX2	170825	10	NA
GTDC1		-35	NA
GTF2A1	2957	-37	NA
GTF2A1L	11036	26	NA
GTF2A2	2958	-79	NA
GTF2B	2959	-45	NA
GTF2E1	2960	-30	NA
GTF2E2	2961	-30	NA
GTF2F1	2962	-31	NA
GTF2F2	2963	-107	NA
GTF2H1	2965	-59	NA
GTF2H2	2966	-180	NA
GTF2H2C	728340	-163	NA
GTF2H3	2967	-123	NA
GTF2H4	2968	-70	NA
GTF2H5	404672	-38	NA
GTF2I	2969	-23	NA
GTF2IRD1	9569	-26	NA
GTF2IRD2	84163	37	NA
GTF2IRD2B	389524	120	NA
GTF3A	2971	-63	NA
GTF3C1	2975	-72	NA
GTF3C2	2976	-74	NA
GTF3C3	9330	-80	NA
GTF3C4	9329	-50	NA
GTF3C5	9328	-22	NA
GTF3C6	112495	-130	NA
GTPBP1	9567	41	NA
GTPBP10	85865	-117	NA
GTPBP2	54676	62	NA
GTPBP3	84705	-81	NA
GTPBP4	23560	-144	NA
GTPBP6	8225	-93	NA
GTPBP8	29083	-64	NA
GTSE1	51512	-67	NA
GTSF1	121355	-5	NA
GTSF1L	149699	-21	NA
GUCA1A	2978	54	NA
GUCA1B	2979	25	NA
GUCA1C	9626	1	NA
GUCA2A	2980	4	NA
GUCA2B	2981	2	NA
GUCD1	83606	-14	NA
GUCY1A1	2982	-72	NA
GUCY1A2	2977	-33	NA
GUCY1B1	2983	-52	NA
GUCY2C	2984	3	NA
GUCY2D	3000	49	NA
GUCY2F	2986	2	NA
GUF1	60558	-89	NA
GUK1	2987	66	NA
GULP1	51454	-46	NA
GUSB	2990	9	NA
GVQW2		19	NA
GVQW3	100506127	7	NA
GXYLT1	283464	-51	NA
GXYLT2	727936	73	NA
GYG1	2992	-148	NA
GYG2	8908	-89	NA
GYPA	2993	-2	NA
GYPB	2994	13	NA
GYPC	2995	27	NA
GYPE	2996	-4	NA
GYS1	2997	243	NA
GYS2	2998	-5	NA
GZF1	64412	-18	NA
GZMA	3001	0	NA
GZMB	3002	-14	NA
GZMH	2999	4	NA
GZMK	3003	-3	NA
GZMM	3004	59	NA
H1F0		107	NA
H1FNT		-11	NA
H1FOO		-18	NA
H1FX		4	NA
H2AFB1		22	NA
H2AFB2		-18	NA
H2AFB3		4	NA
H2AFJ		-25	NA
H2AFV		-29	NA
H2AFX		-120	NA
H2AFY		-77	NA
H2AFY2		-47	NA
H2AFZ		-82	NA
H2BFM		36	NA
H2BFWT		1	NA
H3F3A		-18	NA
H3F3B		-15	NA
H3F3C		-15	NA
H6PD	9563	67	NA
HAAO	23498	-54	NA
HABP2	3026	-31	NA
HABP4	22927	-86	NA
HACD1	9200	-4	NA
HACD2	201562	-67	NA
HACD3	51495	-112	NA
HACD4	401494	-7	NA
HACE1	57531	45	NA
HACL1	26061	-98	NA
HADH	3033	-74	NA
HADHA	3030	-17	NA
HADHB	3032	-7	NA
HAGH	3029	9	NA
HAGHL	84264	-78	NA
HAL	3034	-19	NA
HAMP	57817	-24	NA
HAND1	9421	22	NA
HAND2	9464	-17	NA
HAO1	54363	8	NA
HAO2	51179	-4	NA
HAP1	9001	37	NA
HAPLN1	1404	-23	NA
HAPLN2	60484	23	NA
HAPLN3	145864	16	NA
HAPLN4	404037	41	NA
HARBI1	283254	-140	NA
HARS		-120	NA
HARS2	23438	-1	NA
HAS1	3036	43	NA
HAS2	3037	53	NA
HAS3	3038	-84	NA
HASPIN	83903	-139	NA
HAT1	8520	-122	NA
HAUS1	115106	-116	NA
HAUS2	55142	-90	NA
HAUS3	79441	-21	NA
HAUS4	54930	-5	NA
HAUS5	23354	-96	NA
HAUS6	54801	-12	NA
HAUS7	55559	-159	U2904 1% and  U2932 1%
HAUS8	93323	-139	NA
HAVCR1	26762	47	NA
HAVCR2	84868	88	NA
HAX1	10456	-34	NA
HBA1	3039	96	NA
HBA2	3040	16	NA
HBB	3043	29	NA
HBD	100187828	9	NA
HBE1	3046	34	NA
HBEGF	1839	11	NA
HBG1	3047	0	NA
HBG2	3048	52	NA
HBM	3042	16	NA
HBP1	26959	185	NA
HBQ1	3049	-3	NA
HBS1L	10767	-8	NA
HBZ	3050	26	NA
HCAR1	27198	33	NA
HCAR2	338442	37	NA
HCAR3	8843	28	NA
HCCS	3052	-108	U2904 1% and  U2932 1%
HCFC1	3054	-55	NA
HCFC1R1	54985	172	NA
HCFC2	29915	22	NA
HCK	3055	24	NA
HCLS1	3059	-7	NA
HCN1	348980	-9	NA
HCN2	610	114	NA
HCN3	57657	59	NA
HCN4	10021	5	NA
HCRT	3060	-21	NA
HCRTR1	3061	2	NA
HCRTR2	3062	-13	NA
HCST	10870	25	NA
HDAC1	3065	-54	NA
HDAC10	83933	-23	NA
HDAC11	79885	61	NA
HDAC2	3066	-47	NA
HDAC3	8841	67	NA
HDAC4	9759	-16	NA
HDAC5	10014	114	NA
HDAC6	10013	48	NA
HDAC7	51564	3	NA
HDAC8	55869	-26	NA
HDAC9	9734	3	NA
HDC	3067	-42	NA
HDDC2	51020	-89	NA
HDDC3	374659	-90	NA
HDGF	3068	-61	NA
HDGFL1	154150	-18	NA
HDGFL2	84717	-12	NA
HDGFL3	50810	-35	NA
HDHD2	84064	-46	NA
HDHD3	81932	-87	NA
HDHD5	27440	96	NA
HDLBP	3069	24	NA
HDX	139324	-51	NA
HEATR1	55127	-139	NA
HEATR3	55027	-122	NA
HEATR4	399671	-20	NA
HEATR5A	25938	-117	NA
HEATR5B	54497	38	NA
HEATR6	63897	-27	NA
HEATR9	256957	7	NA
HEBP1	50865	-3	NA
HEBP2	23593	-19	NA
HECA	51696	125	NA
HECTD1	25831	-35	NA
HECTD2	143279	-23	NA
HECTD3	79654	-28	NA
HECTD4	283450	38	NA
HECW1	23072	-60	NA
HECW2	57520	-87	NA
HEG1	57493	14	NA
HELB	92797	6	NA
HELLS	3070	-158	NA
HELQ	113510	-45	NA
HELT	391723	-1	NA
HELZ	9931	112	NA
HELZ2	85441	25	NA
HEMGN	55363	24	NA
HEMK1	51409	7	NA
HENMT1	113802	-70	NA
HEPACAM	220296	19	NA
HEPACAM2	253012	-36	NA
HEPH	9843	52	NA
HEPHL1	341208	4	NA
HEPN1	641654	7	NA
HERC1	8925	41	NA
HERC2	8924	-27	NA
HERC3	8916	211	NA
HERC4	26091	11	NA
HERC5	51191	-92	NA
HERC6	55008	-178	NA
HERPUD1	9709	101	NA
HERPUD2	64224	17	NA
HES1	3280	123	NA
HES2	54626	11	NA
HES3	390992	7	NA
HES4	57801	36	NA
HES5	388585	24	NA
HES6	55502	-81	NA
HES7	84667	98	NA
HESX1	8820	-49	NA
HEXA	3073	4	NA
HEXB	3074	-27	NA
HEXD	284004	4	NA
HEXIM1	10614	-23	NA
HEXIM2	124790	-4	NA
HEY1	23462	74	NA
HEY2	23493	-127	NA
HEYL	26508	-45	NA
HFE	3077	-3	NA
HFM1	164045	-35	NA
HGD	3081	-4	NA
HGF	3082	-32	NA
HGFAC	3083	90	NA
HGH1	51236	-196	NA
HGS	9146	20	NA
HGSNAT	138050	26	NA
HHAT	55733	76	NA
HHATL	57467	3	NA
HHEX	3087	-105	NA
HHIP	64399	22	NA
HHIPL1	84439	28	NA
HHIPL2	79802	-28	NA
HHLA1	10086	-5	NA
HHLA2	11148	71	NA
HHLA3		49	NA
HIBADH	11112	-26	U2904 1% and  U2932 1%
HIBCH	26275	-109	NA
HIC1	3090	149	NA
HIC2	23119	43	NA
HID1	283987	11	NA
HIF1A	3091	-149	NA
HIF1AN	55662	-34	NA
HIF3A	64344	81	NA
HIGD1A	25994	-117	NA
HIGD1B	51751	2	NA
HIGD1C	613227	2	NA
HIGD2A	192286	-18	NA
HIGD2B	123346	21	NA
HIKESHI	51501	-55	NA
HILPDA	29923	301	NA
HINFP	25988	72	NA
HINT1	3094	-9	NA
HINT2	84681	-87	NA
HINT3	135114	7	NA
HIP1	3092	-40	NA
HIP1R	9026	-41	NA
HIPK1	204851	13	NA
HIPK2	28996	3	NA
HIPK3	10114	63	NA
HIPK4	147746	-38	NA
HIRA	7290	-115	NA
HIRIP3	8479	-69	NA
HIST1H1A		-14	NA
HIST1H1B		-92	NA
HIST1H1C		44	NA
HIST1H1D		-3	NA
HIST1H1E		-30	NA
HIST1H1T		18	NA
HIST1H2AA		0	NA
HIST1H2AB		-66	NA
HIST1H2AC		77	NA
HIST1H2AD		-6	NA
HIST1H2AE		5	NA
HIST1H2AG		6	NA
HIST1H2AH		-57	NA
HIST1H2AI		-42	NA
HIST1H2AJ		-60	NA
HIST1H2AK		23	NA
HIST1H2AL		-61	NA
HIST1H2AM		-50	NA
HIST1H2BA		-7	NA
HIST1H2BB		-49	NA
HIST1H2BC		16	NA
HIST1H2BD		146	NA
HIST1H2BE		76	NA
HIST1H2BF		8	NA
HIST1H2BG		30	NA
HIST1H2BH		39	NA
HIST1H2BI		-63	NA
HIST1H2BJ		-18	NA
HIST1H2BK		-68	NA
HIST1H2BL		-46	NA
HIST1H2BM		-74	NA
HIST1H2BN		48	NA
HIST1H2BO		-47	NA
HIST1H3A		-56	NA
HIST1H3B		-76	NA
HIST1H3C		-70	NA
HIST1H3D		-23	NA
HIST1H3E		49	NA
HIST1H3F		-30	NA
HIST1H3G		-16	NA
HIST1H3H		-54	NA
HIST1H3I		-44	NA
HIST1H3J		-77	NA
HIST1H4A		-91	NA
HIST1H4B		-32	NA
HIST1H4C		-34	NA
HIST1H4D		-35	NA
HIST1H4E		2	NA
HIST1H4F		-19	NA
HIST1H4G		-4	NA
HIST1H4H		43	NA
HIST1H4I		4	NA
HIST1H4J		-34	NA
HIST1H4K		-10	NA
HIST1H4L		-13	NA
HIST2H2AA3		38	NA
HIST2H2AA4		72	NA
HIST2H2AB		-53	NA
HIST2H2AC		-61	NA
HIST2H2BE		63	NA
HIST2H2BF		-14	NA
HIST2H3C		-19	NA
HIST2H3D		-77	NA
HIST2H3PS2		-68	NA
HIST2H4A		-21	NA
HIST2H4B		42	NA
HIST3H2A		29	NA
HIST3H2BB		73	NA
HIST3H3		22	NA
HIST4H4		34	NA
HIVEP1	3096	14	NA
HIVEP2	3097	152	NA
HIVEP3	59269	-37	NA
HJURP	55355	1	NA
HJV	148738	-2	NA
HK1	3098	173	NA
HK2	3099	372	NA
HK3	3101	15	NA
HKDC1	80201	66	NA
HKR1		14	NA
HLA-A	3105	145	NA
HLA-B	3106	151	NA
HLA-C	3107	108	NA
HLA-DMA	3108	3	NA
HLA-DMB	3109	-67	NA
HLA-DOA	3111	-9	NA
HLA-DOB	3112	-80	NA
HLA-DPA1	3113	-45	NA
HLA-DPB1	3115	-20	NA
HLA-DQA1	3117	7	NA
HLA-DQA2	3118	-10	NA
HLA-DQB1	3119	54	NA
HLA-DQB2	3120	29	NA
HLA-DRA	3122	-8	NA
HLA-DRB1	3123	86	NA
HLA-DRB5	3127	-2	NA
HLA-E	3133	96	NA
HLA-F	3134	53	NA
HLA-G	3135	145	NA
HLCS	3141	-77	NA
HLF	3131	-22	NA
HLTF	6596	-22	NA
HLX	3142	-16	NA
HM13	81502	-21	NA
HMBOX1	79618	128	NA
HMBS	3145	-178	NA
HMCES	56941	-84	NA
HMCN1	83872	-38	NA
HMCN2	256158	49	NA
HMG20A	10363	-6	NA
HMG20B	10362	12	NA
HMGA1	3159	-45	NA
HMGA2	8091	-17	NA
HMGB1	3146	-111	NA
HMGB2	3148	1	NA
HMGB3	3149	-110	NA
HMGB4	127540	-1	NA
HMGCL	3155	147	NA
HMGCLL1	54511	71	NA
HMGCR	3156	-3	NA
HMGCS1	3157	-15	NA
HMGCS2	3158	-40	NA
HMGN1	3150	-23	NA
HMGN2	3151	-61	NA
HMGN3	9324	-93	NA
HMGN4	10473	2	NA
HMGN5	79366	-131	NA
HMGXB3	22993	-33	NA
HMGXB4	10042	-19	NA
HMHB1	57824	5	NA
HMMR	3161	-56	NA
HMOX1	3162	101	U2904 1% and  U2932 1%
HMOX2	3163	-115	NA
HMSD	284293	-30	NA
HMX1	3166	9	NA
HMX2	3167	0	NA
HMX3	340784	23	NA
HNF1A	6927	52	NA
HNF1B	6928	38	NA
HNF4A	3172	10	NA
HNF4G	3174	-67	NA
HNMT	3176	-1	NA
HNRNPA0	10949	-72	NA
HNRNPA1	3178	-35	NA
HNRNPA1L2	144983	-64	NA
HNRNPA1P48		-2	NA
HNRNPA2B1	3181	-74	NA
HNRNPA3	220988	-76	NA
HNRNPAB	3182	-171	NA
HNRNPC	3183	-23	NA
HNRNPCL1	343069	2	NA
HNRNPCL2	440563	-16	NA
HNRNPCL3	649330	-12	NA
HNRNPCL4	101060301	3	NA
HNRNPD	3184	-73	NA
HNRNPDL	9987	-65	NA
HNRNPF	3185	-92	NA
HNRNPH1	3187	-21	NA
HNRNPH2	3188	-34	NA
HNRNPH3	3189	-35	NA
HNRNPK	3190	-13	NA
HNRNPL	3191	-54	NA
HNRNPLL	92906	-20	NA
HNRNPM	4670	-94	NA
HNRNPR	10236	-105	NA
HNRNPU	3192	-64	NA
HNRNPUL1	11100	-15	NA
HNRNPUL2	221092	25	NA
HNRNPUL2-BSCL2	100534595	11	NA
HOGA1	112817	-26	NA
HOMER1	9456	-21	NA
HOMER2	9455	5	NA
HOMER3	9454	-21	NA
HOMEZ	57594	-32	NA
HOOK1	51361	0	NA
HOOK2	29911	73	NA
HOOK3	84376	25	NA
HOPX	84525	-45	NA
HORMAD1	84072	-18	NA
HORMAD2	150280	-5	NA
HOXA1	3198	-103	NA
HOXA10	3206	-81	NA
HOXA11	3207	-67	NA
HOXA13	3209	139	NA
HOXA2	3199	-13	NA
HOXA3	3200	-9	NA
HOXA4	3201	72	NA
HOXA5	3202	10	NA
HOXA6	3203	39	NA
HOXA7	3204	-89	NA
HOXA9	3205	-66	NA
HOXB1	3211	-10	NA
HOXB13	10481	-24	NA
HOXB2	3212	-79	NA
HOXB3	3213	-5	NA
HOXB4	3214	-41	NA
HOXB5	3215	-17	NA
HOXB6	3216	-37	NA
HOXB7	3217	-31	NA
HOXB8	3218	-6	NA
HOXB9	3219	57	NA
HOXC10	3226	-12	NA
HOXC11	3227	-45	NA
HOXC12	3228	-61	NA
HOXC13	3229	-62	NA
HOXC4	3221	-59	NA
HOXC5	3222	-65	NA
HOXC6	3223	-25	NA
HOXD1	3231	68	NA
HOXD10	3236	82	NA
HOXD11	3237	64	NA
HOXD12	3238	-18	NA
HOXD13	3239	-32	NA
HOXD3	3232	43	NA
HOXD4	3233	-14	NA
HOXD8	3234	7	NA
HOXD9	3235	41	NA
HP	3240	9	NA
HP1BP3	50809	-20	NA
HPCA	3208	108	NA
HPCAL1	3241	54	NA
HPCAL4	51440	136	NA
HPD	3242	-20	NA
HPDL	84842	-212	NA
HPF1	54969	-101	NA
HPGD	3248	11	NA
HPGDS	27306	16	NA
HPN	3249	55	NA
HPR	3250	-1	NA
HPRT1	3251	28	NA
HPS1	3257	-13	NA
HPS3	84343	41	NA
HPS4	89781	-3	NA
HPS5	11234	-64	NA
HPS6	79803	-113	NA
HPSE	10855	-42	NA
HPSE2	60495	-22	NA
HPX	3263	21	NA
HR	55806	78	NA
HRAS	3265	-34	NA
HRASLS		32	NA
HRASLS2		-58	NA
HRASLS5		-25	NA
HRC	3270	10	NA
HRCT1	646962	-67	NA
HRG	3273	-15	NA
HRH1	3269	94	NA
HRH2	3274	-8	NA
HRH3	11255	26	NA
HRH4	59340	86	NA
HRK	8739	37	NA
HRNR	388697	-13	NA
HS1BP3	64342	23	NA
HS2ST1	9653	-11	NA
HS3ST1	9957	-23	NA
HS3ST2	9956	41	NA
HS3ST3A1	9955	-43	NA
HS3ST3B1	9953	39	NA
HS3ST4	9951	5	NA
HS3ST5	222537	-8	NA
HS3ST6	64711	17	NA
HS6ST1	9394	1	NA
HS6ST2	90161	-41	NA
HS6ST3	266722	15	NA
HSBP1	3281	-30	NA
HSBP1L1	440498	50	NA
HSCB	150274	-26	NA
HSD11B1	3290	9	NA
HSD11B1L	374875	105	NA
HSD11B2	3291	-44	NA
HSD17B1	3292	4	NA
HSD17B10	3028	-144	NA
HSD17B11	51170	-28	NA
HSD17B12	51144	2	NA
HSD17B13	345275	70	NA
HSD17B14	51171	45	NA
HSD17B2	3294	50	NA
HSD17B3	3293	-2	NA
HSD17B4	3295	-52	NA
HSD17B6	8630	-24	NA
HSD17B7	51478	20	NA
HSD17B8	7923	-43	NA
HSD3B1	3283	4	NA
HSD3B2	3284	-3	NA
HSD3B7	80270	52	NA
HSDL1	83693	56	NA
HSDL2	84263	-17	NA
HSF1	3297	-8	NA
HSF2	3298	-23	NA
HSF2BP	11077	23	NA
HSF4	3299	209	NA
HSF5	124535	-4	NA
HSFX1	100506164	69	NA
HSFX2	100130086	25	NA
HSFX3	101928917	-3	NA
HSFX4	101927685	-6	NA
HSFY1	86614	22	NA
HSFY2	159119	1	NA
HSH2D	84941	17	NA
HSP90AA1	3320	-83	NA
HSP90AB1	3326	-43	NA
HSP90B1	7184	85	NA
HSPA12A	259217	-16	NA
HSPA12B	116835	-14	NA
HSPA13	6782	91	NA
HSPA14	51182	-147	NA
HSPA1A	3303	-63	NA
HSPA1B	3304	-63	NA
HSPA1L	3305	28	NA
HSPA2	3306	-38	NA
HSPA4	3308	-153	NA
HSPA4L	22824	-43	NA
HSPA5	3309	78	NA
HSPA6	3310	35	NA
HSPA8	3312	-123	NA
HSPA9	3313	-97	NA
HSPB1	3315	17	NA
HSPB11		-36	NA
HSPB2	3316	36	NA
HSPB2-C11orf52	100528019	-10	NA
HSPB3	8988	-12	NA
HSPB6	126393	43	NA
HSPB7	27129	107	NA
HSPB8	26353	-49	NA
HSPB9	94086	-2	NA
HSPBAP1	79663	-168	NA
HSPBP1	23640	-107	NA
HSPD1	3329	-86	NA
HSPE1	3336	-128	NA
HSPE1-MOB4	100529241	-95	NA
HSPG2	3339	82	NA
HSPH1	10808	-133	NA
HTATIP2	10553	3	NA
HTATSF1	27336	-86	NA
HTD2	109703458	-71	NA
HTN1	3346	17	NA
HTN3	3347	-29	NA
HTR1A	3350	-14	NA
HTR1B	3351	-56	NA
HTR1D	3352	14	NA
HTR1E	3354	-7	NA
HTR1F	3355	-18	NA
HTR2A	3356	-15	NA
HTR2B	3357	-3	NA
HTR2C	3358	6	NA
HTR3A	3359	7	NA
HTR3B	9177	50	NA
HTR3C	170572	4	NA
HTR3D	200909	3	NA
HTR3E	285242	-2	NA
HTR4	3360	-14	NA
HTR5A	3361	58	NA
HTR6	3362	16	NA
HTR7	3363	-49	NA
HTRA1	5654	-12	NA
HTRA2	27429	-61	NA
HTRA3	94031	14	NA
HTRA4	203100	2	NA
HTT	3064	-8	NA
HUNK	30811	12	NA
HUS1	3364	-45	NA
HUS1B	135458	-23	NA
HUWE1	10075	17	NA
HVCN1	84329	43	NA
HYAL1	3373	-21	NA
HYAL2	8692	-123	NA
HYAL3	8372	48	NA
HYAL4	23553	-6	NA
HYDIN	54768	-13	NA
HYI	81888	8	NA
HYKK	123688	-112	NA
HYLS1	219844	-99	NA
HYOU1	10525	-25	NA
HYPK	25764	20	NA
HYPM		-11	NA
IAH1	285148	6	NA
IAPP	3375	18	NA
IARS		-95	NA
IARS2	55699	7	NA
IBA57	200205	16	NA
IBSP	3381	-41	NA
IBTK	25998	-41	NA
ICA1	3382	-20	NA
ICA1L	130026	-32	NA
ICAM1	3383	45	NA
ICAM2	3384	-16	NA
ICAM3	3385	-61	NA
ICAM4	3386	15	NA
ICAM5	7087	146	NA
ICE1	23379	-1	NA
ICE2	79664	-74	NA
ICK		25	NA
ICMT	23463	-131	NA
ICOS	29851	-9	NA
ICOSLG	23308	25	NA
ID1	3397	7	NA
ID2	3398	127	NA
ID3	3399	-98	NA
ID4	3400	-34	NA
IDE	3416	-132	NA
IDH1	3417	-59	NA
IDH2	3418	90	NA
IDH3A	3419	-153	NA
IDH3B	3420	-49	NA
IDH3G	3421	-16	NA
IDI1	3422	-2	NA
IDI2	91734	17	NA
IDNK	414328	-56	NA
IDO1	3620	12	NA
IDO2	169355	-12	NA
IDS	3423	108	NA
IDUA	3425	26	NA
IER2	9592	-20	NA
IER3	8870	204	NA
IER3IP1	51124	-28	NA
IER5	51278	4	NA
IER5L	389792	132	NA
IFFO1	25900	-35	NA
IFFO2	126917	37	NA
IFI16	3428	-27	NA
IFI27	3429	16	NA
IFI27L1	122509	19	NA
IFI27L2	83982	11	NA
IFI30	10437	-124	NA
IFI35	3430	-155	U2904 1% and  U2932 1%
IFI44	10561	-84	NA
IFI44L	10964	-77	NA
IFI6	2537	-63	NA
IFIH1	64135	-132	NA
IFIT1	3434	-90	NA
IFIT1B	439996	-14	NA
IFIT2	3433	-53	NA
IFIT3	3437	-115	NA
IFIT5	24138	-96	NA
IFITM1	8519	-20	NA
IFITM10	402778	69	NA
IFITM2	10581	-58	NA
IFITM3	10410	-62	NA
IFITM5	387733	3	NA
IFNA1	3439	-3	NA
IFNA10	3446	2	NA
IFNA13	3447	1	NA
IFNA14	3448	4	NA
IFNA16	3449	0	NA
IFNA17	3451	-1	NA
IFNA2	3440	2	NA
IFNA21	3452	7	NA
IFNA4	3441	7	NA
IFNA5	3442	-3	NA
IFNA6	3443	-3	NA
IFNA7	3444	0	NA
IFNA8	3445	-1	NA
IFNAR1	3454	27	NA
IFNAR2	3455	-51	NA
IFNB1	3456	-38	NA
IFNE	338376	-31	NA
IFNG	3458	-5	NA
IFNGR1	3459	-1	NA
IFNGR2	3460	32	NA
IFNK	56832	-1	NA
IFNL1	282618	-22	NA
IFNL2	282616	-29	NA
IFNL3	282617	-24	NA
IFNL4	101180976	2	NA
IFNLR1	163702	49	NA
IFNW1	3467	25	NA
IFRD1	3475	-19	NA
IFRD2	7866	-162	NA
IFT122	55764	-18	NA
IFT140	9742	76	NA
IFT172	26160	6	NA
IFT20	90410	20	NA
IFT22	64792	-68	NA
IFT27	11020	-50	NA
IFT43	112752	-32	NA
IFT46	56912	-82	NA
IFT52	51098	-33	NA
IFT57	55081	-54	NA
IFT74	80173	-42	NA
IFT80	57560	36	NA
IFT81	28981	45	NA
IFT88	8100	-46	NA
IGBP1	3476	64	NA
IGDCC3	9543	-69	NA
IGDCC4	57722	-30	NA
IGF1	3479	29	NA
IGF1R	3480	100	NA
IGF2	3481	143	NA
IGF2BP1	10642	-40	NA
IGF2BP2	10644	63	NA
IGF2BP3	10643	-40	NA
IGF2R	3482	3	NA
IGFALS	3483	3	NA
IGFBP1	3484	60	NA
IGFBP2	3485	45	NA
IGFBP3	3486	291	NA
IGFBP4	3487	-27	NA
IGFBP5	3488	111	NA
IGFBP6	3489	127	NA
IGFBP7	3490	-5	NA
IGFBPL1	347252	-38	NA
IGFL1	374918	64	NA
IGFL2	147920	28	NA
IGFL3	388555	-20	NA
IGFL4	444882	10	NA
IGFLR1	79713	-85	NA
IGFN1	91156	37	NA
IGHA1	3493	42	NA
IGHA2	3494	52	NA
IGHD	3495	-7	NA
IGHD1-1	28510	0	NA
IGHD1-14	28508	0	NA
IGHD1-20	28507	0	NA
IGHD1-26	28506	0	NA
IGHD1-7	28509	0	NA
IGHD1OR15-1A	28335	0	NA
IGHD3-10	28499	0	NA
IGHD3-3	28501	0	NA
IGHD3-9	28500	0	NA
IGHD5-12	28491	0	NA
IGHD5-18	28490	0	NA
IGHD5-24	28489	0	NA
IGHD5OR15-5A	28327	0	NA
IGHD6-13	28487	0	NA
IGHD6-19	28486	0	NA
IGHD6-25	28485	0	NA
IGHD6-6	28488	0	NA
IGHD7-27	28484	0	NA
IGHE	3497	-41	NA
IGHG1	3500	28	NA
IGHG2	3501	24	NA
IGHG3	3502	-2	NA
IGHG4	3503	44	NA
IGHJ1	28483	-1	NA
IGHJ2	28481	0	NA
IGHJ3	28479	1	NA
IGHJ4	28477	-5	NA
IGHJ5	28476	4	NA
IGHJ6	28475	-1	NA
IGHM	3507	4	NA
IGHMBP2	3508	-79	NA
IGHV1-18	28468	-2	NA
IGHV1-2	28474	-9	NA
IGHV1-24	28467	7	NA
IGHV1-3	28473	2	NA
IGHV1-45	28466	6	NA
IGHV1-46	28465	-1	NA
IGHV1-58	28464	-2	NA
IGHV1-69	28461	-1	NA
IGHV1-69-2	28458	11	NA
IGHV1-69D	102723169	6	NA
IGHV1OR15-9	390531	8	NA
IGHV1OR21-1	390530	9	NA
IGHV2-26	28455	0	NA
IGHV2-5	28457	-1	NA
IGHV2-70	28454	1	NA
IGHV2-70D	102723168	0	NA
IGHV2OR16-5	100129631	3	NA
IGHV3-11	28450	-4	NA
IGHV3-13	28449	-3	NA
IGHV3-15	28448	-2	NA
IGHV3-16	28447	-3	NA
IGHV3-20	28445	-2	NA
IGHV3-21	28444	-3	NA
IGHV3-23	28442	0	NA
IGHV3-30	28439	-1	NA
IGHV3-33	28434	-4	NA
IGHV3-35	28432	1	NA
IGHV3-38	28429	-5	NA
IGHV3-43	28426	5	NA
IGHV3-48	28424	-2	NA
IGHV3-49	28423	0	NA
IGHV3-53	28420	9	NA
IGHV3-64	28414	0	NA
IGHV3-64D	102723170	1	NA
IGHV3-66	28412	-2	NA
IGHV3-7	28452	-1	NA
IGHV3-72	28410	-2	NA
IGHV3-73	28409	5	NA
IGHV3-74	28408	17	NA
IGHV3OR15-7	28318	0	NA
IGHV3OR16-10	28306	1	NA
IGHV3OR16-12	28304	2	NA
IGHV3OR16-13	100287372	5	NA
IGHV3OR16-8	388255	0	NA
IGHV3OR16-9	28307	-1	NA
IGHV4-28	28400	4	NA
IGHV4-31	28396	0	NA
IGHV4-34	28395	3	NA
IGHV4-39	28394	-1	NA
IGHV4-4	28401	0	NA
IGHV4-59	28392	0	NA
IGHV4-61	28391	-1	NA
IGHV4OR15-8	28317	3	NA
IGHV5-10-1	28386	0	NA
IGHV5-51	28388	-4	NA
IGHV6-1	28385	-6	NA
IGHV7-4-1	57289	-5	NA
IGHV7-81	28378	1	NA
IGIP	492311	80	NA
IGKC	3514	-7	NA
IGKJ1	28950	-3	NA
IGKJ2	28949	0	NA
IGKJ3	28948	0	NA
IGKJ4	28947	-4	NA
IGKJ5	28946	0	NA
IGKV1-12	28940	3	NA
IGKV1-16	28938	-4	NA
IGKV1-17	28937	-3	NA
IGKV1-27	28935	-48	NA
IGKV1-33	28933	-11	NA
IGKV1-37	28931	-4	NA
IGKV1-39	28930	-2	NA
IGKV1-5	28299	-4	NA
IGKV1-6	28943	-3	NA
IGKV1-8	28942	-1	NA
IGKV1-9	28941	7	NA
IGKV1D-12	28903	-6	NA
IGKV1D-13	28902	-14	NA
IGKV1D-16	28901	-4	NA
IGKV1D-17	28900	3	NA
IGKV1D-33	28896	1	NA
IGKV1D-37	28894	2	NA
IGKV1D-39	28893	-7	NA
IGKV1D-42	28892	-1	NA
IGKV1D-43	28891	-26	NA
IGKV1D-8	28904	3	NA
IGKV1OR2-108	28862	13	NA
IGKV2-24	28923	-3	NA
IGKV2-28	28921	-5	NA
IGKV2-30	28919	-3	NA
IGKV2-40	28916	-3	NA
IGKV2D-24	28885	-1	NA
IGKV2D-26	28884	-1	NA
IGKV2D-28	28883	15	NA
IGKV2D-29	28882	-3	NA
IGKV2D-30	28881	1	NA
IGKV2D-40	28878	0	NA
IGKV3-11	28914	3	NA
IGKV3-15	28913	0	NA
IGKV3-20	28912	-3	NA
IGKV3-7	28915	-3	NA
IGKV3D-11	28876	0	NA
IGKV3D-15	28875	2	NA
IGKV3D-20	28874	0	NA
IGKV3D-7	28877	-1	NA
IGKV3OR2-268	3523	-4	NA
IGKV4-1	28908	3	NA
IGKV5-2	28907	0	NA
IGKV6-21	28906	1	NA
IGKV6D-21	28870	2	NA
IGKV6D-41	28869	-5	NA
IGLC1	3537	10	NA
IGLC2	3538	-15	NA
IGLC3	3539	5	NA
IGLC7	28834	27	NA
IGLJ1	28833	-2	NA
IGLJ2	28832	-3	NA
IGLJ3	28831	-2	NA
IGLJ4	28830	0	NA
IGLJ5	28829	0	NA
IGLJ6	28828	-1	NA
IGLJ7	28827	0	NA
IGLL1	3543	3	NA
IGLL5	100423062	-4	NA
IGLON5	402665	96	NA
IGLV1-36	28826	-3	NA
IGLV1-40	28825	-3	NA
IGLV1-44	28823	7	NA
IGLV1-47	28822	-7	NA
IGLV1-50	28821	0	NA
IGLV1-51	28820	-5	NA
IGLV10-54	28772	-2	NA
IGLV11-55	28770	6	NA
IGLV2-11	28816	-4	NA
IGLV2-14	28815	-3	NA
IGLV2-18	28814	1	NA
IGLV2-23	28813	2	NA
IGLV2-33	28811	0	NA
IGLV2-8	28817	-3	NA
IGLV3-1	28809	-1	NA
IGLV3-10	28803	-3	NA
IGLV3-12	28802	-3	NA
IGLV3-16	28799	0	NA
IGLV3-19	28797	-8	NA
IGLV3-21	28796	-9	NA
IGLV3-22	28795	-4	NA
IGLV3-25	28793	-2	NA
IGLV3-27	28791	1	NA
IGLV3-32	28787	0	NA
IGLV3-9	28804	-5	NA
IGLV4-3	28786	0	NA
IGLV4-60	28785	10	NA
IGLV4-69	28784	-2	NA
IGLV5-37	28783	1	NA
IGLV5-45	28781	-1	NA
IGLV5-48	28780	1	NA
IGLV5-52	28779	-46	NA
IGLV6-57	28778	11	NA
IGLV7-43	28776	6	NA
IGLV7-46	28775	1	NA
IGLV8-61	28774	5	NA
IGLV9-49	28773	0	NA
IGSF1	3547	26	NA
IGSF10	285313	-9	NA
IGSF11	152404	6	NA
IGSF21	84966	7	NA
IGSF22	283284	9	NA
IGSF23	147710	-6	NA
IGSF3	3321	26	NA
IGSF5	150084	-22	NA
IGSF6	10261	20	NA
IGSF8	93185	55	NA
IGSF9	57549	35	NA
IGSF9B	22997	5	NA
IHH	3549	1	NA
IK	3550	-21	NA
IKBIP	121457	124	NA
IKBKB	3551	-50	NA
IKBKE	9641	-109	NA
IKBKG	8517	-79	NA
IKZF1	10320	14	NA
IKZF2	22807	32	NA
IKZF3	22806	14	NA
IKZF4	64375	-5	NA
IKZF5	64376	-5	NA
IL10	3586	36	NA
IL10RA	3587	91	NA
IL10RB	3588	54	NA
IL11	3589	107	NA
IL11RA	3590	4	NA
IL12A	3592	-52	NA
IL12B	3593	62	NA
IL12RB1	3594	38	NA
IL12RB2	3595	-2	NA
IL13	3596	-6	NA
IL13RA1	3597	6	NA
IL13RA2	3598	18	NA
IL15	3600	13	NA
IL15RA	3601	-75	NA
IL16	3603	12	NA
IL17A	3605	2	NA
IL17B	27190	-4	NA
IL17C	27189	49	NA
IL17D	53342	-18	NA
IL17F	112744	2	NA
IL17RA	23765	-13	NA
IL17RB	55540	-73	NA
IL17RC	84818	-21	NA
IL17RD	54756	85	NA
IL17RE	132014	39	NA
IL17REL	400935	-2	NA
IL18	3606	-21	NA
IL18BP	10068	61	NA
IL18R1	8809	-71	NA
IL18RAP	8807	-11	NA
IL19	29949	4	NA
IL1A	3552	35	NA
IL1B	3553	-29	NA
IL1F10		18	NA
IL1R1	3554	-120	NA
IL1R2	7850	58	NA
IL1RAP	3556	142	NA
IL1RAPL1	11141	55	NA
IL1RAPL2	26280	15	NA
IL1RL1		-36	NA
IL1RL2		6	NA
IL1RN	3557	38	NA
IL2	3558	3	NA
IL20	50604	-30	NA
IL20RA	53832	-85	NA
IL20RB	53833	24	NA
IL21	59067	-1	NA
IL21R	50615	43	NA
IL22	50616	4	NA
IL22RA1	58985	-52	NA
IL22RA2	116379	-16	NA
IL23A	51561	1	NA
IL23R	149233	6	NA
IL24	11009	-56	NA
IL25	64806	-7	NA
IL26	55801	10	NA
IL27	246778	-18	NA
IL27RA	9466	-110	NA
IL2RA	3559	16	NA
IL2RB	3560	-31	NA
IL2RG	3561	118	NA
IL3	3562	2	NA
IL31	386653	13	NA
IL31RA	133396	-5	NA
IL32	9235	46	NA
IL33	90865	14	NA
IL34	146433	-21	NA
IL36A	27179	4	NA
IL36B	27177	19	NA
IL36G	56300	59	NA
IL36RN	26525	47	NA
IL37	27178	27	NA
IL3RA	3563	13	NA
IL4	3565	7	NA
IL4I1	259307	-51	NA
IL4R	3566	-13	NA
IL5	3567	26	NA
IL5RA	3568	18	NA
IL6	3569	7	NA
IL6R	3570	32	NA
IL6ST	3572	-13	NA
IL7	3574	-56	NA
IL7R	3575	-3	NA
IL9	3578	2	NA
IL9R	3581	-22	NA
ILDR1	286676	-9	NA
ILDR2	387597	-55	NA
ILF2	3608	-101	NA
ILF3	3609	-60	NA
ILK	3611	1	NA
ILKAP	80895	-97	NA
ILVBL		62	NA
IMMP1L	196294	-60	NA
IMMP2L	83943	78	NA
IMMT	10989	-17	NA
IMP3	55272	6	NA
IMP4	92856	-168	NA
IMPA1	3612	-77	NA
IMPA2	3613	-57	NA
IMPACT	55364	-99	NA
IMPAD1		77	NA
IMPDH1	3614	-34	NA
IMPDH2	3615	-23	NA
IMPG1	3617	-59	NA
IMPG2	50939	23	NA
INA	9118	33	NA
INAFM1	255783	35	NA
INAFM2	100505573	40	NA
INAVA	55765	-43	NA
INCA1	388324	22	NA
INCENP	3619	-43	U2904 1% and  U2932 1%
INF2	64423	-15	NA
ING1	3621	133	NA
ING2	3622	118	NA
ING3	54556	-86	NA
ING4	51147	126	NA
ING5	84289	-74	NA
INHA	3623	195	NA
INHBA	3624	90	NA
INHBB	3625	69	NA
INHBC	3626	-1	NA
INHBE	83729	79	NA
INIP	58493	-38	NA
INKA1	389119	-17	NA
INKA2	55924	-60	NA
INMT	11185	53	NA
INMT-MINDY4	100526825	-22	NA
INO80	54617	-79	NA
INO80B	83444	-42	NA
INO80B-WBP1	100532735	26	NA
INO80C	125476	-80	NA
INO80D	54891	18	NA
INO80E	283899	-68	NA
INPP1	3628	-113	NA
INPP4A	3631	-36	NA
INPP4B	8821	29	NA
INPP5A	3632	-19	NA
INPP5B	3633	-11	NA
INPP5D	3635	28	NA
INPP5E	56623	-77	NA
INPP5F	22876	-18	NA
INPP5J	27124	-69	NA
INPP5K	51763	-9	NA
INPPL1	3636	25	NA
INS	3630	17	NA
INS-IGF2	723961	12	NA
INSC	387755	35	NA
INSIG1	3638	145	NA
INSIG2	51141	328	NA
INSL3	3640	46	NA
INSL4	3641	-32	NA
INSL5	10022	3	NA
INSL6	11172	8	NA
INSM1	3642	-7	NA
INSM2	84684	22	NA
INSR	3643	122	NA
INSRR	3645	14	NA
INSYN1	388135	-103	NA
INSYN2		-51	NA
INSYN2B	100131897	1	NA
INTS1	26173	-3	NA
INTS10	55174	-57	NA
INTS11	54973	-51	NA
INTS12	57117	-116	NA
INTS13	55726	60	NA
INTS14	81556	-76	NA
INTS2	57508	-39	NA
INTS3	65123	7	NA
INTS4	92105	-21	NA
INTS5	80789	-89	NA
INTS6	26512	-10	NA
INTS6L	203522	60	NA
INTS7	25896	-97	NA
INTS8	55656	-27	NA
INTS9	55756	-93	NA
INTU	27152	3	NA
INVS	27130	-7	NA
IP6K1	9807	-31	NA
IP6K2	51447	52	NA
IP6K3	117283	-27	NA
IPCEF1	26034	18	NA
IPMK	253430	186	NA
IPO11	51194	-82	NA
IPO13	9670	-75	NA
IPO4	79711	-136	NA
IPO5	3843	-51	NA
IPO7	10527	-17	NA
IPO8	10526	-73	NA
IPO9	55705	-68	NA
IPP	3652	-57	NA
IPPK	64768	-104	NA
IQANK1	642574	41	NA
IQCA1		-8	NA
IQCA1L		13	NA
IQCB1	9657	-33	NA
IQCC	55721	-101	NA
IQCD		11	NA
IQCE	23288	-81	NA
IQCF1	132141	30	NA
IQCF2	389123	-12	NA
IQCF3	401067	15	NA
IQCF5	389124	0	NA
IQCF6	440956	0	NA
IQCG		19	NA
IQCH	64799	-38	NA
IQCJ	654502	32	NA
IQCJ-SCHIP1	100505385	18	NA
IQCK	124152	-83	NA
IQCM	285423	7	NA
IQCN	80726	59	NA
IQGAP1	8826	38	NA
IQGAP2	10788	-91	NA
IQGAP3	128239	14	NA
IQSEC1	9922	-4	NA
IQSEC2	23096	21	NA
IQSEC3	440073	17	NA
IQUB	154865	84	NA
IRAK1	3654	-58	NA
IRAK1BP1	134728	-103	NA
IRAK2	3656	-26	NA
IRAK3	11213	-15	NA
IRAK4	51135	-17	NA
IREB2	3658	-15	NA
IRF1	3659	-69	NA
IRF2	3660	-19	NA
IRF2BP1	26145	-85	NA
IRF2BP2	359948	173	NA
IRF2BPL	64207	-1	NA
IRF3	3661	-40	NA
IRF4	3662	36	NA
IRF5	3663	-24	NA
IRF6	3664	87	NA
IRF7	3665	68	NA
IRF8	3394	-2	NA
IRF9	10379	36	NA
IRGC	56269	32	NA
IRGM	345611	-24	NA
IRGQ	126298	-58	NA
IRS1	3667	-27	NA
IRS2	8660	192	NA
IRS4	8471	24	NA
IRX1	79192	9	NA
IRX2	153572	0	NA
IRX3	79191	38	NA
IRX4	50805	-50	NA
IRX5	10265	-28	NA
IRX6	79190	4	NA
ISCA1	81689	20	NA
ISCA2	122961	-38	NA
ISCU	23479	-96	NA
ISG15	9636	-67	NA
ISG20	3669	233	NA
ISG20L2	81875	-131	NA
ISL1	3670	-100	NA
ISL2	64843	7	NA
ISLR	3671	12	NA
ISLR2	57611	43	NA
ISM1	140862	-162	NA
ISM2	145501	203	NA
ISOC1	51015	-131	NA
ISOC2	79763	-126	NA
ISPD		-15	NA
IST1	9798	-5	NA
ISX	91464	-19	NA
ISY1	57461	-40	NA
ISY1-RAB43	100534599	35	NA
ISYNA1	51477	14	NA
ITCH	83737	20	NA
ITFG1	81533	-13	NA
ITFG2	55846	-27	NA
ITGA1	3672	8	NA
ITGA10	8515	17	NA
ITGA11	22801	13	NA
ITGA2	3673	29	NA
ITGA2B	3674	80	NA
ITGA3	3675	18	NA
ITGA4	3676	-22	NA
ITGA5	3678	213	NA
ITGA6	3655	-32	NA
ITGA7	3679	53	NA
ITGA8	8516	42	NA
ITGA9	3680	-5	NA
ITGAD	3681	4	NA
ITGAE	3682	-138	NA
ITGAL	3683	13	NA
ITGAM	3684	-2	NA
ITGAV	3685	32	NA
ITGAX	3687	93	NA
ITGB1	3688	56	NA
ITGB1BP1	9270	-30	NA
ITGB1BP2	26548	-47	NA
ITGB2	3689	37	NA
ITGB3	3690	103	NA
ITGB3BP	23421	-36	NA
ITGB4	3691	178	NA
ITGB5	3693	4	NA
ITGB6	3694	20	NA
ITGB7	3695	-9	NA
ITGB8	3696	36	NA
ITGBL1	9358	23	NA
ITIH1	3697	23	NA
ITIH2	3698	-14	NA
ITIH3	3699	21	NA
ITIH4	3700	-51	NA
ITIH5	80760	45	NA
ITIH6	347365	-43	NA
ITK	3702	-5	NA
ITLN1	55600	-10	NA
ITLN2	142683	0	NA
ITM2A	9452	-12	NA
ITM2B	9445	37	NA
ITM2C	81618	49	NA
ITPA	3704	-138	NA
ITPK1	3705	-101	NA
ITPKA	3706	28	NA
ITPKB	3707	-21	NA
ITPKC	80271	7	NA
ITPR1	3708	134	NA
ITPR2	3709	-21	NA
ITPR3	3710	38	NA
ITPRID1	223075	-53	NA
ITPRID2	6744	-4	NA
ITPRIP	85450	24	NA
ITPRIPL1	150771	-87	NA
ITPRIPL2	162073	-59	NA
ITSN1	6453	-21	NA
ITSN2	50618	-13	NA
IVD	3712	-97	NA
IVL	3713	25	NA
IVNS1ABP	10625	26	NA
IWS1	55677	-59	NA
IYD	389434	65	NA
IZUMO1	284359	44	NA
IZUMO1R	390243	-28	NA
IZUMO2	126123	29	NA
IZUMO3	100129669	-5	NA
IZUMO4	113177	171	NA
JADE1	79960	-7	NA
JADE2	23338	-14	NA
JADE3	9767	-14	NA
JAG1	182	31	NA
JAG2	3714	80	NA
JAGN1	84522	-76	NA
JAK1	3716	19	NA
JAK2	3717	-61	NA
JAK3	3718	86	NA
JAKMIP1	152789	113	NA
JAKMIP2	9832	8	NA
JAKMIP3	282973	10	NA
JAM2	58494	155	NA
JAM3	83700	3	NA
JAML	120425	2	NA
JARID2	3720	78	NA
JAZF1	221895	31	NA
JCAD	57608	30	NA
JCHAIN	3512	23	NA
JDP2	122953	-51	NA
JHY	79864	10	NA
JKAMP	51528	-33	NA
JMJD1C	221037	44	NA
JMJD4	65094	-176	NA
JMJD6	23210	138	NA
JMJD7	100137047	-91	NA
JMJD7-PLA2G4B	8681	-14	NA
JMJD8	339123	-86	NA
JMY	133746	90	NA
JOSD1	9929	-19	NA
JOSD2	126119	1	NA
JPH1	56704	-111	NA
JPH2	57158	84	NA
JPH3	57338	9	NA
JPH4	84502	5	NA
JPT1	51155	-43	NA
JPT2	90861	-36	NA
JRK	8629	-54	NA
JRKL	8690	44	NA
JSRP1	126306	34	NA
JTB	10899	-85	NA
JUN	3725	234	NA
JUNB	3726	168	NA
JUND	3727	98	NA
JUP	3728	54	NA
KAAG1	353219	-15	NA
KALRN	8997	3	NA
KANK1	23189	3	NA
KANK2	25959	2	NA
KANK3	256949	156	NA
KANK4	163782	-3	NA
KANSL1	284058	43	NA
KANSL1L	151050	74	NA
KANSL2	54934	-50	NA
KANSL3	55683	-8	NA
KANTR	102723508	54	NA
KARS		-60	NA
KAT14	57325	-99	NA
KAT2A	2648	-72	NA
KAT2B	8850	51	NA
KAT5	10524	-21	NA
KAT6A	7994	-1	NA
KAT6B	23522	121	NA
KAT7	11143	-12	NA
KAT8	84148	-17	NA
KATNA1	11104	18	NA
KATNAL1	84056	76	NA
KATNAL2	83473	-9	NA
KATNB1	10300	-97	NA
KATNBL1	79768	12	NA
KAZALD1	81621	-24	NA
KAZN	23254	-89	NA
KBTBD11	9920	17	NA
KBTBD12	166348	30	NA
KBTBD13	390594	-4	NA
KBTBD2	25948	58	NA
KBTBD3	143879	45	NA
KBTBD4	55709	-45	NA
KBTBD6	89890	-138	NA
KBTBD7	84078	-53	NA
KBTBD8	84541	-163	NA
KCMF1	56888	64	NA
KCNA1	3736	25	NA
KCNA10	3744	30	NA
KCNA2	3737	-25	NA
KCNA3	3738	1	NA
KCNA4	3739	-6	NA
KCNA5	3741	3	NA
KCNA6	3742	0	NA
KCNA7	3743	18	NA
KCNAB1	7881	-13	NA
KCNAB2	8514	-16	NA
KCNAB3	9196	-51	NA
KCNB1	3745	27	NA
KCNB2	9312	4	NA
KCNC1	3746	23	NA
KCNC2	3747	-27	NA
KCNC3	3748	136	NA
KCNC4	3749	-13	NA
KCND1	3750	84	NA
KCND2	3751	-18	NA
KCND3	3752	3	NA
KCNE1	3753	-19	NA
KCNE1B		7	NA
KCNE2	9992	35	NA
KCNE3	10008	11	NA
KCNE4	23704	84	NA
KCNE5	23630	-2	NA
KCNF1	3754	-4	NA
KCNG1	3755	-27	NA
KCNG2	26251	6	NA
KCNG3	170850	-85	NA
KCNG4	93107	45	NA
KCNH1	3756	-35	NA
KCNH2	3757	9	NA
KCNH3	23416	54	NA
KCNH4	23415	2	NA
KCNH5	27133	-10	NA
KCNH6	81033	13	NA
KCNH7	90134	-36	NA
KCNH8	131096	28	NA
KCNIP1	30820	10	NA
KCNIP2	30819	117	NA
KCNIP3	30818	-78	NA
KCNIP4	80333	-29	NA
KCNJ1	3758	32	NA
KCNJ10	3766	-17	NA
KCNJ11	3767	24	NA
KCNJ12	3768	0	NA
KCNJ13	3769	13	NA
KCNJ14	3770	27	NA
KCNJ15	3772	-13	NA
KCNJ16	3773	10	NA
KCNJ18	100134444	17	NA
KCNJ2	3759	-39	NA
KCNJ3	3760	-19	NA
KCNJ4	3761	38	NA
KCNJ5	3762	37	NA
KCNJ6	3763	48	NA
KCNJ8	3764	-48	NA
KCNJ9	3765	14	NA
KCNK1	3775	89	NA
KCNK10	54207	-18	NA
KCNK12	56660	13	NA
KCNK13	56659	-9	NA
KCNK15	60598	27	NA
KCNK16	83795	2	NA
KCNK17	89822	-7	NA
KCNK18	338567	-3	NA
KCNK2	3776	-61	NA
KCNK3	3777	79	NA
KCNK4	50801	36	NA
KCNK5	8645	-102	NA
KCNK6	9424	52	NA
KCNK7	10089	-14	NA
KCNK9	51305	44	NA
KCNMA1	3778	86	NA
KCNMB1	3779	39	NA
KCNMB2	10242	12	NA
KCNMB3	27094	-41	NA
KCNMB4	27345	86	NA
KCNN1	3780	129	NA
KCNN2	3781	28	NA
KCNN3	3782	6	NA
KCNN4	3783	22	NA
KCNQ1	3784	45	NA
KCNQ2	3785	24	NA
KCNQ3	3786	51	NA
KCNQ4	9132	-68	NA
KCNQ5	56479	-62	NA
KCNRG	283518	1	NA
KCNS1	3787	76	NA
KCNS2	3788	3	NA
KCNS3	3790	-9	NA
KCNT1	57582	39	NA
KCNT2	343450	0	NA
KCNU1	157855	4	NA
KCNV1	27012	1	NA
KCNV2	169522	-15	NA
KCP	375616	15	NA
KCTD1	284252	-93	NA
KCTD10	83892	2	NA
KCTD11	147040	297	NA
KCTD12	115207	10	NA
KCTD13	253980	-1	NA
KCTD14	65987	-36	NA
KCTD15	79047	-7	NA
KCTD16	57528	175	NA
KCTD17	79734	-64	NA
KCTD18	130535	20	NA
KCTD19	146212	12	NA
KCTD2	23510	-51	NA
KCTD20	222658	-30	NA
KCTD21	283219	6	NA
KCTD3	51133	-46	NA
KCTD4	386618	-6	NA
KCTD5	54442	-50	NA
KCTD6	200845	-3	NA
KCTD7	154881	75	NA
KCTD8	386617	-8	NA
KCTD9	54793	67	NA
KDELC1		-88	NA
KDELC2		-33	NA
KDELR1	10945	8	NA
KDELR2	11014	5	NA
KDELR3	11015	74	NA
KDF1	126695	14	NA
KDM1A	23028	-16	NA
KDM1B	221656	-54	NA
KDM2A	22992	49	NA
KDM2B	84678	69	NA
KDM3A	55818	356	NA
KDM3B	51780	8	NA
KDM4A	9682	2	NA
KDM4B	23030	280	NA
KDM4C	23081	209	NA
KDM4D	55693	-98	NA
KDM4E	390245	-13	NA
KDM4F	100129053	1	NA
KDM5A	5927	47	NA
KDM5B	10765	171	NA
KDM5C	8242	65	NA
KDM5D	8284	3	NA
KDM6A	7403	29	NA
KDM6B	23135	209	NA
KDM7A	80853	228	NA
KDM8	79831	-100	NA
KDR	3791	-34	NA
KDSR	2531	12	NA
KEAP1	9817	-60	NA
KEL	3792	-6	NA
KERA	11081	-7	NA
KHDC1	80759	-83	NA
KHDC1L	100129128	-48	NA
KHDC3L	154288	-3	NA
KHDC4	22889	28	NA
KHDRBS1	10657	-8	NA
KHDRBS2	202559	-22	NA
KHDRBS3	10656	55	NA
KHK	3795	-92	NA
KHNYN	23351	76	NA
KHSRP	8570	-49	NA
KIAA0040	9674	-29	NA
KIAA0100		-47	NA
KIAA0232	9778	-27	NA
KIAA0319	9856	-7	NA
KIAA0319L	79932	32	NA
KIAA0355		116	NA
KIAA0391		-141	NA
KIAA0408	9729	7	NA
KIAA0513	9764	-55	NA
KIAA0556		14	NA
KIAA0586	9786	-99	NA
KIAA0753	9851	52	NA
KIAA0825	285600	-77	NA
KIAA0895		29	NA
KIAA0895L		130	NA
KIAA0930	23313	-128	NA
KIAA1109		50	NA
KIAA1143	57456	-14	NA
KIAA1147		21	NA
KIAA1191	57179	36	NA
KIAA1210	57481	31	NA
KIAA1211		-45	NA
KIAA1211L		-36	NA
KIAA1217	56243	25	NA
KIAA1257		22	NA
KIAA1324		-36	NA
KIAA1324L		46	NA
KIAA1328	57536	-10	NA
KIAA1522		57	NA
KIAA1549	57670	-35	NA
KIAA1549L	25758	106	NA
KIAA1586	57691	-107	NA
KIAA1614	57710	20	NA
KIAA1671	85379	-16	NA
KIAA1755	85449	46	NA
KIAA1841		-11	NA
KIAA1958	158405	107	NA
KIAA2012	100652824	-11	NA
KIAA2013	90231	97	NA
KIAA2026		55	NA
KIDINS220	57498	7	NA
KIF11	3832	-96	NA
KIF12	113220	20	NA
KIF13A	63971	-28	NA
KIF13B	23303	6	NA
KIF14	9928	-54	NA
KIF15	56992	-76	NA
KIF16B	55614	-5	NA
KIF17	57576	28	NA
KIF18A	81930	-74	NA
KIF18B	146909	-65	NA
KIF19	124602	-29	NA
KIF1A	547	39	NA
KIF1B	23095	-13	NA
KIF1BP		-82	NA
KIF1C	10749	-89	NA
KIF20A	10112	-37	NA
KIF20B	9585	-94	NA
KIF21A	55605	-69	NA
KIF21B	23046	-61	NA
KIF22	3835	-60	NA
KIF23	9493	-127	NA
KIF24	347240	-98	NA
KIF25	3834	59	NA
KIF26A	26153	-21	NA
KIF26B	55083	12	NA
KIF27	55582	56	NA
KIF2A	3796	-59	NA
KIF2B	84643	-3	NA
KIF2C	11004	-28	NA
KIF3A	11127	-21	NA
KIF3B	9371	-25	NA
KIF3C	3797	61	NA
KIF4A	24137	-67	NA
KIF4B	285643	-18	NA
KIF5A	3798	38	NA
KIF5B	3799	-32	NA
KIF5C	3800	16	NA
KIF6	221458	-34	NA
KIF7	374654	-70	NA
KIF9	64147	-108	NA
KIFAP3	22920	38	NA
KIFC1	3833	-14	NA
KIFC2	90990	67	NA
KIFC3	3801	8	NA
KIN	22944	-11	NA
KIR2DL1	3802	10	NA
KIR2DL3	3804	14	NA
KIR2DL4	3805	-5	NA
KIR3DL1	3811	4	NA
KIR3DL2	3812	9	NA
KIR3DL3	115653	1	NA
KIRREL1	55243	48	NA
KIRREL2	84063	-1	NA
KIRREL3	84623	3	NA
KISS1	3814	51	NA
KISS1R	84634	123	NA
KIT	3815	32	NA
KITLG	4254	-104	NA
KIZ	55857	55	NA
KL	9365	2	NA
KLB	152831	7	NA
KLC1	3831	-18	NA
KLC2	64837	-84	NA
KLC3	147700	95	NA
KLC4	89953	104	NA
KLF1	10661	-8	NA
KLF10	7071	176	NA
KLF11	8462	92	NA
KLF12	11278	59	NA
KLF13	51621	51	NA
KLF14	136259	-52	NA
KLF15	28999	-132	NA
KLF16	83855	-35	NA
KLF17	128209	74	NA
KLF18	105378952	-19	NA
KLF2	10365	-3	NA
KLF3	51274	107	NA
KLF4	9314	122	NA
KLF5	688	112	NA
KLF6	1316	158	NA
KLF7	8609	189	NA
KLF8	11279	91	NA
KLF9	687	75	NA
KLHDC1	122773	18	NA
KLHDC10	23008	36	NA
KLHDC2	23588	13	NA
KLHDC3	116138	2	NA
KLHDC4	54758	-113	NA
KLHDC7A	127707	-47	NA
KLHDC7B	113730	16	NA
KLHDC8A	55220	13	NA
KLHDC8B	200942	-58	NA
KLHDC9	126823	-44	NA
KLHL1	57626	-24	NA
KLHL10	317719	-48	NA
KLHL11	55175	-25	NA
KLHL12	59349	-4	NA
KLHL13	90293	-134	NA
KLHL14	57565	-21	NA
KLHL15	80311	17	NA
KLHL17	339451	4	NA
KLHL18	23276	-139	NA
KLHL2	11275	33	NA
KLHL20	27252	-31	NA
KLHL21	9903	-62	NA
KLHL22	84861	-61	NA
KLHL23	151230	-70	NA
KLHL24	54800	188	NA
KLHL25	64410	-94	NA
KLHL26	55295	4	NA
KLHL28	54813	85	NA
KLHL29	114818	13	NA
KLHL3	26249	81	NA
KLHL30	377007	33	NA
KLHL31	401265	94	NA
KLHL32	114792	42	NA
KLHL33	123103	29	NA
KLHL34	257240	-11	NA
KLHL35	283212	75	NA
KLHL36	79786	49	NA
KLHL38	340359	-4	NA
KLHL4	56062	-72	NA
KLHL40	131377	28	NA
KLHL41	10324	-35	NA
KLHL42	57542	-80	NA
KLHL5	51088	-76	NA
KLHL6	89857	18	NA
KLHL7	55975	1	NA
KLHL8	57563	-66	NA
KLHL9	55958	-20	NA
KLK1	3816	58	NA
KLK10	5655	34	NA
KLK11	11012	-41	NA
KLK12	43849	-31	NA
KLK13	26085	-5	NA
KLK14	43847	-16	NA
KLK15	55554	35	NA
KLK2	3817	94	NA
KLK3	354	25	NA
KLK4	9622	37	NA
KLK5	25818	-26	NA
KLK6	5653	-20	NA
KLK7	5650	2	NA
KLK8	11202	-3	NA
KLK9	284366	8	NA
KLKB1	3818	-23	NA
KLLN	100144748	-82	NA
KLRB1	3820	-5	NA
KLRC1	3821	16	NA
KLRC2	3822	1	NA
KLRC3	3823	-11	NA
KLRC4	8302	16	NA
KLRC4-KLRK1	100528032	-2	NA
KLRD1	3824	69	NA
KLRF1	51348	-26	NA
KLRF2	100431172	2	NA
KLRG1	10219	-96	NA
KLRG2	346689	-54	NA
KLRK1	22914	5	NA
KMO	8564	-38	U2904 1% and  U2932 1%
KMT2A	4297	81	NA
KMT2B	9757	13	NA
KMT2C	58508	93	NA
KMT2D	8085	-38	NA
KMT2E	55904	124	NA
KMT5A	387893	-82	NA
KMT5B	51111	20	NA
KMT5C	84787	20	NA
KNCN	148930	9	NA
KNDC1	85442	40	NA
KNG1	3827	-2	NA
KNL1	57082	-30	NA
KNOP1	400506	-119	NA
KNSTRN	90417	-95	NA
KNTC1	9735	-41	NA
KPNA1	3836	-73	NA
KPNA2	3838	-144	NA
KPNA3	3839	-96	NA
KPNA4	3840	-75	NA
KPNA5	3841	-7	NA
KPNA6	23633	-54	NA
KPNA7	402569	56	NA
KPNB1	3837	-51	NA
KPRP	448834	35	NA
KPTN	11133	-39	NA
KRAS	3845	-3	NA
KRBA1		54	NA
KRBA2		51	NA
KRBOX1		-16	NA
KRBOX4		71	NA
KRCC1	51315	16	NA
KREMEN1	83999	14	NA
KREMEN2	79412	22	NA
KRI1	65095	-152	NA
KRIT1	889	-31	NA
KRR1	11103	-53	NA
KRT1	3848	-18	NA
KRT10	3858	-54	NA
KRT12	3859	31	NA
KRT13	3860	43	NA
KRT14	3861	50	NA
KRT15	3866	155	NA
KRT16	3868	154	NA
KRT17	3872	145	NA
KRT18	3875	-14	NA
KRT19	3880	190	NA
KRT2	3849	-10	NA
KRT20	54474	-27	NA
KRT222	125113	-30	NA
KRT23	25984	-90	NA
KRT24	192666	-17	NA
KRT25	147183	-9	NA
KRT26	353288	-8	NA
KRT27	342574	-1	NA
KRT28	162605	3	NA
KRT3	3850	33	NA
KRT31	3881	7	NA
KRT32	3882	61	NA
KRT33A	3883	-11	NA
KRT33B	3884	14	NA
KRT34	3885	36	NA
KRT35	3886	-15	NA
KRT36	8689	11	NA
KRT37	8688	16	NA
KRT38	8687	14	NA
KRT39	390792	-11	NA
KRT4	3851	-31	NA
KRT40	125115	-13	NA
KRT5	3852	-20	NA
KRT6A	3853	36	NA
KRT6B	3854	18	NA
KRT6C	286887	28	NA
KRT7	3855	9	NA
KRT71	112802	3	NA
KRT72	140807	20	NA
KRT73	319101	11	NA
KRT74	121391	0	NA
KRT75	9119	-2	NA
KRT76	51350	14	NA
KRT77	374454	3	NA
KRT78	196374	-3	NA
KRT79	338785	31	NA
KRT8	3856	39	NA
KRT80	144501	-1	NA
KRT81	3887	-54	NA
KRT82	3888	9	NA
KRT83	3889	16	NA
KRT84	3890	21	NA
KRT85	3891	-5	NA
KRT86	3892	-53	NA
KRT9	3857	11	NA
KRTAP1-1	81851	-16	NA
KRTAP1-3	81850	-5	NA
KRTAP1-4	728255	-1	NA
KRTAP1-5	83895	-15	NA
KRTAP10-1	386677	5	NA
KRTAP10-10	353333	6	NA
KRTAP10-11	386678	-3	NA
KRTAP10-12	386685	3	NA
KRTAP10-2	386679	-3	NA
KRTAP10-3	386682	1	NA
KRTAP10-4	386672	8	NA
KRTAP10-5	386680	9	NA
KRTAP10-6	386674	-1	NA
KRTAP10-7	386675	1	NA
KRTAP10-8	386681	0	NA
KRTAP10-9	386676	5	NA
KRTAP11-1	337880	5	NA
KRTAP12-1	353332	4	NA
KRTAP12-2	353323	-1	NA
KRTAP12-3	386683	-4	NA
KRTAP12-4	386684	1	NA
KRTAP13-1	140258	-3	NA
KRTAP13-2	337959	-9	NA
KRTAP13-3	337960	1	NA
KRTAP13-4	284827	0	NA
KRTAP15-1	254950	0	NA
KRTAP16-1	100505753	8	NA
KRTAP17-1	83902	-8	NA
KRTAP19-1	337882	3	NA
KRTAP19-2	337969	1	NA
KRTAP19-3	337970	-2	NA
KRTAP19-4	337971	-3	NA
KRTAP19-5	337972	2	NA
KRTAP19-6	337973	0	NA
KRTAP19-7	337974	-1	NA
KRTAP19-8	728299	-1	NA
KRTAP2-1	81872	14	NA
KRTAP2-2	728279	5	NA
KRTAP2-3	730755	30	NA
KRTAP2-4	85294	20	NA
KRTAP20-1	337975	1	NA
KRTAP20-2	337976	5	NA
KRTAP20-3	337985	6	NA
KRTAP20-4	100151643	-4	NA
KRTAP21-1	337977	-1	NA
KRTAP21-2	337978	9	NA
KRTAP21-3	100288323	6	NA
KRTAP22-1	337979	-1	NA
KRTAP22-2	100288287	1	NA
KRTAP23-1	337963	1	NA
KRTAP24-1	643803	-2	NA
KRTAP25-1	100131902	0	NA
KRTAP26-1	388818	-3	NA
KRTAP27-1	643812	-3	NA
KRTAP29-1	100533177	-9	NA
KRTAP3-1	83896	-16	NA
KRTAP3-2	83897	4	NA
KRTAP3-3	85293	0	NA
KRTAP4-1	85285	-3	NA
KRTAP4-11	653240	12	NA
KRTAP4-12	83755	-10	NA
KRTAP4-16	85354	17	NA
KRTAP4-2	85291	7	NA
KRTAP4-3	85290	-2	NA
KRTAP4-4	84616	-7	NA
KRTAP4-5	85289	-2	NA
KRTAP4-6	81871	7	NA
KRTAP4-7	100132476	15	NA
KRTAP4-8	728224	20	NA
KRTAP4-9	100132386	2	NA
KRTAP5-1	387264	36	NA
KRTAP5-10	387273	64	NA
KRTAP5-11	440051	7	NA
KRTAP5-2	440021	34	NA
KRTAP5-3	387266	-3	NA
KRTAP5-4	387267	43	NA
KRTAP5-5	439915	11	NA
KRTAP5-6	440023	8	NA
KRTAP5-7	440050	4	NA
KRTAP5-8	57830	32	NA
KRTAP6-1	337966	-2	NA
KRTAP6-2	337967	1	NA
KRTAP6-3	337968	2	NA
KRTAP7-1	337878	-17	NA
KRTAP8-1	337879	1	NA
KRTAP9-1	728318	1	NA
KRTAP9-2	83899	0	NA
KRTAP9-3	83900	2	NA
KRTAP9-4	85280	2	NA
KRTAP9-6	100507608	9	NA
KRTAP9-7	100505724	2	NA
KRTAP9-8	83901	-1	NA
KRTAP9-9	81870	3	NA
KRTCAP2	200185	-19	NA
KRTCAP3	200634	-26	NA
KRTDAP	388533	37	NA
KSR1	8844	32	NA
KSR2	283455	0	NA
KTI12	112970	-173	NA
KTN1	3895	41	NA
KXD1	79036	30	NA
KY	339855	37	NA
KYAT1	883	7	NA
KYAT3	56267	-44	NA
KYNU	8942	-57	NA
L1CAM	3897	134	NA
L1TD1	54596	10	NA
L2HGDH	79944	-87	NA
L3HYPDH	112849	-92	NA
L3MBTL1	26013	29	NA
L3MBTL2	83746	-129	NA
L3MBTL3	84456	-48	NA
L3MBTL4	91133	16	NA
LACC1	144811	-57	NA
LACRT	90070	5	NA
LACTB	114294	21	NA
LACTB2	51110	-135	NA
LACTBL1	646262	6	NA
LAD1	3898	-74	NA
LAG3	3902	2	NA
LAGE3	8270	-46	U2904 1% and  U2932 1%
LAIR1	3903	33	NA
LAIR2	3904	6	NA
LALBA	3906	-17	NA
LAMA1	284217	-37	NA
LAMA2	3908	-53	NA
LAMA3	3909	27	NA
LAMA4	3910	9	NA
LAMA5	3911	54	NA
LAMB1	3912	19	NA
LAMB2	3913	86	NA
LAMB3	3914	163	NA
LAMB4	22798	31	NA
LAMC1	3915	52	NA
LAMC2	3918	55	NA
LAMC3	10319	20	NA
LAMP1	3916	-3	NA
LAMP2	3920	8	NA
LAMP3	27074	12	NA
LAMP5	24141	4	NA
LAMTOR1	55004	-91	NA
LAMTOR2	28956	-60	NA
LAMTOR3	8649	19	NA
LAMTOR4	389541	-43	NA
LAMTOR5	10542	9	NA
LANCL1	10314	-65	NA
LANCL2	55915	-108	NA
LANCL3	347404	129	NA
LAP3	51056	-132	NA
LAPTM4A	9741	18	NA
LAPTM4B	55353	-47	NA
LAPTM5	7805	46	NA
LARGE1	9215	4	NA
LARGE2	120071	-97	NA
LARP1	23367	-88	NA
LARP1B	55132	-50	NA
LARP4	113251	-135	NA
LARP4B	23185	-39	NA
LARP6	55323	33	NA
LARP7	51574	-61	NA
LARS		-75	NA
LARS2	23395	-157	NA
LAS1L	81887	-115	NA
LASP1	3927	21	NA
LAT	27040	-26	NA
LAT2	7462	52	NA
LATS1	9113	21	NA
LATS2	26524	50	NA
LAX1	54900	-9	NA
LAYN	143903	-10	NA
LBH	81606	94	NA
LBHD1	79081	-19	NA
LBHD2	107984640	9	NA
LBP	3929	6	NA
LBR	3930	-100	NA
LBX1	10660	1	NA
LBX2	85474	-26	NA
LCA5	167691	70	NA
LCA5L	150082	-75	NA
LCAT	3931	92	NA
LCE1A	353131	11	NA
LCE1B	353132	9	NA
LCE1C	353133	-2	NA
LCE1D	353134	-2	NA
LCE1E	353135	27	NA
LCE1F	353137	3	NA
LCE2A	353139	-13	NA
LCE2B	26239	4	NA
LCE2C	353140	-5	NA
LCE2D	353141	8	NA
LCE3A	353142	14	NA
LCE3B	353143	-1	NA
LCE3C	353144	3	NA
LCE3D	84648	6	NA
LCE3E	353145	7	NA
LCE4A	199834	-5	NA
LCE5A	254910	-8	NA
LCE6A	448835	1	NA
LCK	3932	1	NA
LCLAT1	253558	-67	NA
LCMT1	51451	3	NA
LCMT2	9836	-165	NA
LCN1	3933	29	NA
LCN10	414332	14	NA
LCN12	286256	35	NA
LCN15	389812	19	NA
LCN2	3934	11	NA
LCN6	158062	-1	NA
LCN8	138307	6	NA
LCN9	392399	13	NA
LCNL1	401562	52	NA
LCOR	84458	92	NA
LCORL	254251	70	NA
LCP1	3936	-35	NA
LCP2	3937	-24	NA
LCT	3938	-27	NA
LCTL	197021	-34	NA
LDAH	60526	-79	NA
LDB1	8861	1	NA
LDB2	9079	-12	NA
LDB3	11155	38	NA
LDHA	3939	334	NA
LDHAL6A	160287	112	NA
LDHAL6B	92483	-18	NA
LDHB	3945	-79	NA
LDHC	3948	15	NA
LDHD	197257	91	NA
LDLR	3949	35	NA
LDLRAD1	388633	90	NA
LDLRAD2	401944	21	NA
LDLRAD3	143458	-23	NA
LDLRAD4	753	86	NA
LDLRAP1	26119	-88	NA
LDOC1	23641	-28	NA
LEAP2	116842	-9	NA
LECT2	3950	11	NA
LEF1	51176	-38	NA
LEFTY1	10637	-24	NA
LEFTY2	7044	-20	NA
LEKR1	389170	-19	NA
LELP1	149018	-2	NA
LEMD1	93273	81	NA
LEMD2	221496	-20	NA
LEMD3	23592	-22	NA
LENEP	55891	-22	NA
LENG1	79165	-63	NA
LENG8	114823	60	NA
LENG9	94059	-49	NA
LEO1	123169	-50	NA
LEP	3952	38	NA
LEPR	3953	34	NA
LEPROT	54741	-23	NA
LEPROTL1	23484	-69	NA
LETM1	3954	-176	NA
LETM2	137994	-76	NA
LETMD1	25875	47	NA
LEUTX	342900	-4	NA
LEXM		19	NA
LFNG	3955	-48	NA
LGALS1	3956	130	NA
LGALS12	85329	-18	NA
LGALS13	29124	-7	NA
LGALS14	56891	-11	NA
LGALS16	148003	-4	NA
LGALS2	3957	8	NA
LGALS3	3958	43	NA
LGALS3BP	3959	-24	NA
LGALS4	3960	0	NA
LGALS7	3963	15	NA
LGALS7B	653499	42	NA
LGALS8	3964	83	NA
LGALS9	3965	-61	NA
LGALS9B	284194	9	NA
LGALS9C	654346	16	NA
LGALSL	29094	4	NA
LGI1	9211	16	NA
LGI2	55203	-4	NA
LGI3	203190	37	NA
LGI4	163175	128	NA
LGMN	5641	-6	NA
LGR4	55366	-35	NA
LGR5	8549	-40	NA
LGR6	59352	35	NA
LGSN	51557	-22	NA
LHB	3972	5	NA
LHCGR	3973	-23	NA
LHFPL1	340596	-30	NA
LHFPL2	10184	8	NA
LHFPL3	375612	-9	NA
LHFPL4	375323	8	NA
LHFPL5	222662	34	NA
LHFPL6	10186	46	NA
LHPP	64077	25	NA
LHX1	3975	-13	NA
LHX2	9355	0	NA
LHX3	8022	11	NA
LHX4	89884	-58	NA
LHX5	64211	40	NA
LHX6	26468	56	NA
LHX8	431707	-9	NA
LHX9	56956	-2	NA
LIAS	11019	-85	NA
LIF	3976	66	NA
LIFR	3977	-4	NA
LIG1	3978	-92	NA
LIG3	3980	-128	NA
LIG4	3981	-106	NA
LILRA1	11024	11	NA
LILRA2	11027	27	NA
LILRA4	23547	5	NA
LILRA5	353514	31	NA
LILRA6	79168	26	NA
LILRB1	10859	6	NA
LILRB2	10288	21	NA
LILRB3	11025	11	NA
LILRB4	11006	19	NA
LILRB5	10990	25	NA
LIM2	3982	-2	NA
LIMA1	51474	-37	NA
LIMCH1	22998	167	NA
LIMD1	8994	73	NA
LIMD2	80774	-55	NA
LIME1	54923	-5	NA
LIMK1	3984	-43	NA
LIMK2	3985	-100	NA
LIMS1	3987	58	NA
LIMS2	55679	122	NA
LIMS3	96626	59	NA
LIMS4	100288695	7	NA
LIN28A	79727	13	NA
LIN28B	389421	-30	NA
LIN37	55957	19	NA
LIN52	91750	-131	NA
LIN54	132660	43	NA
LIN7A	8825	18	NA
LIN7B	64130	32	NA
LIN7C	55327	-23	NA
LIN9	286826	-59	NA
LINC00672		36	NA
LINC02203	727924	-4	NA
LINC02210-CRHR1	104909134	43	NA
LINC02218	102723526	4	NA
LINGO1	84894	-44	NA
LINGO2	158038	9	NA
LINGO3	645191	84	NA
LINGO4	339398	6	NA
LINS1	55180	-56	NA
LIPA	3988	-31	NA
LIPC	3990	10	NA
LIPE	3991	-83	NA
LIPF	8513	0	NA
LIPG	9388	36	NA
LIPH	200879	-21	NA
LIPI	149998	-22	NA
LIPJ	142910	-5	NA
LIPK	643414	6	NA
LIPM	340654	-8	NA
LIPN	643418	13	NA
LIPT1	51601	-57	NA
LIPT2	387787	-26	NA
LITAF	9516	-8	NA
LIX1	167410	-22	NA
LIX1L	128077	58	NA
LKAAEAR1	198437	-40	NA
LLCFC1		8	NA
LLGL1	3996	1	NA
LLGL2	3993	-47	NA
LLPH	84298	-113	NA
LMAN1	3998	104	NA
LMAN1L	79748	48	NA
LMAN2	10960	-16	NA
LMAN2L	81562	-3	NA
LMBR1	64327	-55	NA
LMBR1L	55716	74	NA
LMBRD1	55788	64	NA
LMBRD2	92255	84	NA
LMCD1	29995	-21	NA
LMF1	64788	29	NA
LMF2	91289	-44	NA
LMLN	89782	83	NA
LMLN2		-11	NA
LMNA	4000	2	NA
LMNB1	4001	-117	NA
LMNB2	84823	-104	NA
LMNTD1	160492	12	NA
LMNTD2	256329	154	NA
LMO1	4004	120	NA
LMO2	4005	17	NA
LMO3	55885	-73	NA
LMO4	8543	-77	NA
LMO7	4008	-22	NA
LMOD1	25802	-60	NA
LMOD2	442721	4	NA
LMOD3	56203	29	NA
LMTK2	22853	-31	NA
LMX1A	4009	-4	NA
LMX1B	4010	-23	NA
LNP1	348801	-111	NA
LNPEP	4012	-17	NA
LNPK	80856	224	NA
LNX1	84708	13	NA
LNX2	222484	25	NA
LONP1	9361	123	NA
LONP2	83752	-17	NA
LONRF1	91694	56	NA
LONRF2	164832	-86	NA
LONRF3	79836	-68	NA
LOR		4	NA
LOX	4015	306	NA
LOXHD1	125336	28	NA
LOXL1	4016	52	NA
LOXL2	4017	274	NA
LOXL3	84695	-43	NA
LOXL4	84171	81	NA
LPA	4018	2	NA
LPAR1	1902	-38	NA
LPAR2	9170	49	NA
LPAR3	23566	19	NA
LPAR4	2846	-2	NA
LPAR5	57121	41	NA
LPAR6	10161	-35	NA
LPCAT1	79888	-9	NA
LPCAT2	54947	45	NA
LPCAT3	10162	-149	NA
LPCAT4	254531	5	NA
LPGAT1	9926	-44	NA
LPIN1	23175	16	NA
LPIN2	9663	102	NA
LPIN3	64900	179	NA
LPL	4023	8	NA
LPO	4025	70	NA
LPP	4026	84	NA
LPXN	9404	-9	NA
LRAT	9227	75	NA
LRBA	987	-15	NA
LRCH1	23143	10	NA
LRCH2	57631	35	NA
LRCH3	84859	-3	NA
LRCH4	4034	-26	NA
LRCOL1	100507055	-7	NA
LRFN1	57622	-63	NA
LRFN2	57497	21	NA
LRFN3	79414	-24	NA
LRFN4	78999	-76	NA
LRFN5	145581	-18	NA
LRG1	116844	-17	NA
LRGUK	136332	3	NA
LRIF1	55791	-2	NA
LRIG1	26018	5	NA
LRIG2	9860	41	NA
LRIG3	121227	-81	NA
LRIT1	26103	2	NA
LRIT2	340745	-2	NA
LRIT3	345193	0	NA
LRMDA	83938	23	NA
LRMP		-19	NA
LRP1	4035	279	NA
LRP10	26020	17	NA
LRP11	84918	6	NA
LRP12	29967	13	NA
LRP1B	53353	-18	NA
LRP2	4036	7	NA
LRP2BP	55805	237	NA
LRP3	4037	-119	NA
LRP4	4038	34	NA
LRP5	4041	-34	NA
LRP5L	91355	-4	NA
LRP6	4040	-36	NA
LRP8	7804	-160	NA
LRPAP1	4043	-42	NA
LRPPRC	10128	-45	NA
LRR1	122769	-167	NA
LRRC1	55227	-32	NA
LRRC10	376132	24	NA
LRRC10B	390205	7	NA
LRRC14	9684	-107	NA
LRRC14B	389257	57	NA
LRRC15	131578	110	NA
LRRC17	10234	-32	NA
LRRC18	474354	-11	NA
LRRC19	64922	33	NA
LRRC2	79442	58	NA
LRRC20	55222	-85	NA
LRRC23	10233	46	NA
LRRC24	441381	30	NA
LRRC25	126364	50	NA
LRRC26	389816	-34	NA
LRRC27	80313	52	NA
LRRC28	123355	-29	NA
LRRC29		44	NA
LRRC3	81543	90	NA
LRRC30	339291	-1	NA
LRRC31	79782	-20	NA
LRRC32	2615	28	NA
LRRC34	151827	-41	NA
LRRC36	55282	26	NA
LRRC37A	9884	22	NA
LRRC37A2	474170	20	NA
LRRC37A3	374819	-19	NA
LRRC37B	114659	39	NA
LRRC38	126755	10	NA
LRRC39	127495	2	NA
LRRC3B	116135	-3	NA
LRRC3C	100505591	28	NA
LRRC4	64101	-63	NA
LRRC40	55631	-63	NA
LRRC41	10489	-27	NA
LRRC42	115353	18	NA
LRRC43	254050	42	NA
LRRC45	201255	-130	NA
LRRC46	90506	-33	NA
LRRC47	57470	-65	NA
LRRC49	54839	-35	NA
LRRC4B	94030	-13	NA
LRRC4C	57689	-34	NA
LRRC52	440699	-2	NA
LRRC53	105378803	-7	NA
LRRC55	219527	-23	NA
LRRC56	115399	48	NA
LRRC57	255252	-56	NA
LRRC58	116064	16	NA
LRRC59	55379	-115	NA
LRRC6		43	NA
LRRC61	65999	-35	NA
LRRC63	220416	3	NA
LRRC66	339977	39	NA
LRRC69	100130742	-14	NA
LRRC7	57554	44	NA
LRRC70	100130733	32	NA
LRRC71	149499	52	NA
LRRC72	100506049	2	NA
LRRC73	221424	-10	NA
LRRC74A	145497	-7	NA
LRRC74B	400891	-15	NA
LRRC75A	388341	98	NA
LRRC75B	388886	92	NA
LRRC8A	56262	-2	NA
LRRC8B	23507	-164	NA
LRRC8C	84230	-36	NA
LRRC8D	55144	-113	NA
LRRC8E	80131	-13	NA
LRRC9	341883	-12	NA
LRRCC1	85444	-88	NA
LRRD1	401387	29	NA
LRRFIP1	9208	78	NA
LRRFIP2	9209	-43	NA
LRRIQ1	84125	-39	NA
LRRIQ3	127255	-33	NA
LRRIQ4	344657	1	NA
LRRK1	79705	83	NA
LRRK2	120892	5	NA
LRRN1	57633	-15	NA
LRRN2	10446	-5	NA
LRRN3	54674	-58	NA
LRRN4	164312	-13	NA
LRRN4CL	221091	-1	NA
LRRTM1	347730	-9	NA
LRRTM2	26045	-4	NA
LRRTM3	347731	-10	NA
LRRTM4	80059	17	NA
LRSAM1	90678	0	NA
LRTM1	57408	15	NA
LRTM2	654429	-39	NA
LRTOMT	220074	23	NA
LRWD1	222229	-140	NA
LSAMP	4045	18	NA
LSG1	55341	-139	NA
LSM1	27257	-99	NA
LSM10	84967	-191	NA
LSM11	134353	53	NA
LSM12	124801	-12	NA
LSM14A	26065	13	NA
LSM14B	149986	7	NA
LSM2	57819	-111	NA
LSM3	27258	-51	NA
LSM5	23658	-79	NA
LSM6	11157	-90	NA
LSM7	51690	-72	NA
LSM8	51691	-89	NA
LSMEM1	286006	90	NA
LSMEM2	132228	37	NA
LSP1	4046	70	NA
LSR	51599	36	NA
LSS	4047	6	NA
LST1	7940	7	NA
LTA	4049	29	NA
LTA4H	4048	18	NA
LTB	4050	-52	NA
LTB4R	1241	-26	NA
LTB4R2	56413	-59	NA
LTBP1	4052	3	NA
LTBP2	4053	66	NA
LTBP3	4054	56	NA
LTBP4	8425	46	NA
LTBR	4055	-92	NA
LTC4S	4056	2	NA
LTF	4057	-14	NA
LTK	4058	73	NA
LTN1	26046	47	NA
LTO1	220064	-101	NA
LTV1	84946	-213	NA
LUC7L	55692	-43	NA
LUC7L2	51631	-8	NA
LUC7L3	51747	4	NA
LUM	4060	-60	NA
LURAP1	541468	-25	NA
LURAP1L	286343	28	NA
LUZP1	7798	-25	NA
LUZP2	338645	43	NA
LUZP4	51213	1	NA
LUZP6	767558	-1	NA
LVRN	206338	151	NA
LXN	56925	5	NA
LY6D	8581	52	NA
LY6E	4061	-100	NA
LY6G5B	58496	-6	NA
LY6G5C	80741	-42	NA
LY6G6C	80740	80	NA
LY6G6D	58530	21	NA
LY6G6E	79136	10	NA
LY6G6F	259215	13	NA
LY6H	4062	-5	NA
LY6K	54742	85	NA
LY6L	101928108	0	NA
LY75	4065	8	NA
LY75-CD302	100526664	-7	NA
LY86	9450	1	NA
LY9	4063	-15	NA
LY96	23643	26	NA
LYAR	55646	-166	NA
LYG1	129530	19	NA
LYG2	254773	-1	NA
LYL1	4066	-34	NA
LYN	4067	-45	NA
LYNX1	66004	-48	NA
LYNX1-SLURP2	111188157	-4	NA
LYPD1	116372	5	NA
LYPD2	137797	-12	NA
LYPD3	27076	73	NA
LYPD4	147719	1	NA
LYPD5	284348	11	NA
LYPD6	130574	-52	NA
LYPD6B	130576	-25	NA
LYPD8	646627	-13	NA
LYPLA1	10434	-73	NA
LYPLA2	11313	-50	NA
LYPLAL1	127018	-59	NA
LYRM1	57149	-36	NA
LYRM2	57226	-106	NA
LYRM4	57128	-37	NA
LYRM7	90624	-102	NA
LYRM9	201229	-8	NA
LYSMD1	388695	71	NA
LYSMD2	256586	-179	NA
LYSMD3	116068	80	NA
LYSMD4	145748	-52	NA
LYST	1130	38	NA
LYVE1	10894	-23	NA
LYZ	4069	48	NA
LYZL1	84569	-6	NA
LYZL2	119180	-41	NA
LYZL4	131375	14	NA
LYZL6	57151	15	NA
LZIC	84328	8	NA
LZTFL1	54585	82	NA
LZTR1	8216	-82	NA
LZTS1	11178	-55	NA
LZTS2	84445	106	NA
LZTS3	9762	59	NA
M1AP	130951	-5	NA
M6PR	4074	-60	NA
MAATS1		-25	NA
MAB21L1	4081	30	NA
MAB21L2	10586	-31	NA
MAB21L3	126868	-19	NA
MAB21L4	79919	10	NA
MACC1	346389	16	NA
MACF1	23499	21	NA
MACO1	55219	28	NA
MACROD1	28992	-27	NA
MACROD2	140733	75	NA
MAD1L1	8379	-68	NA
MAD2L1	4085	-89	NA
MAD2L1BP	9587	-69	NA
MAD2L2	10459	-21	NA
MADCAM1	8174	31	NA
MADD	8567	37	NA
MAEA	10296	-75	NA
MAEL	84944	2	NA
MAF	4094	120	NA
MAF1	84232	-3	NA
MAFA	389692	-18	NA
MAFB	9935	72	NA
MAFF	23764	285	NA
MAFG	4097	13	NA
MAFK	7975	170	NA
MAG	4099	-80	NA
MAGEA1	4100	-10	NA
MAGEA10	4109	5	NA
MAGEA11	4110	-13	NA
MAGEA12	4111	-34	NA
MAGEA2	4101	-27	NA
MAGEA2B	266740	-7	NA
MAGEA3	4102	-54	NA
MAGEA4	4103	-26	NA
MAGEA6	4105	-35	NA
MAGEA8	4107	-21	NA
MAGEA9	4108	-25	NA
MAGEA9B	728269	14	NA
MAGEB1	4112	-5	NA
MAGEB10	139422	59	NA
MAGEB16	139604	-12	NA
MAGEB17	645864	1	NA
MAGEB18	286514	4	NA
MAGEB2	4113	-12	NA
MAGEB3	4114	-22	NA
MAGEB4	4115	-7	NA
MAGEB5	347541	9	NA
MAGEB6	158809	30	NA
MAGEB6B	392433	1	NA
MAGEC1	9947	-17	NA
MAGEC2	51438	-26	NA
MAGEC3	139081	-31	NA
MAGED1	9500	-30	NA
MAGED2	10916	36	NA
MAGED4	728239	7	NA
MAGED4B	81557	78	NA
MAGEE1	57692	-57	NA
MAGEE2	139599	-9	NA
MAGEF1	64110	-90	NA
MAGEH1	28986	-27	NA
MAGEL2	54551	25	NA
MAGI1	9223	-1	NA
MAGI2	9863	44	NA
MAGI3	260425	-2	NA
MAGIX	79917	3	NA
MAGOH	4116	-111	NA
MAGOHB	55110	-135	NA
MAGT1	84061	9	NA
MAIP1	79568	-100	NA
MAJIN	283129	16	NA
MAK	4117	17	NA
MAK16	84549	-179	NA
MAL	4118	-33	NA
MAL2	114569	-14	NA
MALL	7851	64	NA
MALRD1	340895	-60	NA
MALSU1	115416	-84	NA
MALT1	10892	7	NA
MAMDC2	256691	-51	NA
MAMDC4	158056	138	NA
MAML1	9794	-6	NA
MAML2	84441	28	NA
MAML3	55534	13	NA
MAMLD1	10046	-51	NA
MAMSTR	284358	-31	NA
MAN1A1	4121	12	NA
MAN1A2	10905	-45	NA
MAN1B1	11253	17	NA
MAN1C1	57134	48	NA
MAN2A1	4124	15	NA
MAN2A2	4122	-80	NA
MAN2B1	4125	10	NA
MAN2B2	23324	1	NA
MAN2C1	4123	17	NA
MANBA	4126	124	NA
MANBAL	63905	-54	NA
MANEA	79694	-80	NA
MANEAL	149175	-148	NA
MANF	7873	20	NA
MANSC1	54682	-99	NA
MANSC4	100287284	-20	NA
MAOA	4128	-24	NA
MAOB	4129	-19	NA
MAP10	54627	-75	NA
MAP1A	4130	-47	NA
MAP1B	4131	62	NA
MAP1LC3A	84557	11	NA
MAP1LC3B	81631	83	NA
MAP1LC3B2	643246	124	NA
MAP1LC3C	440738	76	NA
MAP1S	55201	16	NA
MAP2	4133	-19	NA
MAP2K1	5604	178	NA
MAP2K2	5605	-6	NA
MAP2K3	5606	-121	NA
MAP2K4	6416	-20	NA
MAP2K5	5607	12	NA
MAP2K6	5608	-39	NA
MAP2K7	5609	15	NA
MAP3K1	4214	76	NA
MAP3K10	4294	41	NA
MAP3K11	4296	-47	NA
MAP3K12	7786	43	NA
MAP3K13	9175	12	NA
MAP3K14	9020	-3	NA
MAP3K15	389840	200	NA
MAP3K19	80122	-18	NA
MAP3K2	10746	77	NA
MAP3K20	51776	-4	NA
MAP3K21	84451	33	NA
MAP3K3	4215	-16	NA
MAP3K4	4216	-34	NA
MAP3K5	4217	-54	NA
MAP3K6	9064	12	NA
MAP3K7	6885	-12	NA
MAP3K7CL	56911	85	NA
MAP3K8	1326	96	NA
MAP3K9	4293	117	NA
MAP4	4134	18	NA
MAP4K1	11184	-14	NA
MAP4K2	5871	-67	NA
MAP4K3	8491	-25	NA
MAP4K4	9448	-30	NA
MAP4K5	11183	-2	NA
MAP6	4135	55	NA
MAP6D1	79929	-17	NA
MAP7	9053	-51	NA
MAP7D1	55700	-58	NA
MAP7D2	256714	159	NA
MAP7D3	79649	-37	NA
MAP9	79884	-39	NA
MAPK1	5594	5	NA
MAPK10	5602	17	NA
MAPK11	5600	-14	NA
MAPK12	6300	-104	NA
MAPK13	5603	65	NA
MAPK14	1432	-38	NA
MAPK15	225689	61	NA
MAPK1IP1L	93487	-33	NA
MAPK3	5595	8	NA
MAPK4	5596	-8	NA
MAPK6	5597	-4	NA
MAPK7	5598	192	NA
MAPK8	5599	-3	NA
MAPK8IP1	9479	5	NA
MAPK8IP2	23542	-44	NA
MAPK8IP3	23162	85	NA
MAPK9	5601	-62	NA
MAPKAP1	79109	-85	NA
MAPKAPK2	9261	-36	NA
MAPKAPK3	7867	-104	NA
MAPKAPK5	8550	-85	NA
MAPKBP1	23005	-41	NA
MAPRE1	22919	-97	NA
MAPRE2	10982	-44	NA
MAPRE3	22924	50	NA
MAPT	4137	97	NA
MARC1		-135	NA
MARC2		-62	NA
MARCH1		11	NA
MARCH10		41	NA
MARCH11		-10	NA
MARCH2		3	NA
MARCH3		22	NA
MARCH4		22	NA
MARCH5		-22	NA
MARCH6		7	NA
MARCH7		-11	NA
MARCH8		33	NA
MARCH9		76	NA
MARCKS	4082	56	NA
MARCKSL1	65108	-15	NA
MARCO	8685	24	NA
MARCOL	105378220	-11	NA
MARF1	9665	70	NA
MARK1	4139	-110	NA
MARK2	2011	-34	NA
MARK3	4140	-18	NA
MARK4	57787	67	NA
MARS		-121	NA
MARS2	92935	-237	NA
MARVELD1	83742	-10	NA
MARVELD2	153562	-61	NA
MARVELD3	91862	-19	NA
MAS1	4142	46	NA
MAS1L	116511	3	NA
MASP1	5648	41	NA
MASP2	10747	-59	NA
MAST1	22983	162	NA
MAST2	23139	-43	NA
MAST3	23031	-30	NA
MAST4	375449	-5	NA
MASTL	84930	-38	NA
MAT1A	4143	-39	NA
MAT2A	4144	-115	U2904 1% and  U2932 1%
MAT2B	27430	-54	NA
MATK	4145	40	NA
MATN1	4146	78	NA
MATN2	4147	51	NA
MATN3	4148	1	NA
MATN4	8785	46	NA
MATR3	9782	-35	NA
MAU2	23383	-36	NA
MAVS	57506	-20	NA
MAX	4149	-62	NA
MAZ	4150	-22	NA
MB	4151	33	NA
MB21D2	151963	2	NA
MBD1	4152	-3	NA
MBD2	8932	-21	NA
MBD3	53615	-18	NA
MBD3L1	85509	0	NA
MBD3L2	125997	7	NA
MBD3L2B	729458	7	NA
MBD3L3	653657	2	NA
MBD3L4	653656	-3	NA
MBD3L5	284428	10	NA
MBD4	8930	-69	NA
MBD5	55777	86	NA
MBD6	114785	48	NA
MBIP	51562	-9	NA
MBL2	4153	5	NA
MBLAC1	255374	-44	NA
MBLAC2	153364	-100	NA
MBNL1	4154	-67	NA
MBNL2	10150	106	NA
MBNL3	55796	-132	NA
MBOAT1	154141	-69	NA
MBOAT2	129642	53	NA
MBOAT4	619373	10	NA
MBOAT7	79143	19	NA
MBP	4155	9	NA
MBTD1	54799	45	NA
MBTPS1	8720	2	NA
MBTPS2	51360	-47	NA
MC1R	4157	28	NA
MC2R	4158	5	NA
MC3R	4159	-6	NA
MC4R	4160	-35	NA
MC5R	4161	-42	NA
MCAT	27349	-142	NA
MCC	4163	4	NA
MCCC1	56922	-34	NA
MCCC2	64087	-124	NA
MCCD1	401250	-5	NA
MCEE	84693	-30	NA
MCEMP1	199675	21	NA
MCF2	4168	-11	NA
MCF2L	23263	12	NA
MCF2L2	23101	38	NA
MCFD2	90411	-40	NA
MCHR1	2847	104	NA
MCHR2	84539	11	NA
MCIDAS	345643	-182	NA
MCL1	4170	34	NA
MCM10	55388	-189	NA
MCM2	4171	-141	NA
MCM3	4172	-140	NA
MCM3AP	8888	-61	NA
MCM4	4173	-146	NA
MCM5	4174	-157	NA
MCM6	4175	-165	NA
MCM7	4176	-128	NA
MCM8	84515	-108	NA
MCM9	254394	-97	NA
MCMBP	79892	-91	NA
MCMDC2	157777	-40	NA
MCOLN1	57192	-103	NA
MCOLN2	255231	-80	NA
MCOLN3	55283	-34	NA
MCPH1	79648	-44	NA
MCRIP1	348262	5	NA
MCRIP2	84331	-41	NA
MCRS1	10445	-100	NA
MCTP1	79772	-51	NA
MCTP2	55784	33	NA
MCTS1	28985	-70	NA
MCTS2P		-145	NA
MCU	90550	-23	NA
MCUB	55013	-29	NA
MCUR1	63933	-77	NA
MDC1	9656	-43	NA
MDFI	4188	19	NA
MDFIC	29969	-26	NA
MDFIC2	107986096	-5	NA
MDGA1	266727	52	NA
MDGA2	161357	72	NA
MDH1	4190	-15	NA
MDH1B	130752	-45	NA
MDH2	4191	-42	NA
MDK	4192	14	NA
MDM1		-127	NA
MDM2	4193	-29	NA
MDM4	4194	55	NA
MDN1	23195	-83	NA
MDP1	145553	-31	NA
ME1	4199	-61	NA
ME2	4200	-103	NA
ME3	10873	-33	NA
MEA1	4201	19	NA
MEAF6	64769	-20	NA
MEAK7	57707	33	NA
MECOM	2122	-101	NA
MECP2	4204	56	NA
MECR	51102	-106	NA
MED1	5469	-36	NA
MED10	84246	-35	NA
MED11	400569	-33	NA
MED12	9968	6	NA
MED12L	116931	-45	NA
MED13	9969	9	NA
MED13L	23389	49	NA
MED14	9282	7	NA
MED15	51586	95	NA
MED16	10025	-2	NA
MED17	9440	-83	NA
MED18	54797	-44	NA
MED19	219541	-44	NA
MED20	9477	-24	NA
MED21	9412	-45	NA
MED22	6837	-100	NA
MED23	9439	10	NA
MED24	9862	-43	NA
MED25	81857	-22	NA
MED26	9441	0	NA
MED27	9442	-96	NA
MED28	80306	-24	NA
MED29	55588	-80	NA
MED30	90390	12	NA
MED31	51003	-4	NA
MED4	29079	-45	NA
MED6	10001	-53	NA
MED7	9443	-45	NA
MED8	112950	-18	NA
MED9	55090	-51	NA
MEDAG	84935	34	NA
MEF2A	4205	86	NA
MEF2C	4208	-6	NA
MEF2D	4209	57	NA
MEFV	4210	46	NA
MEGF10	84466	2	NA
MEGF11	84465	32	NA
MEGF6	1953	147	NA
MEGF8	1954	39	NA
MEGF9	1955	-59	NA
MEI1	150365	9	NA
MEI4	101928601	2	NA
MEIG1	644890	-56	NA
MEIKIN	728637	5	NA
MEIOB	254528	-6	NA
MEIOC	284071	-55	NA
MEIS1	4211	-20	NA
MEIS2	4212	-8	NA
MEIS3	56917	33	NA
MELK	9833	-101	NA
MELTF	4241	-12	NA
MEMO1	51072	-55	NA
MEN1	4221	-79	NA
MEOX1	4222	-31	NA
MEOX2	4223	-14	NA
MEP1A	4224	-2	NA
MEP1B	4225	26	NA
MEPCE	56257	-63	NA
MEPE	56955	0	NA
MERTK	10461	-25	NA
MESD	23184	-35	NA
MESP1	55897	-17	NA
MESP2	145873	-62	NA
MEST	4232	-42	NA
MET	4233	53	NA
METAP1	23173	-18	NA
METAP1D	254042	-132	NA
METAP2	10988	-53	NA
METRN	79006	-92	NA
METRNL	284207	101	NA
METTL1	4234	-204	NA
METTL11B		-27	NA
METTL14	57721	-43	NA
METTL15	196074	10	NA
METTL16	79066	-81	NA
METTL17	64745	-42	NA
METTL18	92342	-81	NA
METTL21A	151194	-38	NA
METTL21C	196541	-8	NA
METTL22	79091	-2	NA
METTL23	124512	7	NA
METTL24	728464	-21	NA
METTL25	84190	-60	NA
METTL26	84326	62	NA
METTL27	155368	18	NA
METTL2A	339175	-88	NA
METTL2B	55798	-89	NA
METTL3	56339	-76	NA
METTL4	64863	-68	NA
METTL5	29081	-85	NA
METTL6	131965	-54	NA
METTL7A		-133	NA
METTL7B		-152	NA
METTL8	79828	-177	NA
METTL9	51108	2	NA
MEX3A	92312	-16	NA
MEX3B	84206	145	NA
MEX3C	51320	56	NA
MEX3D	399664	76	NA
MFAP1	4236	-20	NA
MFAP2	4237	5	NA
MFAP3	4238	-36	NA
MFAP3L	9848	-108	NA
MFAP4	4239	20	NA
MFAP5	8076	52	NA
MFF	56947	-19	NA
MFGE8	4240	88	NA
MFHAS1	9258	-19	NA
MFN1	55669	-68	NA
MFN2	9927	-87	NA
MFNG	4242	48	NA
MFRP	83552	-12	NA
MFSD1	64747	-88	NA
MFSD10		81	NA
MFSD11	79157	-72	NA
MFSD12	126321	28	NA
MFSD13A		-106	NA
MFSD14A		-32	NA
MFSD14B		-102	NA
MFSD14C		-37	NA
MFSD2A	84879	-112	NA
MFSD2B	388931	68	NA
MFSD3		-102	NA
MFSD4A		52	NA
MFSD4B		19	NA
MFSD5		-123	NA
MFSD6	54842	-54	NA
MFSD6L	162387	-5	NA
MFSD8	256471	-25	NA
MFSD9		-31	NA
MGA	23269	-16	NA
MGAM	8972	57	NA
MGAM2	93432	37	NA
MGARP	84709	64	NA
MGAT1	4245	7	NA
MGAT2	4247	-90	NA
MGAT3	4248	61	NA
MGAT4A	11320	-23	NA
MGAT4B	11282	-38	NA
MGAT4C	25834	3	NA
MGAT4D	152586	10	NA
MGAT5	4249	47	NA
MGAT5B	146664	6	NA
MGLL	11343	29	NA
MGME1	92667	-59	NA
MGMT	4255	-6	NA
MGP	4256	-55	NA
MGRN1	23295	-29	NA
MGST1	4257	-127	NA
MGST2	4258	-29	NA
MGST3	4259	30	NA
MIA	8190	39	NA
MIA-RAB4B	100529262	65	NA
MIA2	4253	-57	NA
MIA3	375056	-10	NA
MIB1	57534	20	NA
MIB2	142678	119	NA
MICA	100507436	-20	NA
MICAL1	64780	19	NA
MICAL2	9645	-32	NA
MICAL3	57553	2	NA
MICALL1	85377	-76	NA
MICALL2	79778	56	NA
MICB	4277	-55	NA
MICOS10	440574	-79	NA
MICOS10-NBL1	100532736	-85	NA
MICOS13	125988	-63	NA
MICU1	10367	1	NA
MICU2	221154	-54	NA
MICU3	286097	9	NA
MID1	4281	-26	NA
MID1IP1	58526	-94	NA
MID2	11043	43	NA
MIDN	90007	-7	NA
MIEF1	54471	-94	NA
MIEF2	125170	31	NA
MIEN1	84299	-80	NA
MIER1	57708	13	NA
MIER2	54531	14	NA
MIER3	166968	-32	NA
MIF	4282	190	NA
MIF4GD	57409	-105	NA
MIGA1	374986	15	NA
MIGA2	84895	-89	NA
MIIP	60672	-100	NA
MILR1	284021	3	NA
MINAR1	23251	-27	NA
MINAR2	100127206	26	NA
MINDY1	55793	22	NA
MINDY2	54629	152	NA
MINDY3	80013	-25	NA
MINDY4	84182	-74	NA
MINDY4B	646951	-4	NA
MINK1	50488	44	NA
MINPP1	9562	-61	NA
MIOS	54468	-73	NA
MIOX	55586	20	NA
MIP	4284	-21	NA
MIPEP	4285	-104	NA
MIPOL1	145282	-24	NA
MIS12	79003	-73	NA
MIS18A	54069	-102	NA
MIS18BP1	55320	-43	NA
MISP	126353	57	NA
MISP3	113230	28	NA
MITD1	129531	-34	NA
MITF	4286	-21	NA
MIXL1	83881	27	NA
MKI67	4288	-38	NA
MKKS	8195	-102	NA
MKLN1	4289	40	NA
MKNK1	8569	-41	NA
MKNK2	2872	167	NA
MKRN1	23608	83	NA
MKRN2	23609	-2	NA
MKRN2OS	100129480	2	NA
MKRN3	7681	-22	NA
MKS1	54903	-66	NA
MKX	283078	-34	NA
MLANA	2315	48	NA
MLC1	23209	-16	NA
MLEC	9761	-25	NA
MLF1	4291	35	NA
MLF2	8079	-30	NA
MLH1	4292	-76	NA
MLH3	27030	42	NA
MLIP	90523	-36	NA
MLKL	197259	-125	NA
MLLT1	4298	-13	NA
MLLT10	8028	4	NA
MLLT11	10962	-63	NA
MLLT3	4300	186	NA
MLLT6	4302	-6	NA
MLN	4295	-1	NA
MLNR	2862	-31	NA
MLPH	79083	-1	NA
MLST8	64223	-60	NA
MLX	6945	-69	NA
MLXIP	22877	47	NA
MLXIPL	51085	20	NA
MLYCD	23417	-70	NA
MMAA	166785	-42	NA
MMAB	326625	-56	NA
MMACHC	25974	-165	NA
MMADHC	27249	-32	NA
MMD	23531	5	NA
MMD2	100505381	-23	NA
MME	4311	52	NA
MMEL1	79258	62	NA
MMGT1	93380	-41	NA
MMP1	4312	68	NA
MMP10	4319	73	NA
MMP11	4320	48	NA
MMP12	4321	12	NA
MMP13	4322	105	NA
MMP14	4323	-27	NA
MMP15	4324	-101	NA
MMP16	4325	-89	NA
MMP17	4326	-11	NA
MMP19	4327	55	NA
MMP2	4313	56	NA
MMP20	9313	-3	NA
MMP21	118856	-15	NA
MMP23B	8510	59	NA
MMP24	10893	30	NA
MMP24OS	101410538	95	NA
MMP25	64386	-4	NA
MMP26	56547	-6	NA
MMP27	64066	8	NA
MMP28	79148	2	NA
MMP3	4314	15	NA
MMP7	4316	1	NA
MMP8	4317	8	NA
MMP9	4318	-15	NA
MMRN1	22915	-16	NA
MMRN2	79812	34	NA
MMS19	64210	38	NA
MMS22L	253714	-89	NA
MMUT	4594	20	NA
MN1	4330	132	NA
MNAT1	4331	-48	NA
MND1	84057	-65	NA
MNDA	4332	-3	NA
MNS1	55329	-52	NA
MNT	4335	124	NA
MNX1	3110	28	NA
MOAP1	64112	47	NA
MOB1A	55233	-32	NA
MOB1B	92597	-4	NA
MOB2	81532	23	NA
MOB3A	126308	147	NA
MOB3B	79817	-81	NA
MOB3C	148932	-36	NA
MOB4	25843	-49	NA
MOBP	4336	52	NA
MOCOS	55034	-107	NA
MOCS1	4337	-70	NA
MOCS2	4338	-64	NA
MOCS3	27304	-115	NA
MOG	4340	19	NA
MOGAT1	116255	-14	NA
MOGAT2	80168	9	NA
MOGAT3	346606	31	NA
MOGS	7841	-29	NA
MOK	5891	-81	NA
MON1A	84315	-225	NA
MON1B	22879	3	NA
MON2	23041	-4	NA
MORC1	27136	-1	NA
MORC2	22880	-24	NA
MORC3	23515	78	U2904 1% and  U2932 1%
MORC4	79710	-41	NA
MORF4L1	10933	-6	NA
MORF4L2	9643	19	NA
MORN1	79906	-39	NA
MORN2	729967	-24	NA
MORN3	283385	3	NA
MORN4	118812	-12	NA
MORN5	254956	34	NA
MOS	4342	2	NA
MOSMO	730094	-11	NA
MOSPD1	56180	-16	NA
MOSPD2	158747	35	NA
MOSPD3	64598	60	NA
MOV10	4343	-25	NA
MOV10L1	54456	53	NA
MOXD1	26002	28	NA
MPC1	51660	-109	NA
MPC1L	347411	-15	NA
MPC2	25874	-33	NA
MPDU1	9526	-81	NA
MPDZ	8777	-10	NA
MPEG1	219972	-12	NA
MPG	4350	36	NA
MPHOSPH10	10199	-104	NA
MPHOSPH6	10200	-108	NA
MPHOSPH8	54737	-27	NA
MPHOSPH9	10198	-62	NA
MPI	4351	213	NA
MPIG6B	80739	101	NA
MPL	4352	9	NA
MPLKIP	136647	-30	NA
MPND	84954	-59	NA
MPO	4353	7	NA
MPP1	4354	-32	NA
MPP2	4355	84	NA
MPP3	4356	-39	NA
MPP4	58538	67	NA
MPP5		-29	NA
MPP6		-99	NA
MPP7	143098	-57	NA
MPPE1	65258	-125	NA
MPPED1	758	-37	NA
MPPED2	744	-34	NA
MPRIP	23164	-12	NA
MPST	4357	-36	NA
MPV17	4358	-27	NA
MPV17L	255027	-30	NA
MPV17L2	84769	-221	NA
MPZ	4359	-58	NA
MPZL1	9019	-58	NA
MPZL2	10205	147	NA
MPZL3	196264	28	NA
MR1	3140	-3	NA
MRAP	56246	3	NA
MRAP2	112609	26	NA
MRAS	22808	-82	NA
MRC1	4360	-4	NA
MRE11	4361	-61	NA
MREG	55686	-55	NA
MRFAP1	93621	-51	NA
MRFAP1L1	114932	-69	NA
MRGBP	55257	87	NA
MRGPRD	116512	-4	NA
MRGPRE	116534	13	NA
MRGPRF	116535	-23	NA
MRGPRG	386746	10	NA
MRGPRX1	259249	0	NA
MRGPRX2	117194	-3	NA
MRGPRX3	117195	46	NA
MRGPRX4	117196	3	NA
MRI1	84245	-39	NA
MRLN	100507027	14	NA
MRM1	79922	-165	NA
MRM2	29960	-127	NA
MRM3	55178	-105	NA
MRNIP	51149	29	NA
MRO	83876	-20	NA
MROH1	727957	15	NA
MROH2A	339766	35	NA
MROH2B	133558	-2	NA
MROH5	389690	-7	NA
MROH6	642475	3	NA
MROH7	374977	59	NA
MROH7-TTC4	100527960	9	NA
MROH8	140699	2	NA
MROH9	80133	9	NA
MRPL1	65008	-122	NA
MRPL10	124995	-21	NA
MRPL11	65003	-89	NA
MRPL12	6182	-173	NA
MRPL13	28998	-84	NA
MRPL14	64928	-52	NA
MRPL15	29088	-141	NA
MRPL16	54948	-122	NA
MRPL17	63875	26	NA
MRPL18	29074	-87	NA
MRPL19	9801	-106	NA
MRPL2	51069	-42	NA
MRPL20	55052	-178	NA
MRPL21	219927	-87	NA
MRPL22	29093	-84	NA
MRPL23	6150	-59	NA
MRPL24	79590	-122	NA
MRPL27	51264	-93	NA
MRPL28	10573	-86	NA
MRPL3	11222	-147	NA
MRPL30	51263	-106	NA
MRPL32	64983	-73	NA
MRPL33	9553	-37	NA
MRPL34	64981	-117	NA
MRPL35	51318	-128	NA
MRPL36	64979	-138	NA
MRPL37	51253	-60	NA
MRPL38	64978	-129	NA
MRPL39	54148	-46	NA
MRPL4	51073	-178	NA
MRPL40	64976	-98	NA
MRPL41	64975	-137	NA
MRPL42	28977	-89	NA
MRPL43	84545	-39	NA
MRPL44	65080	-35	NA
MRPL45	84311	-34	NA
MRPL46	26589	-148	NA
MRPL47	57129	-136	NA
MRPL48	51642	-44	NA
MRPL49	740	-105	NA
MRPL50	54534	-127	NA
MRPL51	51258	-34	NA
MRPL52	122704	-122	NA
MRPL53	116540	-49	NA
MRPL54	116541	-37	NA
MRPL55	128308	-62	NA
MRPL57	78988	-116	NA
MRPL58	3396	-146	NA
MRPL9	65005	-81	NA
MRPS10	55173	-121	NA
MRPS11	64963	-114	NA
MRPS12	6183	-171	NA
MRPS14	63931	-39	NA
MRPS15	64960	-89	NA
MRPS16	51021	-131	NA
MRPS17	51373	-143	NA
MRPS18A	55168	-65	NA
MRPS18B	28973	-51	NA
MRPS18C	51023	-103	NA
MRPS2	51116	-57	NA
MRPS21	54460	-69	NA
MRPS22	56945	-58	NA
MRPS23	51649	-134	NA
MRPS24	64951	-54	NA
MRPS25	64432	-143	NA
MRPS26	64949	-139	NA
MRPS27	23107	-65	NA
MRPS28	28957	-92	NA
MRPS30	10884	-74	NA
MRPS31	10240	-98	NA
MRPS33	51650	-59	NA
MRPS34	65993	-112	NA
MRPS35	60488	-81	NA
MRPS36		-69	NA
MRPS5	64969	-26	NA
MRPS6	64968	48	NA
MRPS7	51081	-136	NA
MRPS9	64965	-94	NA
MRRF	92399	-65	NA
MRS2	57380	-99	NA
MRTFA	57591	-15	NA
MRTFB	57496	-43	NA
MRTO4	51154	-171	NA
MRVI1		-23	NA
MS4A1	931	-8	NA
MS4A10	341116	57	NA
MS4A13	503497	2	NA
MS4A15	219995	24	NA
MS4A18	728588	5	NA
MS4A2	2206	44	NA
MS4A3	932	10	NA
MS4A4A	51338	20	NA
MS4A4E	643680	23	NA
MS4A5	64232	16	NA
MS4A6A	64231	10	NA
MS4A6E	245802	-10	NA
MS4A7	58475	29	NA
MS4A8	83661	13	NA
MSANTD1	345222	42	NA
MSANTD2	79684	-2	NA
MSANTD3	91283	128	NA
MSANTD3-TMEFF1	100526694	83	NA
MSANTD4	84437	-80	NA
MSC	9242	39	NA
MSGN1	343930	-4	NA
MSH2	4436	-121	NA
MSH3	4437	-1	NA
MSH4	4438	32	NA
MSH5	4439	-14	NA
MSH5-SAPCD1	100532732	-26	NA
MSH6	2956	-79	NA
MSI1	4440	-8	NA
MSI2	124540	-34	NA
MSL1	339287	21	NA
MSL2	55167	14	NA
MSL3	10943	-10	NA
MSLN	10232	58	NA
MSLNL	401827	78	NA
MSMB	4477	-26	NA
MSMO1	6307	65	NA
MSMP	692094	-2	NA
MSN	4478	-14	NA
MSR1	4481	16	NA
MSRA	4482	-76	NA
MSRB1	51734	-90	NA
MSRB2	22921	-20	NA
MSRB3	253827	-43	NA
MSS51	118490	75	NA
MST1	4485	111	NA
MST1R	4486	50	NA
MSTN	2660	5	NA
MSTO1	55154	-160	NA
MSX1	4487	-99	NA
MSX2	4488	-88	NA
MT-ATP6		-199	NA
MT-ATP8		-235	NA
MT-CO1		-73	NA
MT-CO2		-137	NA
MT-CO3		-204	NA
MT-CYB		-158	NA
MT-ND1		-219	NA
MT-ND2		-247	NA
MT-ND3		-194	NA
MT-ND4		-56	NA
MT-ND4L		-89	NA
MT-ND5		-59	NA
MT-ND6		-232	NA
MT1A	4489	-17	NA
MT1B	4490	-3	NA
MT1E	4493	8	NA
MT1F	4494	56	NA
MT1G	4495	37	NA
MT1H	4496	18	NA
MT1HL1	645745	19	NA
MT1M	4499	-12	NA
MT1X	4501	113	NA
MT2A	4502	37	NA
MT3	4504	147	NA
MT4	84560	-8	NA
MTA1	9112	13	NA
MTA2	9219	-115	NA
MTA3	57504	0	NA
MTAP	4507	-83	NA
MTBP	27085	-84	NA
MTCH1	23787	4	NA
MTCH2	23788	-40	NA
MTCL1	23255	-1	NA
MTCP1	4515	-27	NA
MTDH	92140	-27	NA
MTERF1	7978	-85	NA
MTERF2	80298	-133	NA
MTERF3	51001	-127	NA
MTERF4	130916	-65	NA
MTF1	4520	-24	NA
MTF2	22823	-46	NA
MTFMT	123263	-115	NA
MTFP1	51537	171	NA
MTFR1	9650	-67	NA
MTFR1L	56181	49	NA
MTFR2	113115	-116	NA
MTG1	92170	-87	NA
MTG2	26164	-118	NA
MTHFD1	4522	-170	NA
MTHFD1L	25902	41	NA
MTHFD2	10797	-9	NA
MTHFD2L	441024	-90	NA
MTHFR	4524	-5	NA
MTHFS	10588	-77	NA
MTHFSD	64779	-55	NA
MTIF2	4528	-76	NA
MTIF3	219402	10	NA
MTLN	205251	-81	NA
MTM1	4534	-31	NA
MTMR1	8776	-28	NA
MTMR10	54893	-51	NA
MTMR11	10903	128	NA
MTMR12	54545	-47	NA
MTMR14	64419	-15	NA
MTMR2	8898	-69	NA
MTMR3	8897	59	NA
MTMR4	9110	25	NA
MTMR6	9107	-79	NA
MTMR7	9108	-22	NA
MTMR8	55613	-18	NA
MTMR9	66036	-58	NA
MTNR1A	4543	-37	NA
MTNR1B	4544	-13	NA
MTO1	25821	-67	NA
MTOR	2475	-119	NA
MTPAP	55149	-108	NA
MTPN	136319	-4	NA
MTR	4548	43	NA
MTREX	23517	-60	NA
MTRF1	9617	-35	NA
MTRF1L	54516	-36	NA
MTRNR2L1	100462977	5	NA
MTRNR2L10	100463488	-11	NA
MTRNR2L11	100463489	8	NA
MTRNR2L12	100463498	-40	NA
MTRNR2L13	100463500	-24	NA
MTRNR2L3	100462983	7	NA
MTRNR2L4	100463285	-7	NA
MTRNR2L5	100463289	-25	NA
MTRNR2L6	100463482	7	NA
MTRNR2L7	100288485	-3	NA
MTRNR2L8	100463486	-27	NA
MTRR	4552	-130	NA
MTSS1	9788	52	NA
MTSS1L		13	NA
MTTP	4547	34	NA
MTURN	222166	24	NA
MTUS1	57509	19	NA
MTUS2	23281	-3	NA
MTX1	4580	-65	NA
MTX2	10651	-46	NA
MTX3	345778	-43	NA
MUC1	4582	172	NA
MUC12	10071	55	NA
MUC13	56667	8	NA
MUC15	143662	-2	NA
MUC16	94025	-48	NA
MUC17	140453	3	NA
MUC19	283463	-20	NA
MUC2	4583	-15	NA
MUC20	200958	54	NA
MUC21	394263	13	NA
MUC22	100507679	-3	NA
MUC3A	4584	46	NA
MUC4	4585	-8	NA
MUC5AC	4586	-26	NA
MUC5B	727897	26	NA
MUC6	4588	-20	NA
MUC7	4589	19	NA
MUCL1	118430	-29	NA
MUCL3	135656	12	NA
MUL1	79594	-96	NA
MUS81	80198	-25	NA
MUSK	4593	2	NA
MUSTN1	389125	52	NA
MUTYH	4595	-94	NA
MVB12A	93343	-70	NA
MVB12B	89853	-80	NA
MVD	4597	16	NA
MVK	4598	-37	NA
MVP	9961	-42	NA
MX1	4599	-90	NA
MX2	4600	-45	NA
MXD1	4084	162	NA
MXD3	83463	-1	NA
MXD4	10608	34	NA
MXI1	4601	351	NA
MXRA5	25878	24	NA
MXRA7	439921	86	NA
MXRA8	54587	25	NA
MYADM	91663	113	NA
MYADML2	255275	-6	NA
MYB	4602	-72	NA
MYBBP1A	10514	-203	NA
MYBL1	4603	-21	NA
MYBL2	4605	-108	NA
MYBPC1	4604	10	NA
MYBPC2	4606	49	NA
MYBPC3	4607	32	NA
MYBPH	4608	-32	NA
MYBPHL	343263	-30	NA
MYC	4609	13	NA
MYCBP	26292	-130	NA
MYCBP2	23077	-40	NA
MYCBPAP	84073	-3	NA
MYCL	4610	77	NA
MYCN	4613	-20	NA
MYCT1	80177	102	NA
MYD88	4615	-120	NA
MYDGF	56005	10	NA
MYEF2	50804	-3	NA
MYEOV	26579	31	NA
MYF5	4617	14	NA
MYF6	4618	9	NA
MYH1	4619	-6	NA
MYH10	4628	16	NA
MYH11	4629	36	NA
MYH13	8735	3	NA
MYH14	79784	-8	NA
MYH15	22989	110	NA
MYH2	4620	-6	NA
MYH3	4621	-67	NA
MYH4	4622	-2	NA
MYH6	4624	-11	NA
MYH7	4625	-1	NA
MYH7B	57644	63	NA
MYH8	4626	-6	NA
MYH9	4627	90	NA
MYL1	4632	-18	NA
MYL10	93408	-11	NA
MYL12A	10627	6	NA
MYL12B	103910	-6	NA
MYL2	4633	-20	NA
MYL3	4634	33	NA
MYL4	4635	6	NA
MYL5	4636	-51	NA
MYL6	4637	13	NA
MYL6B	140465	28	NA
MYL7	58498	-18	NA
MYL9	10398	-5	NA
MYLIP	29116	-40	NA
MYLK	4638	-58	NA
MYLK2	85366	-67	NA
MYLK3	91807	-13	NA
MYLK4	340156	9	NA
MYLPF		8	NA
MYMK	389827	10	NA
MYMX	101929726	-31	NA
MYNN	55892	4	NA
MYO10	4651	30	NA
MYO15A	51168	112	NA
MYO15B	80022	112	NA
MYO16	23026	-20	NA
MYO18A	399687	-5	NA
MYO18B	84700	-1	NA
MYO19	80179	-67	NA
MYO1A	4640	-4	NA
MYO1B	4430	39	NA
MYO1C	4641	-26	NA
MYO1D	4642	54	NA
MYO1E	4643	124	NA
MYO1F	4542	31	NA
MYO1G	64005	2	U2904 1% and  U2932 1%
MYO1H	283446	-10	NA
MYO3A	53904	21	NA
MYO3B	140469	27	NA
MYO5A	4644	-9	NA
MYO5B	4645	-8	NA
MYO5C	55930	-40	NA
MYO6	4646	-24	NA
MYO7A	4647	64	NA
MYO7B	4648	115	NA
MYO9A	4649	62	NA
MYO9B	4650	13	NA
MYOC	4653	-6	NA
MYOCD	93649	-17	NA
MYOCOS	110806290	42	NA
MYOD1	4654	91	NA
MYOF	26509	53	NA
MYOG	4656	-7	NA
MYOM1	8736	54	NA
MYOM2	9172	17	NA
MYOM3	127294	52	NA
MYORG	57462	-8	NA
MYOT	9499	-15	NA
MYOZ1	58529	-24	NA
MYOZ2	51778	6	NA
MYOZ3	91977	19	NA
MYPN	84665	-72	NA
MYPOP	339344	-45	NA
MYRF	745	9	NA
MYRFL	196446	-6	NA
MYRIP	25924	-26	NA
MYSM1	114803	18	NA
MYT1	4661	49	NA
MYT1L	23040	27	NA
MYZAP	100820829	13	NA
MZB1	51237	-16	NA
MZF1	7593	75	NA
MZT1	440145	-10	NA
MZT2A	653784	46	NA
MZT2B	80097	6	NA
N4BP2	55728	27	NA
N4BP2L1	90634	4	NA
N4BP2L2	10443	7	NA
N4BP3	23138	139	NA
N6AMT1		-134	NA
NAA10	8260	-120	NA
NAA11	84779	14	NA
NAA15	80155	-163	NA
NAA16	79612	-99	NA
NAA20	51126	-89	NA
NAA25	80018	-90	NA
NAA30	122830	-42	NA
NAA35	60560	-42	NA
NAA38	84316	-73	NA
NAA40	79829	-58	NA
NAA50	80218	-114	NA
NAA60	79903	-55	NA
NAA80	24142	120	NA
NAAA	27163	-90	NA
NAALAD2	10003	-25	NA
NAALADL1	10004	37	NA
NAALADL2	254827	64	NA
NAB1	4664	31	NA
NAB2	4665	162	NA
NABP1	64859	-60	NA
NABP2	79035	-87	NA
NACA	4666	16	NA
NACA2	342538	-2	NA
NACAD	23148	71	NA
NACC1	112939	-81	NA
NACC2	138151	-86	NA
NADK	65220	-80	NA
NADK2	133686	-44	NA
NADSYN1	55191	65	NA
NAE1	8883	-141	NA
NAF1	92345	-133	NA
NAGA	4668	-64	NA
NAGK	55577	-26	NA
NAGLU	4669	-103	NA
NAGPA	51172	-75	NA
NAGS	162417	97	NA
NAIF1	203245	-23	NA
NAIP	4671	25	NA
NALCN	259232	-35	NA
NAMPT	10135	148	NA
NANOG	79923	61	NA
NANOGNB	360030	-2	NA
NANOGP8	388112	7	NA
NANOS1	340719	-15	NA
NANOS2	339345	36	NA
NANOS3	342977	65	NA
NANP	140838	-50	NA
NANS	54187	-30	NA
NAP1L1	4673	34	NA
NAP1L2	4674	-121	NA
NAP1L3	4675	-90	NA
NAP1L4	4676	-64	NA
NAP1L5	266812	-116	NA
NAPA	8775	-96	NA
NAPB	63908	34	NA
NAPEPLD	222236	-107	NA
NAPG	8774	-57	NA
NAPRT	93100	-96	NA
NAPSA	9476	57	NA
NARF	26502	213	NA
NARS		-80	NA
NARS2	79731	-112	NA
NASP	4678	-110	NA
NAT1	9	-102	NA
NAT10	55226	-67	NA
NAT14	57106	-47	NA
NAT16	375607	139	NA
NAT2	10	-24	NA
NAT8	9027	-47	NA
NAT8L		-108	NA
NAT9	26151	-96	NA
NATD1	256302	99	NA
NAV1	89796	137	NA
NAV2	89797	35	NA
NAV3	89795	-61	NA
NAXD	55739	-43	NA
NAXE	128240	-118	NA
NBAS	51594	85	NA
NBDY	550643	-35	NA
NBEA	26960	24	NA
NBEAL1	65065	86	NA
NBEAL2	23218	-103	NA
NBL1	4681	4	NA
NBN	4683	-103	NA
NBPF1	55672	-14	NA
NBPF10	100132406	14	NA
NBPF11	200030	-5	NA
NBPF12	149013	4	NA
NBPF14	25832	6	NA
NBPF15	284565	-10	NA
NBPF19	101060226	5	NA
NBPF20	100288142	-30	NA
NBPF26	101060684	12	NA
NBPF3	84224	-17	NA
NBPF4	148545	-49	NA
NBPF6	653149	-22	NA
NBPF9	400818	-49	NA
NBR1	4077	49	NA
NCALD	83988	-24	NA
NCAM1	4684	52	NA
NCAM2	4685	-45	NA
NCAN	1463	-9	NA
NCAPD2	9918	-20	NA
NCAPD3	23310	-104	NA
NCAPG	64151	-78	NA
NCAPG2	54892	-64	NA
NCAPH	23397	-126	NA
NCAPH2	29781	-84	NA
NCBP1	4686	-90	NA
NCBP2	22916	-48	NA
NCBP2-AS2		-112	NA
NCBP2L	392517	-42	NA
NCBP3	55421	-37	NA
NCCRP1	342897	38	NA
NCDN	23154	-141	NA
NCEH1	57552	-116	NA
NCF1	653361	92	NA
NCF2	4688	1	NA
NCF4	4689	-3	NA
NCK1	4690	11	NA
NCK2	8440	31	NA
NCKAP1	10787	-14	NA
NCKAP1L	3071	8	NA
NCKAP5	344148	2	NA
NCKAP5L	57701	-15	NA
NCKIPSD	51517	231	NA
NCL		-115	NA
NCLN	56926	-115	NA
NCMAP	400746	9	NA
NCOA1	8648	-3	NA
NCOA2	10499	-27	NA
NCOA3	8202	14	NA
NCOA4	8031	-33	NA
NCOA5	57727	-95	NA
NCOA6	23054	8	NA
NCOA7	135112	-19	NA
NCOR1	9611	-31	NA
NCOR2	9612	112	NA
NCR1	9437	57	NA
NCR2	9436	-2	NA
NCR3	259197	14	NA
NCR3LG1	374383	-94	NA
NCS1	23413	-59	NA
NCSTN	23385	0	NA
NDC1	55706	-120	NA
NDC80	10403	-89	NA
NDE1	54820	11	NA
NDEL1	81565	41	NA
NDFIP1	80762	-42	NA
NDFIP2	54602	-23	NA
NDN	4692	-6	NA
NDNF	79625	168	NA
NDOR1	27158	-163	NA
NDP	4693	-57	NA
NDRG1	10397	410	NA
NDRG2	57447	-87	NA
NDRG3	57446	-48	NA
NDRG4	65009	25	NA
NDST1	3340	-61	NA
NDST2	8509	-34	NA
NDST3	9348	-14	NA
NDST4	64579	-2	NA
NDUFA1	4694	-18	NA
NDUFA10	4705	-35	NA
NDUFA11	126328	-55	NA
NDUFA12	55967	-71	NA
NDUFA13	51079	-53	NA
NDUFA2	4695	-54	NA
NDUFA3	4696	-77	NA
NDUFA4		-59	NA
NDUFA4L2		193	NA
NDUFA5	4698	-43	NA
NDUFA6	4700	-52	NA
NDUFA7	4701	-51	NA
NDUFA8	4702	-34	NA
NDUFA9	4704	-96	NA
NDUFAB1	4706	-77	NA
NDUFAF1	51103	-144	NA
NDUFAF2	91942	-129	NA
NDUFAF3	25915	-86	NA
NDUFAF4	29078	-206	NA
NDUFAF5	79133	-138	NA
NDUFAF6	137682	-160	NA
NDUFAF7	55471	-58	NA
NDUFAF8	284184	-150	NA
NDUFB1	4707	-89	NA
NDUFB10	4716	-81	NA
NDUFB11	54539	-20	NA
NDUFB2	4708	-48	NA
NDUFB3	4709	-74	NA
NDUFB4	4710	14	NA
NDUFB5	4711	-27	NA
NDUFB6	4712	-84	NA
NDUFB7	4713	-55	NA
NDUFB8	4714	-9	NA
NDUFB9	4715	-79	NA
NDUFC1	4717	-7	NA
NDUFC2	4718	-86	NA
NDUFC2-KCTD14	100532726	-61	NA
NDUFS1	4719	-94	NA
NDUFS2	4720	-40	NA
NDUFS3	4722	-74	NA
NDUFS4	4724	5	NA
NDUFS5	4725	-61	NA
NDUFS6	4726	-146	U2904 1% and  U2932 1%
NDUFS7	374291	-98	NA
NDUFS8	4728	-98	NA
NDUFV1	4723	-45	NA
NDUFV2	4729	-43	NA
NDUFV3	4731	-66	NA
NEB	4703	26	NA
NEBL	10529	156	NA
NECAB1	64168	-51	NA
NECAB2	54550	24	NA
NECAB3	63941	-87	NA
NECAP1	25977	-90	NA
NECAP2	55707	-10	NA
NECTIN1	5818	-115	NA
NECTIN2	5819	2	NA
NECTIN3	25945	4	NA
NECTIN4	81607	81	NA
NEDD1	121441	-40	NA
NEDD4	4734	-20	NA
NEDD4L	23327	90	NA
NEDD8	4738	-36	NA
NEDD8-MDP1	100528064	-18	NA
NEDD9	4739	90	NA
NEFH	4744	-43	NA
NEFL	4747	24	NA
NEFM	4741	15	NA
NEGR1	257194	9	NA
NEIL1	79661	105	NA
NEIL2	252969	-1	NA
NEIL3	55247	-77	NA
NEK1	4750	-20	NA
NEK10	152110	-55	NA
NEK11	79858	11	NA
NEK2	4751	1	NA
NEK3	4752	-85	NA
NEK4	6787	-67	NA
NEK5	341676	14	NA
NEK6	10783	111	NA
NEK7	140609	24	NA
NEK9	91754	-63	NA
NELFA	7469	5	NA
NELFB	25920	5	NA
NELFCD	51497	-11	NA
NELFE	7936	-70	NA
NELL1	4745	6	NA
NELL2	4753	-8	NA
NEMF	9147	-56	NA
NEMP1	23306	23	NA
NEMP2	100131211	-41	NA
NENF	29937	7	NA
NEO1	4756	10	NA
NEPRO		-8	NA
NES	10763	-64	NA
NET1	10276	-47	NA
NETO1	81832	-7	NA
NETO2	81831	-93	NA
NEU1	4758	34	NA
NEU2	4759	14	NA
NEU3	10825	-97	NA
NEU4	129807	37	NA
NEURL1	9148	51	NA
NEURL1B	54492	4	NA
NEURL2	140825	-3	NA
NEURL3	93082	58	NA
NEURL4	84461	-69	NA
NEUROD1	4760	0	NA
NEUROD2	4761	2	NA
NEUROD6	63974	-9	NA
NEUROG1	4762	-18	NA
NEUROG2	63973	10	NA
NEUROG3	50674	43	NA
NEXMIF	340533	63	NA
NEXN	91624	-83	NA
NF1	4763	28	NA
NF2	4771	-96	NA
NFAM1	150372	18	NA
NFASC	23114	21	NA
NFAT5	10725	47	NA
NFATC1	4772	25	NA
NFATC2	4773	60	NA
NFATC2IP	84901	-45	NA
NFATC3	4775	-70	NA
NFATC4	4776	133	NA
NFE2	4778	1	NA
NFE2L1	4779	98	NA
NFE2L2	4780	-29	NA
NFE2L3	9603	-52	NA
NFE4	58160	27	NA
NFIA	4774	-81	NA
NFIB	4781	-22	NA
NFIC	4782	-52	NA
NFIL3	4783	322	NA
NFIX	4784	-18	NA
NFKB1	4790	-62	NA
NFKB2	4791	89	NA
NFKBIA	4792	23	NA
NFKBIB	4793	-112	NA
NFKBIE	4794	-57	NA
NFKBIL1	4795	69	NA
NFKBIZ	64332	-31	NA
NFRKB	4798	3	NA
NFS1	9054	-71	NA
NFU1	27247	-28	NA
NFX1	4799	-28	NA
NFXL1	152518	-41	NA
NFYA	4800	-19	NA
NFYB	4801	-33	NA
NFYC	4802	-55	NA
NGB	58157	39	NA
NGDN	25983	-76	NA
NGEF	25791	47	NA
NGF	4803	20	NA
NGFR	4804	80	NA
NGLY1	55768	134	NA
NGRN	51335	-98	NA
NHEJ1	79840	12	NA
NHLH1	4807	-12	NA
NHLH2	4808	-17	NA
NHLRC1	378884	-74	NA
NHLRC2	374354	-35	NA
NHLRC3	387921	-34	NA
NHLRC4	283948	80	NA
NHP2	55651	-99	NA
NHS	4810	46	NA
NHSL1	57224	-17	NA
NHSL2	340527	-18	NA
NICN1	84276	12	NA
NID1	4811	12	NA
NID2	22795	5	NA
NIF3L1	60491	-68	NA
NIFK	84365	-109	NA
NIM1K	167359	195	NA
NIN	51199	-23	NA
NINJ1	4814	-52	NA
NINJ2	4815	-45	NA
NINL	22981	-14	NA
NIP7	51388	-197	NA
NIPA1	123606	48	NA
NIPA2	81614	-122	NA
NIPAL1	152519	10	NA
NIPAL2	79815	-16	NA
NIPAL3	57185	24	NA
NIPAL4	348938	-53	NA
NIPBL	25836	-3	NA
NIPSNAP1	8508	-41	NA
NIPSNAP2	2631	-18	NA
NIPSNAP3A	25934	-31	NA
NIPSNAP3B	55335	11	NA
NISCH	11188	24	NA
NIT1	4817	-11	NA
NIT2	56954	-77	NA
NKAIN1	79570	69	NA
NKAIN2	154215	-16	NA
NKAIN3	286183	-35	NA
NKAIN4	128414	20	NA
NKAP	79576	25	NA
NKAPD1	55216	-21	NA
NKAPL	222698	8	NA
NKD1	85407	4	NA
NKD2	85409	85	NA
NKG7	4818	2	NA
NKIRAS1	28512	-46	NA
NKIRAS2	28511	-45	NA
NKPD1	284353	75	NA
NKRF	55922	-78	NA
NKTR	4820	29	NA
NKX1-1	54729	0	NA
NKX1-2	390010	1	NA
NKX2-1	7080	136	NA
NKX2-2	4821	-33	NA
NKX2-3	159296	-26	NA
NKX2-4	644524	-19	NA
NKX2-5	1482	-2	NA
NKX2-6	137814	-18	NA
NKX2-8	26257	-29	NA
NKX3-1	4824	-98	NA
NKX3-2	579	62	NA
NKX6-1	4825	-25	NA
NKX6-2	84504	15	NA
NKX6-3	157848	1	NA
NLE1	54475	-98	NA
NLGN1	22871	-11	NA
NLGN2	57555	93	NA
NLGN3	54413	42	NA
NLGN4X	57502	23	NA
NLGN4Y	22829	-1	NA
NLK	51701	-63	NA
NLN	57486	-94	NA
NLRC3	197358	71	NA
NLRC4	58484	-19	NA
NLRC5	84166	-137	NA
NLRP1	22861	36	NA
NLRP10	338322	67	NA
NLRP11	204801	-19	NA
NLRP12	91662	27	NA
NLRP13	126204	19	NA
NLRP14	338323	-12	NA
NLRP2	55655	-46	NA
NLRP2B	286430	-7	NA
NLRP3	114548	45	NA
NLRP4	147945	-23	NA
NLRP5	126206	25	NA
NLRP6	171389	-20	NA
NLRP7	199713	6	NA
NLRP8	126205	14	NA
NLRP9	338321	25	NA
NLRX1	79671	-30	NA
NMB	4828	88	NA
NMBR	4829	-24	NA
NMD3	51068	-44	NA
NME1	4830	-146	NA
NME1-NME2	654364	-61	NA
NME2	4831	-49	NA
NME3	4832	-95	NA
NME4	4833	-33	NA
NME5	8382	-93	NA
NME6	10201	-78	NA
NME7	29922	-9	NA
NME8	51314	-9	NA
NME9	347736	55	NA
NMI	9111	-116	NA
NMNAT1	64802	-36	NA
NMNAT2	23057	-38	NA
NMNAT3	349565	-7	NA
NMRAL1	57407	-52	NA
NMRK1	54981	38	NA
NMRK2	27231	0	NA
NMS	129521	-8	NA
NMT1	4836	-64	NA
NMT2	9397	6	NA
NMU	10874	7	NA
NMUR1	10316	64	NA
NMUR2	56923	-3	NA
NNAT	4826	64	NA
NNMT	4837	-15	NA
NNT	23530	-57	NA
NOA1	84273	-5	NA
NOB1	28987	-29	NA
NOBOX	135935	-4	NA
NOC2L	26155	-110	NA
NOC3L	64318	-139	NA
NOC4L	79050	-166	NA
NOCT	25819	90	NA
NOD1	10392	-75	NA
NOD2	64127	85	NA
NODAL	4838	-36	NA
NOG	9241	231	NA
NOL10	79954	-137	NA
NOL11	25926	-151	NA
NOL12	79159	-210	NA
NOL4	8715	39	NA
NOL4L	140688	42	NA
NOL6	65083	-238	NA
NOL7	51406	-63	NA
NOL8	55035	-93	NA
NOL9	79707	-89	NA
NOLC1	9221	-184	NA
NOM1	64434	-101	NA
NOMO1	23420	4	NA
NOMO2	283820	-11	NA
NOMO3	408050	-49	NA
NONO	4841	-47	NA
NOP10	55505	-49	NA
NOP14	8602	-119	NA
NOP16	51491	-209	NA
NOP2	4839	-221	NA
NOP53	29997	72	NA
NOP56	10528	-193	NA
NOP58	51602	-142	NA
NOP9	161424	-135	NA
NOS1	4842	17	NA
NOS1AP	9722	12	NA
NOS2	4843	17	NA
NOS3	4846	-16	NA
NOSIP	51070	-49	NA
NOSTRIN	115677	5	NA
NOTCH1	4851	24	NA
NOTCH2	4853	-10	NA
NOTCH2NLA	388677	-18	NA
NOTCH3	4854	121	NA
NOTCH4	4855	43	NA
NOTO	344022	11	NA
NOTUM	147111	76	NA
NOVA1	4857	-41	NA
NOVA2	4858	85	NA
NOX1	27035	-29	NA
NOX3	50508	-7	NA
NOX4	50507	67	NA
NOX5	79400	28	NA
NOXA1	10811	36	NA
NOXO1	124056	13	NA
NOXRED1	122945	79	NA
NPAP1	23742	16	NA
NPAS1	4861	77	NA
NPAS2	4862	84	NA
NPAS3	64067	3	NA
NPAS4	266743	2	NA
NPAT	4863	-23	NA
NPB	256933	3	NA
NPBWR1	2831	37	NA
NPBWR2	2832	3	NA
NPC1	4864	39	NA
NPC1L1	29881	87	NA
NPC2	10577	40	NA
NPDC1	56654	-24	NA
NPEPL1	79716	-17	NA
NPEPPS	9520	154	NA
NPFF	8620	15	NA
NPFFR1	64106	44	NA
NPFFR2	10886	21	NA
NPHP1	4867	-39	NA
NPHP3	27031	114	NA
NPHP3-ACAD11	100532724	97	NA
NPHP4	261734	56	NA
NPHS1	4868	54	NA
NPHS2	7827	-3	NA
NPIPA1	9284	91	NA
NPIPA2	642799	44	NA
NPIPA3	642778	47	NA
NPIPA5	100288332	19	NA
NPIPA7	101059938	34	NA
NPIPA8	101059953	61	NA
NPIPA9	105376752	34	NA
NPIPB11	728888	-14	NA
NPIPB12	440353	24	NA
NPIPB13	613037	25	NA
NPIPB15	440348	6	NA
NPIPB2	729978	78	NA
NPIPB3	23117	20	NA
NPIPB4	440345	24	NA
NPIPB5	100132247	34	NA
NPIPB6	728741	63	NA
NPIPB7	440350	93	NA
NPIPB8	728734	68	NA
NPIPB9	100507607	63	NA
NPL	80896	-98	NA
NPLOC4	55666	-106	NA
NPM1	4869	-40	U2904 1% and  U2932 1%
NPM2	10361	-12	NA
NPM3	10360	-167	NA
NPNT	255743	26	NA
NPPA	4878	6	NA
NPPB	4879	119	NA
NPPC	4880	62	NA
NPR1	4881	17	NA
NPR2	4882	35	NA
NPR3	4883	93	NA
NPRL2	10641	-1	NA
NPRL3	8131	-74	NA
NPS	594857	0	NA
NPSR1	387129	9	NA
NPTN	27020	-9	NA
NPTX2	4885	-38	NA
NPTXR	23467	3	NA
NPVF	64111	0	NA
NPW	283869	-5	NA
NPY	4852	-19	NA
NPY1R	4886	-45	NA
NPY2R	4887	-12	NA
NPY4R	5540	68	NA
NPY4R2	100996758	39	NA
NPY5R	4889	-61	NA
NQO1	1728	-156	NA
NQO2	4835	-75	NA
NR0B1	190	-20	NA
NR0B2	8431	-11	NA
NR1D1	9572	166	NA
NR1D2	9975	-5	NA
NR1H3	10062	-66	NA
NR1H4	9971	8	NA
NR1I2	8856	5	NA
NR1I3	9970	-7	NA
NR2C1	7181	-1	NA
NR2C2	7182	14	NA
NR2C2AP	126382	-145	NA
NR2E1	7101	-2	NA
NR2E3	10002	-12	NA
NR2F1	7025	4	NA
NR2F2	7026	4	NA
NR2F6	2063	-45	NA
NR3C1	2908	77	NA
NR3C2	4306	62	NA
NR4A1	3164	114	NA
NR4A2	4929	61	NA
NR4A3	8013	126	NA
NR5A1	2516	3	NA
NR5A2	2494	2	NA
NR6A1	2649	51	NA
NRAP	4892	2	NA
NRARP	441478	-76	NA
NRAS	4893	-22	NA
NRBF2	29982	23	NA
NRBP1	29959	-30	NA
NRBP2	340371	19	NA
NRCAM	4897	-6	NA
NRDC	4898	-21	NA
NRDE2	55051	-55	NA
NREP	9315	147	NA
NRF1	4899	-62	NA
NRG1	3084	-45	NA
NRG2	9542	-112	NA
NRG3	10718	34	NA
NRG4	145957	73	NA
NRGN	4900	-115	NA
NRIP1	8204	-17	NA
NRIP2	83714	23	NA
NRIP3	56675	34	NA
NRK	203447	0	NA
NRL	4901	-62	NA
NRM	11270	-20	NA
NRN1	51299	155	NA
NRN1L	123904	71	NA
NRP1	8829	23	NA
NRP2	8828	-54	NA
NRROS	375387	-96	NA
NRSN1	140767	16	NA
NRSN2	80023	20	NA
NRTN	4902	-19	NA
NRXN1	9378	-39	NA
NRXN2	9379	63	NA
NRXN3	9369	-27	NA
NSA2	10412	-33	NA
NSD1	64324	-60	NA
NSD2	7468	-23	NA
NSD3	54904	21	NA
NSDHL	50814	-46	NA
NSF	4905	-35	NA
NSFL1C	55968	-47	NA
NSG1	27065	60	NA
NSG2	51617	22	NA
NSL1	25936	-54	NA
NSMAF	8439	-106	NA
NSMCE1	197370	-55	NA
NSMCE2	286053	-20	NA
NSMCE3	56160	-59	NA
NSMCE4A	54780	-169	NA
NSMF	26012	-46	NA
NSRP1	84081	-51	NA
NSUN2	54888	-120	NA
NSUN3	63899	-78	NA
NSUN4	387338	-58	NA
NSUN5	55695	-103	NA
NSUN6	221078	-51	NA
NSUN7	79730	-9	NA
NT5C	30833	-33	NA
NT5C1A	84618	12	NA
NT5C1B	93034	-6	NA
NT5C1B-RDH14	100526794	-26	NA
NT5C2	22978	-55	NA
NT5C3A	51251	-63	NA
NT5C3B	115024	-60	NA
NT5DC1	221294	1	NA
NT5DC2	64943	-39	NA
NT5DC3	51559	-6	NA
NT5DC4	284958	25	NA
NT5E	4907	5	NA
NT5M	56953	-57	NA
NTAN1	123803	59	NA
NTF3	4908	61	NA
NTF4	4909	97	NA
NTHL1	4913	-146	NA
NTM	50863	-13	NA
NTMT1	28989	-108	NA
NTN1	9423	-7	NA
NTN3	4917	34	NA
NTN4	59277	8	NA
NTN5	126147	37	NA
NTNG1	22854	10	NA
NTNG2	84628	27	NA
NTPCR	84284	-21	NA
NTRK1	4914	8	NA
NTRK2	4915	88	NA
NTRK3	4916	15	NA
NTS	4922	-35	NA
NTSR1	4923	25	NA
NTSR2	23620	-27	NA
NUAK1	9891	81	NA
NUAK2	81788	-35	NA
NUB1	51667	-49	NA
NUBP1	4682	-61	NA
NUBP2	10101	-76	NA
NUBPL	80224	-59	NA
NUCB1	4924	29	NA
NUCB2	4925	21	NA
NUCKS1	64710	-59	NA
NUDC	10726	-147	NA
NUDCD1	84955	-60	NA
NUDCD2	134492	-12	NA
NUDCD3	23386	-47	NA
NUDT1	4521	-75	NA
NUDT10	170685	25	NA
NUDT11	55190	-13	NA
NUDT12	83594	-50	NA
NUDT13	25961	131	NA
NUDT14	256281	33	NA
NUDT15	55270	-84	NA
NUDT16	131870	-122	NA
NUDT16L1	84309	-99	NA
NUDT17	200035	-46	NA
NUDT18	79873	113	NA
NUDT19	390916	-87	NA
NUDT2	318	-13	NA
NUDT21	11051	-30	NA
NUDT22	84304	15	NA
NUDT3	11165	-92	NA
NUDT4	11163	-46	NA
NUDT4B	440672	-107	NA
NUDT5	11164	-111	NA
NUDT6	11162	-108	NA
NUDT7	283927	-20	NA
NUDT8	254552	-81	NA
NUDT9	53343	-95	NA
NUF2	83540	-66	NA
NUFIP1	26747	-163	NA
NUFIP2	57532	-65	NA
NUGGC	389643	38	NA
NUMA1	4926	50	NA
NUMB	8650	19	NA
NUMBL	9253	29	U2904 1% and  U2932 1%
NUP107	57122	-104	NA
NUP133	55746	-52	NA
NUP153	9972	-72	NA
NUP155	9631	-106	NA
NUP160	23279	-62	NA
NUP188	23511	-117	NA
NUP205	23165	-73	NA
NUP210	23225	-68	NA
NUP210L	91181	0	NA
NUP214	8021	-61	NA
NUP35	129401	-153	NA
NUP37	79023	-100	NA
NUP43	348995	-76	NA
NUP50	10762	-80	NA
NUP54	53371	-70	NA
NUP58	9818	80	NA
NUP62	23636	-85	NA
NUP62CL	54830	-13	NA
NUP85	79902	-99	NA
NUP88	4927	-88	NA
NUP93	9688	-137	NA
NUP98	4928	-73	NA
NUPL2		-75	NA
NUPR1	26471	40	NA
NUPR2	389493	-53	NA
NUS1	116150	-61	NA
NUSAP1	51203	-36	NA
NUTF2	10204	-46	NA
NUTM1	256646	-16	NA
NUTM2A	728118	-21	NA
NUTM2B	729262	-79	NA
NUTM2D	728130	-64	NA
NUTM2E	283008	-27	NA
NUTM2F	54754	36	NA
NUTM2G	441457	5	NA
NVL	4931	-88	NA
NWD1	284434	57	NA
NWD2	57495	6	NA
NXF1	10482	-20	NA
NXF2	56001	-3	NA
NXF2B	728343	-3	NA
NXF3	56000	-7	NA
NXF5	55998	19	NA
NXN	64359	52	NA
NXNL1	115861	23	NA
NXNL2	158046	118	NA
NXPE1	120400	26	NA
NXPE2	120406	102	NA
NXPE3	91775	-130	NA
NXPE4	54827	8	NA
NXPH1	30010	-33	NA
NXPH2	11249	-59	NA
NXPH3	11248	16	NA
NXPH4	11247	131	NA
NXT1	29107	-125	NA
NXT2	55916	-67	NA
NYAP1	222950	223	NA
NYAP2	57624	-4	NA
NYNRIN	57523	47	NA
NYX	60506	-10	NA
OAF	220323	-129	NA
OARD1	221443	-1	NA
OAS1	4938	-88	NA
OAS2	4939	-102	NA
OAS3	4940	-142	NA
OASL	8638	-133	NA
OAT	4942	-23	NA
OAZ1	4946	0	NA
OAZ2	4947	25	NA
OAZ3	51686	-109	NA
OBP2A	29991	15	NA
OBP2B	29989	10	NA
OBSCN	84033	116	NA
OBSL1	23363	74	NA
OC90	729330	-3	NA
OCA2	4948	23	NA
OCEL1	79629	50	NA
OCIAD1	54940	-41	NA
OCIAD2	132299	-23	NA
OCLM		95	NA
OCLN	100506658	19	NA
OCM	654231	-18	NA
OCM2	4951	-1	NA
OCRL	4952	-6	NA
OCSTAMP	128506	1	NA
ODAM	54959	89	NA
ODAPH	152816	28	NA
ODC1	4953	-186	NA
ODF1	4956	49	NA
ODF2	4957	-7	NA
ODF2L	57489	-1	NA
ODF3		14	NA
ODF3B		111	NA
ODF3L1		22	NA
ODF3L2		18	NA
ODF4	146852	0	NA
ODR4	54953	5	NA
OFD1	8481	37	NA
OGA	10724	91	NA
OGDH	4967	-94	NA
OGDHL	55753	1	NA
OGFOD1	55239	-166	NA
OGFOD2	79676	-19	NA
OGFOD3	79701	-66	NA
OGFR	11054	-11	NA
OGFRL1	79627	-50	NA
OGG1	4968	-95	NA
OGN	4969	-3	NA
OGT	8473	35	NA
OIP5	11339	-89	NA
OIT3	170392	-26	NA
OLA1	29789	-28	NA
OLAH	55301	21	NA
OLFM1	10439	29	NA
OLFM3	118427	15	NA
OLFM4	10562	-13	NA
OLFML1	283298	-34	NA
OLFML2A	169611	168	NA
OLFML2B	25903	-47	NA
OLFML3	56944	-43	NA
OLIG1	116448	62	NA
OLIG2	10215	-5	NA
OLIG3	167826	2	NA
OLR1	4973	-4	NA
OMA1	115209	-98	NA
OMD	4958	-15	NA
OMG	4974	-8	NA
OMP	4975	53	NA
ONECUT1	3175	1	NA
ONECUT2	9480	-4	NA
OOEP	441161	0	NA
OOSP1	255649	22	NA
OOSP2	219990	1	NA
OOSP3	112577461	-28	NA
OOSP4A	112577462	2	NA
OOSP4B	107987155	9	NA
OPA1	4976	-64	NA
OPA3	80207	-30	NA
OPALIN	93377	5	NA
OPCML	4978	12	NA
OPHN1	4983	15	NA
OPLAH	26873	-54	NA
OPN1LW	5956	24	NA
OPN1MW	2652	5	NA
OPN1MW2	728458	17	NA
OPN1MW3	101060233	11	NA
OPN1SW	611	-1	NA
OPN3	23596	66	NA
OPN4	94233	22	NA
OPN5	221391	19	NA
OPRD1	4985	35	NA
OPRK1	4986	33	NA
OPRL1	4987	93	NA
OPRM1	4988	34	NA
OPRPN	58503	4	NA
OPTC	26254	-12	NA
OPTN	10133	116	NA
OR10A2	341276	17	NA
OR10A3	26496	36	NA
OR10A4	283297	-4	NA
OR10A5	144124	-7	NA
OR10A6	390093	20	NA
OR10A7	121364	-1	NA
OR10AD1	121275	-2	NA
OR10AG1	282770	4	NA
OR10C1	442194	-6	NA
OR10D3	26497	-1	NA
OR10G2	26534	-4	NA
OR10G3	26533	31	NA
OR10G4	390264	66	NA
OR10G6	79490	1	NA
OR10G7	390265	0	NA
OR10G8	219869	1	NA
OR10G9	219870	1	NA
OR10H2	26538	4	NA
OR10H3	26532	4	NA
OR10H4	126541	2	NA
OR10H5	284433	38	NA
OR10J1	26476	23	NA
OR10J3	441911	-9	NA
OR10J5	127385	2	NA
OR10K1	391109	25	NA
OR10K2	391107	-1	NA
OR10P1	121130	2	NA
OR10Q1	219960	14	NA
OR10R2	343406	0	NA
OR10S1	219873	8	NA
OR10T2	128360	-13	NA
OR10V1	390201	-1	NA
OR10W1	81341	0	NA
OR10X1	128367	-1	NA
OR10Z1	128368	19	NA
OR11A1	26531	41	NA
OR11G2	390439	45	NA
OR11H1	81061	-3	NA
OR11H12	440153	4	NA
OR11H2	79334	-4	NA
OR11H4	390442	-11	NA
OR11H6	122748	-1	NA
OR11L1	391189	3	NA
OR12D2	26529	0	NA
OR12D3	81797	-3	NA
OR13A1	79290	4	NA
OR13C2	392376	2	NA
OR13C3	138803	7	NA
OR13C4	138804	-3	NA
OR13C5	138799	3	NA
OR13C8	138802	3	NA
OR13C9	286362	1	NA
OR13D1	286365	5	NA
OR13F1	138805	-2	NA
OR13G1	441933	-4	NA
OR13H1	347468	-9	NA
OR13J1	392309	5	NA
OR14A16	284532	4	NA
OR14A2	388761	-7	NA
OR14C36	127066	3	NA
OR14I1	401994	-1	NA
OR14J1	442191	24	NA
OR14K1	343170	10	NA
OR1A1	8383	13	NA
OR1A2	26189	-4	NA
OR1B1	347169	7	NA
OR1C1	26188	-8	NA
OR1D2	4991	44	NA
OR1D5	8386	3	NA
OR1E1	8387	-7	NA
OR1E2	8388	1	NA
OR1F1	4992	15	NA
OR1G1	8390	-4	NA
OR1I1	126370	32	NA
OR1J1	347168	11	NA
OR1J2	26740	-10	NA
OR1J4	26219	-8	NA
OR1K1	392392	6	NA
OR1L1	26737	3	NA
OR1L3	26735	-6	NA
OR1L4	254973	-1	NA
OR1L6	392390	2	NA
OR1L8	138881	16	NA
OR1M1	125963	-25	NA
OR1N1	138883	9	NA
OR1N2	138882	5	NA
OR1Q1	158131	4	NA
OR1S1	219959	1	NA
OR1S2	219958	0	NA
OR2A1	346528	-2	NA
OR2A12	346525	10	NA
OR2A14	135941	10	NA
OR2A2	442361	-8	NA
OR2A25	392138	80	NA
OR2A4	79541	-14	NA
OR2A42	402317	26	NA
OR2A5	393046	-14	NA
OR2A7	401427	51	NA
OR2AE1	81392	-7	NA
OR2AG1	144125	38	NA
OR2AG2	338755	5	NA
OR2AJ1	127608	1	NA
OR2AK2	391191	2	NA
OR2AP1	121129	0	NA
OR2AT4	341152	29	NA
OR2B11	127623	10	NA
OR2B2	81697	-3	NA
OR2B3	442184	1	NA
OR2B6	26212	3	NA
OR2C1	4993	-3	NA
OR2C3	81472	-4	NA
OR2D2	120776	22	NA
OR2D3	120775	-5	NA
OR2F1	26211	5	NA
OR2F2	135948	6	NA
OR2G2	81470	1	NA
OR2G3	81469	6	NA
OR2G6	391211	47	NA
OR2H1	26716	-3	NA
OR2H2	7932	6	NA
OR2I1P		-36	NA
OR2J1	442185	4	NA
OR2J2	26707	18	NA
OR2J3	442186	-7	NA
OR2K2	26248	6	NA
OR2L13	284521	11	NA
OR2L2	26246	-38	NA
OR2L3	391192	8	NA
OR2L5	81466	-1	NA
OR2L8	391190	-8	NA
OR2M2	391194	4	NA
OR2M3	127062	56	NA
OR2M4	26245	19	NA
OR2M5	127059	4	NA
OR2M7	391196	1	NA
OR2S2	56656	-3	NA
OR2T1	26696	0	NA
OR2T10	127069	-9	NA
OR2T11	127077	14	NA
OR2T12	127064	14	NA
OR2T2	401992	-3	NA
OR2T27	403239	-1	NA
OR2T29	343563	1	NA
OR2T3	343173	2	NA
OR2T33	391195	26	NA
OR2T34	127068	-7	NA
OR2T35	403244	-2	NA
OR2T4	127074	-8	NA
OR2T5	401993	1	NA
OR2T6	254879	-3	NA
OR2T8	343172	-14	NA
OR2V1	26693	69	NA
OR2V2	285659	27	NA
OR2W1	26692	3	NA
OR2W3	343171	-26	NA
OR2Y1	134083	2	NA
OR2Z1	284383	5	NA
OR3A1	4994	-8	NA
OR3A2	4995	2	NA
OR3A3	8392	14	NA
OR4A15	81328	0	NA
OR4A16	81327	5	NA
OR4A47	403253	11	NA
OR4A5	81318	-4	NA
OR4B1	119765	-2	NA
OR4C11	219429	1	NA
OR4C12	283093	0	NA
OR4C13	283092	1	NA
OR4C15	81309	3	NA
OR4C16	219428	2	NA
OR4C3	256144	2	NA
OR4C46	119749	1	NA
OR4C5	79346	2	NA
OR4C6	219432	3	NA
OR4D1	26689	11	NA
OR4D10	390197	-1	NA
OR4D11	219986	1	NA
OR4D2	124538	3	NA
OR4D5	219875	0	NA
OR4D6	219983	-1	NA
OR4D9	390199	58	NA
OR4E1	26687	9	NA
OR4E2	26686	8	NA
OR4F15	390649	32	NA
OR4F17	81099	-8	NA
OR4F21	441308	-3	NA
OR4F29	729759	18	NA
OR4F4	26682	-2	NA
OR4F5	79501	-2	NA
OR4F6	390648	6	NA
OR4K1	79544	-1	NA
OR4K13	390433	27	NA
OR4K14	122740	-1	NA
OR4K15	81127	3	NA
OR4K17	390436	33	NA
OR4K2	390431	18	NA
OR4K5	79317	-3	NA
OR4L1	122742	2	NA
OR4M1	441670	8	NA
OR4M2	390538	1	NA
OR4N4	283694	-2	NA
OR4N5	390437	-2	NA
OR4P4	81300	12	NA
OR4Q2	390432	2	NA
OR4Q3	441669	6	NA
OR4S1	256148	1	NA
OR4S2	219431	0	NA
OR4X1	390113	-2	NA
OR4X2	119764	7	NA
OR51A2	401667	-1	NA
OR51A4	401666	2	NA
OR51A7	119687	-3	NA
OR51B2	79345	31	NA
OR51B4	79339	7	NA
OR51B5	282763	-4	NA
OR51B6	390058	-5	NA
OR51C1P		1	NA
OR51D1	390038	22	NA
OR51E1	143503	-17	NA
OR51E2	81285	21	NA
OR51F1	256892	-1	NA
OR51F2	119694	0	NA
OR51G1	79324	0	NA
OR51G2	81282	2	NA
OR51I1	390063	23	NA
OR51I2	390064	4	NA
OR51L1	119682	9	NA
OR51M1	390059	9	NA
OR51Q1	390061	-10	NA
OR51S1	119692	-2	NA
OR51T1	401665	3	NA
OR51V1	283111	7	NA
OR52A1	23538	48	NA
OR52A5	390054	2	NA
OR52B2	255725	3	NA
OR52B4	143496	16	NA
OR52B6	340980	9	NA
OR52D1	390066	3	NA
OR52E2	119678	-5	NA
OR52E4	390081	30	NA
OR52E5	390082	1	NA
OR52E6	390078	-6	NA
OR52E8	390079	1	NA
OR52H1	390067	21	NA
OR52I1	390037	56	NA
OR52I2	143502	-6	NA
OR52J3	119679	-1	NA
OR52K1	390036	22	NA
OR52K2	119774	-3	NA
OR52L1	338751	-4	NA
OR52M1	119772	-2	NA
OR52N1	79473	37	NA
OR52N2	390077	10	NA
OR52N4	390072	6	NA
OR52N5	390075	-16	NA
OR52R1	119695	0	NA
OR52W1	120787	-10	NA
OR56A1	120796	7	NA
OR56A3	390083	3	NA
OR56A4	120793	39	NA
OR56A5	390084	-5	NA
OR56B1	387748	-4	NA
OR56B4	196335	7	NA
OR5A1	219982	27	NA
OR5A2	219981	32	NA
OR5AC2	81050	-1	NA
OR5AK2	390181	5	NA
OR5AN1	390195	-4	NA
OR5AP2	338675	3	NA
OR5AR1	219493	-4	NA
OR5AS1	219447	6	NA
OR5AU1	390445	-3	NA
OR5B12	390191	6	NA
OR5B17	219965	-1	NA
OR5B2	390190	16	NA
OR5B21	219968	-4	NA
OR5B3	441608	-1	NA
OR5BS1P		-6	NA
OR5C1	392391	-4	NA
OR5D13	390142	-1	NA
OR5D14	219436	0	NA
OR5D16	390144	0	NA
OR5D18	219438	1	NA
OR5D3P		2	NA
OR5F1	338674	1	NA
OR5H1	26341	-2	NA
OR5H14	403273	-11	NA
OR5H15	403274	3	NA
OR5H2	79310	2	NA
OR5H6	79295	1	NA
OR5I1	10798	-2	NA
OR5J2	282775	2	NA
OR5K1	26339	-2	NA
OR5K2	402135	-1	NA
OR5K3	403277	-4	NA
OR5K4	403278	0	NA
OR5L1	219437	-1	NA
OR5L2	26338	-1	NA
OR5M1	390168	-1	NA
OR5M10	390167	0	NA
OR5M11	219487	-14	NA
OR5M3	219482	-4	NA
OR5M8	219484	-7	NA
OR5M9	390162	-1	NA
OR5P2	120065	8	NA
OR5P3	120066	1	NA
OR5R1		-1	NA
OR5T1	390155	4	NA
OR5T2	219464	-3	NA
OR5T3	390154	2	NA
OR5V1	81696	0	NA
OR5W2	390148	0	NA
OR6A2	8590	16	NA
OR6B1	135946	10	NA
OR6B2	389090	2	NA
OR6B3	150681	-14	NA
OR6C1	390321	2	NA
OR6C2	341416	0	NA
OR6C3	254786	-3	NA
OR6C4	341418	15	NA
OR6C6	283365	-4	NA
OR6C65	403282	-1	NA
OR6C68	403284	-1	NA
OR6C70	390327	1	NA
OR6C74	254783	3	NA
OR6C75	390323	20	NA
OR6C76	390326	2	NA
OR6F1	343169	2	NA
OR6J1	79549	24	NA
OR6K2	81448	1	NA
OR6K3	391114	-45	NA
OR6K6	128371	0	NA
OR6M1	390261	-2	NA
OR6N1	128372	-1	NA
OR6N2	81442	3	NA
OR6P1	128366	-11	NA
OR6Q1	219952	3	NA
OR6S1	341799	7	NA
OR6T1	219874	0	NA
OR6V1	346517	3	NA
OR6X1	390260	0	NA
OR6Y1	391112	15	NA
OR7A10	390892	-2	NA
OR7A17	26333	27	NA
OR7A5	26659	13	NA
OR7C1	26664	27	NA
OR7C2	26658	3	NA
OR7D4	125958	35	NA
OR7G1	125962	-3	NA
OR7G2	390882	16	NA
OR7G3	390883	-2	NA
OR8A1	390275	34	NA
OR8B12	219858	0	NA
OR8B2	26595	-2	NA
OR8B3	390271	-7	NA
OR8B4	283162	-2	NA
OR8B8	26493	13	NA
OR8D1	283159	-6	NA
OR8D2	283160	-2	NA
OR8D4	338662	-7	NA
OR8G1	26494	-7	NA
OR8G5	219865	21	NA
OR8H1	219469	26	NA
OR8H2	390151	-2	NA
OR8H3	390152	0	NA
OR8I2	120586	0	NA
OR8J1	219477	-1	NA
OR8J3	81168	13	NA
OR8K1	390157	-2	NA
OR8K3	219473	2	NA
OR8K5	219453	-3	NA
OR8U1	219417	0	NA
OR9A2	135924	20	NA
OR9A4	130075	25	NA
OR9G1	390174	-4	NA
OR9G4	283189	-2	NA
OR9I1	219954	6	NA
OR9K2	441639	1	NA
OR9Q1	219956	10	NA
OR9Q2	219957	4	NA
ORAI1	84876	-134	NA
ORAI2	80228	-59	NA
ORAI3	93129	184	NA
ORC1	4998	-108	NA
ORC2	4999	-96	NA
ORC3	23595	-76	NA
ORC4	5000	-30	NA
ORC5	5001	-150	NA
ORC6	23594	-120	NA
ORM1	5004	-13	NA
ORM2	5005	-6	NA
ORMDL1	94101	-25	NA
ORMDL2	29095	-85	NA
ORMDL3	94103	-5	NA
OS9	10956	47	NA
OSBP	5007	1	NA
OSBP2	23762	-12	NA
OSBPL10	114884	20	NA
OSBPL11	114885	-83	NA
OSBPL1A	114876	-6	NA
OSBPL2	9885	42	NA
OSBPL3	26031	-56	NA
OSBPL5	114879	21	NA
OSBPL6	114880	-34	NA
OSBPL8	114882	3	NA
OSBPL9	114883	-9	NA
OSCAR	126014	137	NA
OSCP1	127700	-7	NA
OSER1	51526	90	NA
OSGEP	55644	-109	NA
OSGEPL1	64172	-116	NA
OSGIN1	29948	27	NA
OSGIN2	734	-69	NA
OSM	5008	47	NA
OSMR	9180	191	NA
OSR1	130497	-22	NA
OSR2	116039	-62	NA
OST4	100128731	25	NA
OSTC	58505	9	NA
OSTF1	26578	-11	NA
OSTM1	28962	-79	NA
OSTN	344901	-16	NA
OTC	5009	-12	NA
OTOA	146183	8	NA
OTOF	9381	17	NA
OTOG	340990	-7	NA
OTOGL	283310	-61	NA
OTOL1	131149	5	NA
OTOP1	133060	33	NA
OTOP2	92736	11	NA
OTOP3	347741	1	NA
OTOR	56914	9	NA
OTOS	150677	-6	NA
OTP	23440	-3	NA
OTUB1	55611	-38	NA
OTUB2	78990	-18	NA
OTUD1	220213	126	NA
OTUD3	23252	11	NA
OTUD4	54726	-34	NA
OTUD5	55593	11	NA
OTUD6A	139562	25	NA
OTUD6B	51633	-116	NA
OTUD7A	161725	-15	NA
OTUD7B	56957	5	NA
OTULIN	90268	-39	NA
OTULINL	54491	40	NA
OTX1	5013	-80	NA
OTX2	5015	-2	NA
OVCA2	124641	-134	NA
OVCH1	341350	-23	NA
OVCH2	341277	10	NA
OVGP1	5016	35	NA
OVOL1	5017	92	NA
OVOL2	58495	-76	NA
OVOL3	728361	-41	NA
OXA1L	5018	-55	NA
OXCT1	5019	-101	NA
OXCT2	64064	-25	NA
OXER1	165140	-23	NA
OXGR1	27199	1	NA
OXLD1	339229	-112	NA
OXNAD1	92106	-135	NA
OXR1	55074	46	NA
OXSM	54995	71	NA
OXSR1	9943	99	NA
OXT	5020	18	NA
OXTR	5021	-14	NA
P2RX1	5023	9	NA
P2RX2	22953	-1	NA
P2RX3	5024	23	NA
P2RX4	5025	31	NA
P2RX5	5026	-92	NA
P2RX5-TAX1BP3	100533970	9	NA
P2RX6	9127	-8	NA
P2RX7	5027	29	NA
P2RY1	5028	9	NA
P2RY10	27334	6	NA
P2RY11	5032	142	NA
P2RY12	64805	-10	NA
P2RY13	53829	7	NA
P2RY14	9934	-12	NA
P2RY2	5029	-73	NA
P2RY4	5030	19	NA
P2RY6	5031	-70	NA
P2RY8	286530	37	NA
P3H1	64175	15	NA
P3H2	55214	116	NA
P3H3	10536	2	NA
P3H4	10609	-50	NA
P3R3URF	110117498	6	NA
P4HA1	5033	389	U2904 1% and  U2932 1%
P4HA2	8974	322	NA
P4HA3	283208	53	NA
P4HB	5034	109	NA
P4HTM	54681	8	NA
PA2G4	5036	-162	NA
PAAF1	80227	-23	NA
PABPC1	26986	37	NA
PABPC1L	80336	-5	NA
PABPC1L2A	340529	-12	NA
PABPC1L2B	645974	-60	NA
PABPC3	5042	45	NA
PABPC4	8761	-35	NA
PABPC4L	132430	-4	NA
PABPC5	140886	-10	NA
PABPN1	8106	-34	NA
PABPN1L	390748	-4	NA
PACRG	135138	32	NA
PACRGL	133015	-82	NA
PACS1	55690	53	NA
PACS2	23241	3	NA
PACSIN1	29993	-28	NA
PACSIN2	11252	22	NA
PACSIN3	29763	-56	NA
PADI1	29943	113	NA
PADI2	11240	115	NA
PADI3	51702	-11	NA
PADI4	23569	25	NA
PADI6	353238	10	NA
PAEP	5047	36	NA
PAF1	54623	-43	NA
PAFAH1B1	5048	11	NA
PAFAH1B2	5049	-38	NA
PAFAH1B3	5050	-76	NA
PAFAH2	5051	-27	NA
PAG1	55824	190	NA
PAGE1	8712	10	NA
PAGE2	203569	11	NA
PAGE2B	389860	59	NA
PAGE3	139793	5	NA
PAGE4	9506	-2	NA
PAGE5	90737	-14	NA
PAGR1	79447	-98	NA
PAH	5053	-36	NA
PAICS	10606	21	NA
PAIP1	10605	-16	NA
PAIP2	51247	75	NA
PAIP2B	400961	157	NA
PAK1	5058	16	NA
PAK1IP1	55003	-189	NA
PAK2	5062	-8	NA
PAK3	5063	-7	NA
PAK4	10298	13	NA
PAK5	57144	-1	NA
PAK6	56924	-37	NA
PALB2	79728	-98	NA
PALD1	27143	-53	NA
PALLD	23022	-20	NA
PALM	5064	93	NA
PALM2		-3	NA
PALM2-AKAP2		-19	NA
PALM3	342979	-49	NA
PALMD	54873	-56	NA
PAM	5066	232	NA
PAM16	51025	-98	NA
PAMR1	25891	25	NA
PAN2	9924	72	NA
PAN3	255967	21	NA
PANK1	53354	-63	NA
PANK2	80025	-41	NA
PANK3	79646	18	NA
PANK4	55229	-17	NA
PANO1	101927423	-43	NA
PANX1	24145	60	NA
PANX2	56666	129	NA
PANX3	116337	7	NA
PAOX	196743	-36	NA
PAPLN	89932	-1	NA
PAPOLA	10914	-7	NA
PAPOLB	56903	-7	NA
PAPOLG	64895	-3	NA
PAPPA	5069	3	NA
PAPPA2	60676	21	NA
PAPSS1	9061	-21	NA
PAPSS2	9060	103	NA
PAQR3	152559	-117	NA
PAQR4	124222	-90	NA
PAQR5	54852	124	NA
PAQR6	79957	59	NA
PAQR7	164091	74	NA
PAQR8	85315	26	NA
PAQR9	344838	-48	NA
PARD3	56288	34	NA
PARD3B	117583	-27	NA
PARD6A	50855	-41	NA
PARD6B	84612	49	NA
PARD6G	84552	-13	NA
PARG	8505	-38	NA
PARK7	11315	-68	NA
PARL	55486	-75	NA
PARM1	25849	17	NA
PARN	5073	-76	NA
PARP1	142	-117	NA
PARP10	84875	1	NA
PARP11	57097	20	NA
PARP12	64761	-137	NA
PARP14	54625	-77	NA
PARP15	165631	51	NA
PARP16	54956	108	NA
PARP2	10038	-49	NA
PARP3	10039	41	NA
PARP4	143	-19	NA
PARP6	56965	41	NA
PARP8	79668	66	NA
PARP9	83666	-143	NA
PARPBP	55010	-120	NA
PARS2	25973	-44	NA
PARVA	55742	-47	NA
PARVB	29780	-12	NA
PARVG	64098	-11	NA
PASD1	139135	-37	NA
PASK	23178	-124	NA
PATE1	160065	4	NA
PATE2	399967	-20	NA
PATE3	100169851	-5	NA
PATE4	399968	41	NA
PATJ	10207	78	NA
PATL1	219988	48	NA
PATL2	197135	-62	NA
PATZ1	23598	-28	NA
PAWR	5074	-18	NA
PAX1	5075	13	NA
PAX2	5076	18	NA
PAX3	5077	-17	NA
PAX4	5078	20	NA
PAX5	5079	-21	NA
PAX6	5080	-3	NA
PAX7	5081	-14	NA
PAX8	7849	57	NA
PAX9	5083	-39	NA
PAXBP1	94104	-9	NA
PAXIP1	22976	-54	NA
PAXX	286257	-94	NA
PBDC1	51260	-105	NA
PBK	55872	-100	NA
PBLD	64081	-64	NA
PBOV1	59351	36	NA
PBRM1	55193	-8	NA
PBX1	5087	-77	NA
PBX2	5089	2	NA
PBX3	5090	23	NA
PBX4	80714	23	NA
PBXIP1	57326	167	NA
PC	5091	2	NA
PCARE	388939	-11	NA
PCBD1	5092	-52	NA
PCBD2	84105	-75	NA
PCBP1	5093	-2	NA
PCBP2	5094	3	NA
PCBP3	54039	104	NA
PCBP4	57060	6	NA
PCCA	5095	-23	NA
PCCB	5096	-90	NA
PCDH1	5097	81	NA
PCDH10	57575	-1	NA
PCDH11X	27328	-5	NA
PCDH11Y	83259	24	NA
PCDH12	51294	-4	NA
PCDH15	65217	-17	NA
PCDH17	27253	-50	NA
PCDH18	54510	-34	NA
PCDH19	57526	9	NA
PCDH20	64881	-21	NA
PCDH7	5099	-25	NA
PCDH8	5100	-24	NA
PCDH9	5101	-13	NA
PCDHA1	56147	-27	NA
PCDHA10	56139	8	NA
PCDHA11	56138	-29	NA
PCDHA12	56137	-27	NA
PCDHA13	56136	-24	NA
PCDHA2	56146	-6	NA
PCDHA3	56145	5	NA
PCDHA4	56144	16	NA
PCDHA5	56143	-19	NA
PCDHA6	56142	-6	NA
PCDHA7	56141	-9	NA
PCDHA8	56140	-17	NA
PCDHA9	9752	1	NA
PCDHAC1	56135	-12	NA
PCDHAC2	56134	-32	NA
PCDHB1	29930	53	NA
PCDHB10	56126	10	NA
PCDHB11	56125	55	NA
PCDHB12	56124	29	NA
PCDHB13	56123	-18	NA
PCDHB14	56122	6	NA
PCDHB15	56121	-1	NA
PCDHB16	57717	-4	NA
PCDHB2	56133	5	NA
PCDHB3	56132	32	NA
PCDHB4	56131	-11	NA
PCDHB5	26167	-23	NA
PCDHB6	56130	-21	NA
PCDHB7	56129	-36	NA
PCDHB8	56128	-69	NA
PCDHB9	56127	32	NA
PCDHGA1	56114	-16	NA
PCDHGA10	56106	-33	NA
PCDHGA11	56105	7	NA
PCDHGA12	26025	6	NA
PCDHGA2	56113	-1	NA
PCDHGA3	56112	-9	NA
PCDHGA4	56111	44	NA
PCDHGA5	56110	55	NA
PCDHGA6	56109	68	NA
PCDHGA7	56108	6	NA
PCDHGA8	9708	61	NA
PCDHGA9	56107	-7	NA
PCDHGB1	56104	27	NA
PCDHGB2	56103	15	NA
PCDHGB3	56102	28	NA
PCDHGB4	8641	32	NA
PCDHGB5	56101	3	NA
PCDHGB6	56100	11	NA
PCDHGB7	56099	18	NA
PCDHGC3	5098	-88	NA
PCDHGC4	56098	-26	NA
PCDHGC5	56097	1	NA
PCED1A	64773	32	NA
PCED1B	91523	27	NA
PCF11	51585	26	NA
PCGF1	84759	-6	NA
PCGF2	7703	7	NA
PCGF3	10336	46	NA
PCGF5	84333	43	NA
PCGF6	84108	-142	NA
PCID2	55795	-46	NA
PCIF1	63935	13	NA
PCK1	5105	65	NA
PCK2	5106	-25	NA
PCLAF	9768	-73	NA
PCLO	27445	0	NA
PCM1	5108	15	NA
PCMT1	5110	-38	NA
PCMTD1	115294	108	NA
PCMTD2	55251	10	NA
PCNA	5111	-168	NA
PCNP	57092	18	NA
PCNT	5116	-12	NA
PCNX1	22990	-8	NA
PCNX2	80003	7	NA
PCNX3	399909	-85	NA
PCNX4	64430	-6	NA
PCOLCE	5118	92	NA
PCOLCE2	26577	82	NA
PCP2	126006	161	NA
PCP4	5121	-49	NA
PCP4L1	654790	127	NA
PCSK1	5122	-2	NA
PCSK1N	27344	51	NA
PCSK2	5126	-20	NA
PCSK4	54760	117	NA
PCSK5	5125	62	NA
PCSK6	5046	35	NA
PCSK7	9159	-105	NA
PCSK9	255738	15	NA
PCTP	58488	-8	NA
PCYOX1	51449	16	NA
PCYOX1L	78991	-128	NA
PCYT1A	5130	-109	NA
PCYT1B	9468	102	NA
PCYT2	5833	-154	NA
PDAP1	11333	-55	NA
PDC	5132	40	NA
PDCD1	5133	10	NA
PDCD10	11235	13	NA
PDCD11	22984	-150	NA
PDCD1LG2	80380	-33	NA
PDCD2	5134	-111	NA
PDCD2L	84306	-160	NA
PDCD4	27250	22	NA
PDCD5	9141	-76	NA
PDCD6	10016	-38	NA
PDCD6IP	10015	20	NA
PDCD7	10081	-59	NA
PDCL	5082	-20	NA
PDCL2	132954	-5	NA
PDCL3	79031	-80	NA
PDE10A	10846	44	NA
PDE11A	50940	21	NA
PDE12	201626	-105	NA
PDE1A	5136	-68	NA
PDE1B	5153	25	NA
PDE1C	5137	18	NA
PDE2A	5138	115	NA
PDE3A	5139	-6	NA
PDE3B	5140	-77	NA
PDE4B	5142	-52	NA
PDE4C	5143	187	NA
PDE4D	5144	0	NA
PDE4DIP	9659	-12	NA
PDE5A	8654	44	NA
PDE6A	5145	15	NA
PDE6B	5158	28	NA
PDE6C	5146	7	NA
PDE6D	5147	-33	NA
PDE7A	5150	-37	NA
PDE7B	27115	-45	NA
PDE8A	5151	28	NA
PDE8B	8622	-29	NA
PDE9A	5152	45	NA
PDF	64146	-116	NA
PDGFA	5154	43	NA
PDGFB	5155	186	NA
PDGFC	56034	25	NA
PDGFD	80310	-77	NA
PDGFRA	5156	25	NA
PDGFRB	5159	42	NA
PDGFRL	5157	66	NA
PDHA1	5160	-61	NA
PDHA2	5161	5	NA
PDHB	5162	-69	NA
PDHX	8050	-23	NA
PDIA2	64714	67	NA
PDIA3	2923	59	NA
PDIA4	9601	28	NA
PDIA5	10954	47	NA
PDIA6	10130	51	NA
PDIK1L	149420	-83	NA
PDILT	204474	28	NA
PDK1	5163	336	NA
PDK2	5164	-49	NA
PDK3	5165	251	NA
PDK4	5166	23	NA
PDLIM1	9124	46	NA
PDLIM2	64236	157	NA
PDLIM3	27295	43	NA
PDLIM4	8572	80	NA
PDLIM5	10611	9	NA
PDLIM7	9260	4	NA
PDP1	54704	-14	NA
PDP2	57546	-72	NA
PDPK1	5170	-22	NA
PDPN	10630	10	NA
PDPR	55066	4	NA
PDRG1	81572	-101	NA
PDS5A	23244	-46	NA
PDS5B	23047	-17	NA
PDSS1	23590	-195	NA
PDSS2	57107	-35	NA
PDX1	3651	-67	NA
PDXDC1	23042	-11	NA
PDXK	8566	58	NA
PDXP	57026	44	NA
PDYN	5173	-3	NA
PDZD11	51248	-30	NA
PDZD2	23037	-1	NA
PDZD3		10	NA
PDZD4	57595	127	NA
PDZD7	79955	185	NA
PDZD8	118987	-27	NA
PDZD9	255762	3	NA
PDZK1	5174	-55	NA
PDZK1IP1	10158	23	NA
PDZRN3	23024	-12	NA
PDZRN4	29951	-8	NA
PEA15	8682	-26	NA
PEAK1	79834	33	NA
PEAK3	374872	23	NA
PEAR1	375033	86	NA
PEBP1	5037	-35	NA
PEBP4	157310	13	NA
PECAM1	5175	22	NA
PECR	55825	11	NA
PEF1	553115	-75	NA
PEG10	23089	-31	NA
PELI1	57162	91	NA
PELI2	57161	61	NA
PELI3	246330	-41	NA
PELO	53918	36	NA
PELP1	27043	-70	NA
PEMT	10400	-83	NA
PENK	5179	10	NA
PEPD	5184	-57	NA
PER2	8864	94	NA
PER3	8863	-79	NA
PERM1	84808	89	NA
PERP	64065	76	NA
PES1	23481	-37	NA
PET100	100131801	-35	NA
PET117	100303755	-82	NA
PEX1	5189	-103	NA
PEX10	5192	-101	NA
PEX11A	8800	90	NA
PEX11B	8799	-71	NA
PEX11G	92960	-24	NA
PEX12	5193	-59	NA
PEX13	5194	51	NA
PEX14	5195	-50	NA
PEX16	9409	-76	NA
PEX19	5824	-54	NA
PEX2	5828	2	NA
PEX26	55670	-50	NA
PEX3	8504	13	NA
PEX5	5830	-27	NA
PEX5L	51555	-11	NA
PEX6	5190	-11	NA
PEX7	5191	-75	NA
PF4	5196	-17	NA
PF4V1	5197	-9	NA
PFAS	5198	-179	NA
PFDN1	5201	-60	NA
PFDN2	5202	-77	NA
PFDN4	5203	-36	NA
PFDN5	5204	9	NA
PFDN6	10471	-75	NA
PFKFB1	5207	-2	NA
PFKFB2	5208	-94	NA
PFKFB3	5209	270	NA
PFKFB4	5210	364	NA
PFKL	5211	211	NA
PFKM	5213	-78	NA
PFKP	5214	283	NA
PFN1	5216	-27	NA
PFN2	5217	-23	NA
PFN3	345456	-8	NA
PFN4	375189	-33	NA
PGA3	643834	4	NA
PGA4	643847	5	NA
PGA5	5222	-15	NA
PGAM1	5223	246	NA
PGAM2	5224	29	NA
PGAM4	441531	142	NA
PGAM5	192111	-189	NA
PGAP1	80055	13	NA
PGAP2	27315	-40	NA
PGAP3	93210	-95	NA
PGBD1	84547	-61	NA
PGBD2	267002	-41	NA
PGBD4	161779	-57	NA
PGBD5	79605	-26	NA
PGC	5225	-2	NA
PGD	5226	-108	NA
PGF	5228	118	NA
PGGHG	80162	-30	NA
PGGT1B	5229	-70	NA
PGK1	5230	322	NA
PGK2	5232	10	NA
PGLYRP1	8993	-4	NA
PGLYRP2	114770	29	NA
PGLYRP3	114771	7	NA
PGLYRP4	57115	1	NA
PGM1	5236	285	NA
PGM2	55276	7	NA
PGM2L1	283209	106	NA
PGM3	5238	39	NA
PGM5	5239	33	NA
PGP	283871	-123	NA
PGPEP1	54858	74	NA
PGPEP1L	145814	-5	NA
PGR	5241	-34	NA
PGRMC1	10857	-11	NA
PGRMC2	10424	104	NA
PGS1	9489	-64	NA
PHACTR1	221692	45	NA
PHACTR2	9749	-76	NA
PHACTR3	116154	6	NA
PHACTR4	65979	-53	NA
PHAX	51808	-70	NA
PHB		-106	NA
PHB2	11331	-67	NA
PHC1	1911	27	NA
PHC2	1912	29	NA
PHC3	80012	14	NA
PHETA1	144717	-85	NA
PHETA2	150368	-116	NA
PHEX	5251	24	NA
PHF1	5252	95	NA
PHF10	55274	67	NA
PHF11	51131	-32	NA
PHF12	57649	-41	NA
PHF13	148479	34	NA
PHF14	9678	-62	NA
PHF19	26147	-91	NA
PHF2	5253	-12	NA
PHF20	51230	16	NA
PHF20L1	51105	-18	NA
PHF21A	51317	193	NA
PHF21B	112885	21	NA
PHF23	79142	-106	NA
PHF24	23349	129	NA
PHF3	23469	93	NA
PHF5A	84844	-136	NA
PHF6	84295	-10	NA
PHF7	51533	-44	NA
PHF8	23133	-65	NA
PHGDH	26227	32	NA
PHGR1	644844	4	NA
PHIP	55023	14	NA
PHKA1	5255	-20	NA
PHKA2	5256	-17	NA
PHKB	5257	-41	U2904 1% and  U2932 1%
PHKG1	5260	18	NA
PHKG2	5261	-93	NA
PHLDA1	22822	19	NA
PHLDA2	7262	-71	NA
PHLDA3	23612	34	NA
PHLDB1	23187	-40	NA
PHLDB2	90102	-17	NA
PHLDB3	653583	24	NA
PHLPP1	23239	44	NA
PHLPP2	23035	-88	NA
PHOSPHO1	162466	-69	NA
PHOSPHO2	493911	-25	NA
PHOX2A	401	-16	NA
PHOX2B	8929	0	NA
PHPT1	29085	54	NA
PHRF1	57661	-26	NA
PHTF1	10745	-103	NA
PHTF2	57157	-46	NA
PHYH	5264	-22	NA
PHYHD1	254295	19	NA
PHYHIP	9796	35	NA
PHYHIPL	84457	-16	NA
PHYKPL	85007	45	NA
PI15	51050	-50	NA
PI16	221476	6	NA
PI3	5266	92	NA
PI4K2A	55361	4	NA
PI4K2B	55300	-33	NA
PI4KA	5297	21	NA
PI4KB	5298	-20	NA
PIANP	196500	34	NA
PIAS1	8554	15	NA
PIAS2	9063	94	NA
PIAS3	10401	32	NA
PIAS4	51588	-6	NA
PIBF1	10464	-20	NA
PICALM	8301	31	NA
PICK1	9463	-58	NA
PID1	55022	-2	NA
PIDD1	55367	-15	NA
PIEZO1	9780	54	NA
PIEZO2	63895	-41	NA
PIF1	80119	-83	NA
PIFO		63	NA
PIGA	5277	166	NA
PIGB	9488	-49	NA
PIGBOS1	101928527	-79	NA
PIGC	5279	-24	NA
PIGF	5281	-29	NA
PIGG	54872	-1	NA
PIGH	5283	-14	NA
PIGK	10026	-78	NA
PIGL	9487	-26	NA
PIGM	93183	-126	NA
PIGN	23556	-37	NA
PIGO	84720	-62	NA
PIGP	51227	2	NA
PIGQ	9091	-87	NA
PIGR	5284	32	NA
PIGS	94005	-44	NA
PIGT	51604	-20	NA
PIGU	128869	-67	NA
PIGV	55650	50	NA
PIGW	284098	-179	NA
PIGX	54965	-109	NA
PIGY	84992	-48	NA
PIGZ	80235	15	NA
PIH1D1	55011	47	NA
PIH1D2	120379	-57	NA
PIH1D3		44	NA
PIK3AP1	118788	-49	NA
PIK3C2A	5286	22	NA
PIK3C2B	5287	-28	NA
PIK3C2G	5288	31	NA
PIK3C3	5289	109	NA
PIK3CA	5290	33	NA
PIK3CB	5291	-32	NA
PIK3CD	5293	60	NA
PIK3CG	5294	-20	NA
PIK3IP1	113791	195	NA
PIK3R1	5295	-18	NA
PIK3R2	5296	-44	NA
PIK3R3	8503	-163	NA
PIK3R4	30849	-106	NA
PIK3R5	23533	35	NA
PIK3R6	146850	49	NA
PIKFYVE	200576	-20	NA
PILRA	29992	18	NA
PILRB	29990	-59	NA
PIM1	5292	173	NA
PIM2	11040	107	NA
PIM3	415116	100	NA
PIMREG	54478	-113	NA
PIN1	5300	-74	NA
PIN4	5303	-36	NA
PINK1	65018	78	NA
PINLYP	390940	40	NA
PINX1	54984	-156	NA
PIP	5304	1	NA
PIP4K2A	5305	-52	NA
PIP4K2B	8396	-26	NA
PIP4K2C	79837	-81	NA
PIP4P1	90809	-42	NA
PIP4P2	55529	9	NA
PIP5K1A	8394	-38	NA
PIP5K1B	8395	-36	NA
PIP5K1C	23396	-29	NA
PIP5KL1	138429	142	NA
PIPOX	51268	63	NA
PIR	8544	-90	NA
PIRT	644139	-11	NA
PISD	23761	-122	NA
PITHD1	57095	-98	NA
PITPNA	5306	-100	NA
PITPNB	23760	-73	NA
PITPNC1	26207	92	NA
PITPNM1	9600	-15	NA
PITPNM2	57605	-2	NA
PITPNM3	83394	55	NA
PITRM1	10531	-40	NA
PITX1	5307	-94	NA
PITX2	5308	-40	NA
PITX3	5309	7	NA
PIWIL1	9271	17	NA
PIWIL2	55124	91	NA
PIWIL3	440822	-18	NA
PIWIL4	143689	39	NA
PJA1	64219	29	NA
PJA2	9867	112	NA
PJVK	494513	-1	NA
PKD1	5310	71	NA
PKD1L1	168507	-12	NA
PKD1L2	114780	155	NA
PKD1L3	342372	-2	NA
PKD2	5311	-105	NA
PKD2L1	9033	14	NA
PKD2L2	27039	35	NA
PKDCC	91461	-83	NA
PKDREJ	10343	-16	NA
PKHD1	5314	-10	NA
PKHD1L1	93035	6	NA
PKIA	5569	24	NA
PKIB	5570	-21	NA
PKIG	11142	-24	NA
PKLR	5313	25	NA
PKM	5315	212	NA
PKMYT1	9088	-140	NA
PKN1	5585	16	NA
PKN2	5586	-22	NA
PKN3	29941	-78	NA
PKNOX1	5316	-36	NA
PKNOX2	63876	-34	NA
PKP1	5317	39	NA
PKP2	5318	64	NA
PKP3	11187	70	NA
PKP4	8502	-40	NA
PLA1A	51365	-8	NA
PLA2G10	8399	25	NA
PLA2G12A	81579	-25	NA
PLA2G12B	84647	53	NA
PLA2G15	23659	31	NA
PLA2G16		22	NA
PLA2G1B	5319	-16	NA
PLA2G2A	5320	-18	NA
PLA2G2C	391013	-9	NA
PLA2G2D	26279	16	NA
PLA2G2E	30814	-1	NA
PLA2G2F	64600	-8	NA
PLA2G3	50487	-62	NA
PLA2G4A	5321	-118	NA
PLA2G4B	100137049	-25	NA
PLA2G4C	8605	11	NA
PLA2G4D	283748	148	NA
PLA2G4E	123745	52	NA
PLA2G4F	255189	-65	NA
PLA2G5	5322	-14	NA
PLA2G6	8398	78	NA
PLA2G7	7941	31	NA
PLA2R1	22925	16	NA
PLAA	9373	-72	NA
PLAC1	10761	-70	NA
PLAC8	51316	91	NA
PLAC8L1	153770	4	NA
PLAC9	219348	-13	NA
PLAG1	5324	125	NA
PLAGL1	5325	148	NA
PLAGL2	5326	-57	NA
PLAT	5327	21	NA
PLAU	5328	-30	NA
PLAUR	5329	170	NA
PLB1	151056	32	NA
PLBD1	79887	-64	NA
PLBD2	196463	4	NA
PLCB1	23236	-14	NA
PLCB2	5330	-102	NA
PLCB3	5331	14	NA
PLCB4	5332	-24	NA
PLCD1	5333	86	NA
PLCD3	113026	-39	NA
PLCD4	84812	17	NA
PLCE1	51196	-42	NA
PLCG1	5335	14	NA
PLCG2	5336	2	NA
PLCH1	23007	-64	NA
PLCH2	9651	130	NA
PLCL1	5334	-26	NA
PLCL2	23228	-53	NA
PLCXD1	55344	32	NA
PLCXD2	257068	0	NA
PLCXD3	345557	61	NA
PLCZ1	89869	21	NA
PLD1	5337	4	NA
PLD2	5338	25	NA
PLD3	23646	64	NA
PLD4	122618	16	NA
PLD5	200150	20	NA
PLD6	201164	-49	NA
PLEC	5339	32	NA
PLEK	5341	7	NA
PLEK2	26499	-4	NA
PLEKHA1	59338	51	NA
PLEKHA2	59339	239	NA
PLEKHA3	65977	-31	NA
PLEKHA4	57664	-4	NA
PLEKHA5	54477	-15	NA
PLEKHA6	22874	-56	NA
PLEKHA7	144100	-10	NA
PLEKHA8	84725	92	NA
PLEKHB1	58473	-25	NA
PLEKHB2	55041	-41	NA
PLEKHD1	400224	22	NA
PLEKHF1	79156	-67	NA
PLEKHF2	79666	-6	NA
PLEKHG1	57480	39	NA
PLEKHG2	64857	-21	NA
PLEKHG3	26030	-7	NA
PLEKHG4	25894	-77	NA
PLEKHG4B	153478	5	NA
PLEKHG5	57449	26	NA
PLEKHG6	55200	-27	NA
PLEKHG7	440107	-6	NA
PLEKHH1	57475	70	NA
PLEKHH2	130271	49	NA
PLEKHH3	79990	28	NA
PLEKHJ1	55111	-85	NA
PLEKHM1	9842	27	NA
PLEKHM2	23207	-7	NA
PLEKHM3	389072	23	NA
PLEKHN1	84069	-32	NA
PLEKHO1	51177	4	NA
PLEKHO2	80301	-39	NA
PLEKHS1	79949	-21	NA
PLET1	349633	-5	NA
PLG	5340	0	NA
PLGLB1	5343	15	NA
PLGLB2	5342	22	NA
PLGRKT	55848	-137	NA
PLIN1	5346	130	NA
PLIN2	123	209	NA
PLIN3	10226	18	NA
PLIN4	729359	-51	NA
PLIN5	440503	-57	NA
PLK1	5347	-97	NA
PLK2	10769	-18	NA
PLK3	1263	-23	NA
PLK4	10733	-35	NA
PLK5	126520	57	NA
PLLP	51090	-85	NA
PLN	5350	-5	NA
PLOD1	5351	270	NA
PLOD2	5352	353	NA
PLOD3	8985	0	NA
PLP1	5354	-19	NA
PLP2	5355	18	NA
PLPBP	11212	-70	NA
PLPP1	8611	22	NA
PLPP2	8612	-73	NA
PLPP3	8613	-78	NA
PLPP4	196051	-37	NA
PLPP5	84513	-53	NA
PLPP6	403313	-131	NA
PLPP7	84814	0	NA
PLPPR1	54886	-4	NA
PLPPR2	64748	22	NA
PLPPR3	79948	31	NA
PLPPR4	9890	-16	NA
PLPPR5	163404	9	NA
PLRG1	5356	-63	NA
PLS1	5357	-50	NA
PLS3	5358	68	NA
PLSCR1	5359	-74	NA
PLSCR2	57047	31	NA
PLSCR3	57048	48	NA
PLSCR4	57088	40	NA
PLSCR5	389158	-7	NA
PLTP	5360	37	NA
PLVAP	83483	15	NA
PLXDC1	57125	75	NA
PLXDC2	84898	-23	NA
PLXNA1	5361	-52	NA
PLXNA2	5362	-28	NA
PLXNA3	55558	189	NA
PLXNA4	91584	0	NA
PLXNB1	5364	-17	NA
PLXNB2	23654	46	NA
PLXNB3	5365	171	NA
PLXNC1	10154	-54	NA
PLXND1	23129	-5	NA
PM20D1	148811	-19	NA
PM20D2	135293	-22	NA
PMAIP1	5366	-16	NA
PMCH	5367	-24	NA
PMEL	6490	34	NA
PMEPA1	56937	113	NA
PMF1	11243	-66	NA
PMF1-BGLAP	100527963	-41	NA
PMFBP1	83449	-15	NA
PMIS2	111216276	7	NA
PML	5371	4	NA
PMM1	5372	21	NA
PMM2	5373	-129	NA
PMP2	5375	-22	NA
PMP22	5376	-10	NA
PMPCA	23203	-93	NA
PMPCB	9512	-16	NA
PMS1	5378	-95	NA
PMS2	5395	-35	NA
PMVK	10654	-102	NA
PNCK	139728	200	NA
PNISR	25957	54	NA
PNKD	25953	-34	NA
PNKP	11284	-74	NA
PNLDC1	154197	-26	NA
PNLIP	5406	24	NA
PNLIPRP1	5407	-13	NA
PNLIPRP2	5408	-15	NA
PNLIPRP3	119548	17	NA
PNMA1	9240	5	NA
PNMA2	10687	190	NA
PNMA3	29944	26	NA
PNMA5	114824	-17	NA
PNMA6A	84968	5	NA
PNMA6E	649238	-6	NA
PNMA6F	105373377	-4	NA
PNMA8A	55228	-2	NA
PNMA8B	57469	-15	NA
PNMA8C	110806277	56	NA
PNMT	5409	-30	NA
PNN	5411	-41	NA
PNO1	56902	-216	NA
PNOC	5368	32	NA
PNP	4860	-119	NA
PNPLA1	285848	13	NA
PNPLA2	57104	10	NA
PNPLA3	80339	-30	NA
PNPLA4	8228	-26	NA
PNPLA5	150379	21	NA
PNPLA6	10908	29	NA
PNPLA7	375775	31	NA
PNPLA8	50640	82	NA
PNPO	55163	-143	NA
PNPT1	87178	-210	NA
PNRC1	10957	293	NA
PNRC2	55629	-20	NA
POC1A	25886	-94	NA
POC1B	282809	20	NA
POC1B-GALNT4	100528030	-21	NA
POC5	134359	-67	NA
PODN	127435	13	NA
PODNL1	79883	-1	NA
PODXL	5420	-15	NA
PODXL2	50512	-49	NA
POF1B	79983	-53	NA
POFUT1	23509	-77	NA
POFUT2	23275	91	NA
POGK	57645	-79	NA
POGLUT1	56983	-139	NA
POGZ	23126	54	NA
POLA1	5422	-94	NA
POLA2	23649	-155	NA
POLB	5423	-52	NA
POLD1	5424	-72	NA
POLD2	5425	-73	NA
POLD3	10714	-81	NA
POLD4	57804	113	NA
POLDIP2	26073	-116	NA
POLDIP3	84271	-38	NA
POLE	5426	-74	NA
POLE2	5427	-215	NA
POLE3	54107	-156	NA
POLE4	56655	-47	NA
POLG	5428	18	NA
POLG2	11232	-43	NA
POLH	5429	30	NA
POLI	11201	115	NA
POLK	51426	-2	NA
POLL	27343	55	NA
POLM	27434	-8	NA
POLN	353497	36	NA
POLQ	10721	-82	NA
POLR1A	25885	-142	NA
POLR1B	84172	-191	NA
POLR1C	9533	-140	NA
POLR1D	51082	34	NA
POLR1E	64425	-110	NA
POLR2A	5430	18	NA
POLR2B	5431	-66	NA
POLR2C	5432	-68	NA
POLR2D	5433	-91	NA
POLR2E	5434	-60	NA
POLR2F	5435	-110	NA
POLR2G	5436	-109	NA
POLR2H	5437	81	NA
POLR2I	5438	-47	NA
POLR2J	5439	-37	NA
POLR2J2	246721	-3	NA
POLR2J3	548644	-28	NA
POLR2K	5440	-135	NA
POLR2L	5441	-80	NA
POLR2M	81488	11	NA
POLR3A	11128	-62	NA
POLR3B	55703	-165	NA
POLR3C	10623	-74	NA
POLR3D	661	12	NA
POLR3E	55718	-118	NA
POLR3F	10621	-73	NA
POLR3G	10622	-136	NA
POLR3GL	84265	-17	NA
POLR3H	171568	-167	NA
POLR3K	51728	-212	NA
POLRMT	5442	-62	NA
POM121	9883	-25	NA
POM121C	100101267	48	NA
POM121L12	285877	0	NA
POM121L2	94026	-17	NA
POMC	5443	-5	NA
POMGNT1	55624	-75	NA
POMGNT2	84892	-50	NA
POMK	84197	-12	NA
POMP	51371	-57	NA
POMT1	10585	11	NA
POMT2	29954	-40	NA
POMZP3	22932	-131	NA
PON1	5444	-32	NA
PON2	5445	-39	NA
PON3	5446	-1	NA
POP1	10940	-223	NA
POP4	10775	-111	NA
POP5	51367	-175	NA
POP7	10248	-133	NA
POPDC2	64091	12	NA
POPDC3	64208	-75	NA
POR	5447	-50	NA
PORCN	64840	20	NA
POSTN	10631	-24	NA
POT1	25913	4	NA
POTEB	100996331	1	NA
POTEB2	100287399	5	NA
POTEB3	102724631	-2	NA
POTEC	388468	-21	NA
POTED	317754	11	NA
POTEE	445582	68	NA
POTEF	728378	21	NA
POTEG	404785	-5	NA
POTEH	23784	-18	NA
POTEI	653269	28	NA
POTEJ	653781	6	NA
POTEM	641455	-16	NA
POU1F1	5449	7	NA
POU2AF1	5450	40	NA
POU2F1	5451	64	NA
POU2F2	5452	-6	NA
POU2F3	25833	47	NA
POU3F1	5453	-17	NA
POU3F2	5454	-19	NA
POU3F3	5455	32	NA
POU3F4	5456	-10	NA
POU4F1	5457	19	NA
POU4F2	5458	5	NA
POU4F3	5459	-14	NA
POU5F1	5460	85	NA
POU5F1B	5462	5	NA
POU5F2	134187	37	NA
POU6F2	11281	-28	NA
PP2D1	151649	-25	NA
PPA1	5464	-77	NA
PPA2	27068	-99	NA
PPAN	56342	2	NA
PPAN-P2RY11	692312	-18	NA
PPARA	5465	62	NA
PPARD	5467	33	NA
PPARG	5468	-20	NA
PPARGC1A	10891	-24	NA
PPARGC1B	133522	-170	NA
PPAT	5471	-94	NA
PPBP	5473	27	NA
PPCDC	60490	-66	NA
PPCS	79717	-23	NA
PPDPF	79144	36	NA
PPDPFL	492307	99	NA
PPEF1	5475	7	NA
PPEF2	5470	3	NA
PPFIA1	8500	9	NA
PPFIA2	8499	-54	NA
PPFIA3	8541	20	NA
PPFIA4	8497	379	NA
PPFIBP1	8496	64	NA
PPFIBP2	8495	-7	NA
PPHLN1	51535	-88	NA
PPIA	5478	-34	NA
PPIAL4A	653505	0	NA
PPIAL4C	653598	5	NA
PPIAL4D	645142	-7	NA
PPIAL4E	730262	9	NA
PPIAL4F	728945	0	NA
PPIAL4G	644591	13	NA
PPIAL4H	105371242	-5	NA
PPIB	5479	-15	NA
PPIC	5480	-51	NA
PPID	5481	-64	NA
PPIE	10450	-30	NA
PPIF	10105	-136	NA
PPIG	9360	-47	NA
PPIH	10465	-89	NA
PPIL1	51645	-192	NA
PPIL2	23759	-76	NA
PPIL3	53938	48	NA
PPIL4	85313	20	NA
PPIL6	285755	-11	NA
PPIP5K1	9677	-26	NA
PPIP5K2	23262	-73	NA
PPL	5493	119	NA
PPM1A	5494	-2	NA
PPM1B	5495	-21	NA
PPM1D	8493	-27	NA
PPM1E	22843	-21	NA
PPM1F	9647	-101	NA
PPM1G	5496	-111	NA
PPM1H	57460	-98	NA
PPM1J	333926	33	NA
PPM1K	152926	-25	NA
PPM1L	151742	-70	NA
PPM1M	132160	23	NA
PPM1N	147699	74	NA
PPME1	51400	144	U2904 1% and  U2932 1%
PPOX	5498	-47	NA
PPP1CA	5499	-38	NA
PPP1CB	5500	52	NA
PPP1CC	5501	-21	NA
PPP1R10	5514	-108	NA
PPP1R11	6992	17	NA
PPP1R12A	4659	-3	NA
PPP1R12B	4660	65	NA
PPP1R12C	54776	-4	NA
PPP1R13B	23368	-17	NA
PPP1R13L	10848	220	NA
PPP1R14A	94274	-51	NA
PPP1R14B	26472	0	NA
PPP1R14C	81706	27	NA
PPP1R14D	54866	-46	NA
PPP1R15A	23645	162	NA
PPP1R15B	84919	-15	NA
PPP1R16A	84988	101	NA
PPP1R16B	26051	23	NA
PPP1R17	10842	-21	NA
PPP1R18	170954	96	NA
PPP1R1A	5502	-18	NA
PPP1R1B	84152	-7	NA
PPP1R1C	151242	-25	NA
PPP1R2	5504	10	NA
PPP1R21	129285	30	NA
PPP1R26	9858	17	NA
PPP1R27	116729	17	NA
PPP1R2B	153743	14	NA
PPP1R2C	80316	-6	NA
PPP1R32		64	NA
PPP1R35	221908	-41	NA
PPP1R36	145376	8	NA
PPP1R37	284352	-8	NA
PPP1R3A	5506	0	NA
PPP1R3B	79660	253	NA
PPP1R3C	5507	272	NA
PPP1R3D	5509	-84	NA
PPP1R3E	90673	187	NA
PPP1R3F	89801	6	NA
PPP1R3G	648791	291	NA
PPP1R42	286187	-40	NA
PPP1R7	5510	-43	NA
PPP1R8	5511	-68	NA
PPP1R9A	55607	-21	NA
PPP1R9B	84687	-44	NA
PPP2CA	5515	-79	NA
PPP2CB	5516	3	NA
PPP2R1A	5518	-5	NA
PPP2R1B	5519	-139	NA
PPP2R2A	5520	55	NA
PPP2R2B	5521	-43	NA
PPP2R2C	5522	56	NA
PPP2R2D	55844	-26	NA
PPP2R3A	5523	29	NA
PPP2R3B	28227	2	NA
PPP2R3C	55012	-26	NA
PPP2R5A	5525	7	NA
PPP2R5B	5526	254	NA
PPP2R5C	5527	-12	NA
PPP2R5D	5528	-22	NA
PPP2R5E	5529	-4	NA
PPP3CA	5530	-24	NA
PPP3CB	5532	-22	NA
PPP3CC	5533	37	NA
PPP3R1	5534	-23	NA
PPP3R2	5535	5	NA
PPP4C	5531	-41	NA
PPP4R1	9989	-54	NA
PPP4R2	151987	-4	NA
PPP4R3A	55671	-3	NA
PPP4R3B	57223	9	NA
PPP4R3C	139420	9	NA
PPP4R4	57718	-15	NA
PPP5C	5536	-86	NA
PPP5D1		24	NA
PPP6C	5537	-38	NA
PPP6R1	22870	-30	NA
PPP6R2	9701	-35	NA
PPP6R3	55291	-42	NA
PPRC1	23082	-162	NA
PPT1	5538	-85	NA
PPT2	9374	-30	NA
PPT2-EGFL8	100532746	28	NA
PPTC7	160760	6	NA
PPWD1	23398	-68	NA
PPY	5539	10	NA
PQBP1	10084	-59	NA
PQLC1		-23	NA
PQLC2		-82	NA
PQLC2L		-50	NA
PQLC3		4	NA
PRAC1	84366	13	NA
PRAC2	360205	11	NA
PRADC1	84279	-35	NA
PRAF2	11230	-3	NA
PRAG1	157285	6	NA
PRAM1	84106	67	NA
PRAME	23532	-47	NA
PRAMEF1	65121	6	NA
PRAMEF10	343071	-4	NA
PRAMEF11	440560	3	NA
PRAMEF12	390999	-2	NA
PRAMEF13	400736	8	NA
PRAMEF14	729528	-1	NA
PRAMEF15	653619	7	NA
PRAMEF17	391004	-10	NA
PRAMEF18	391003	1	NA
PRAMEF19	645414	-5	NA
PRAMEF2	65122	-15	NA
PRAMEF20	645425	-7	NA
PRAMEF25	441873	-17	NA
PRAMEF26	645359	4	NA
PRAMEF27	101929983	-2	NA
PRAMEF33	645382	5	NA
PRAMEF4	400735	5	NA
PRAMEF5	343068	3	NA
PRAMEF6	440561	0	NA
PRAMEF7	441871	-2	NA
PRAMEF8	391002	5	NA
PRAMEF9	343070	6	NA
PRAP1	118471	18	NA
PRB1	5542	4	NA
PRB2	653247	13	NA
PRB3	5544	-71	NA
PRB4	5545	-2	NA
PRC1	9055	-81	NA
PRCC	5546	-76	NA
PRCD	768206	55	NA
PRCP	5547	22	NA
PRDM1	639	101	NA
PRDM10	56980	77	NA
PRDM11	56981	-71	NA
PRDM12	59335	-21	NA
PRDM13	59336	-35	NA
PRDM14	63978	8	NA
PRDM15	63977	-23	NA
PRDM16	63976	47	NA
PRDM2	7799	4	NA
PRDM4	11108	-66	NA
PRDM5	11107	-20	NA
PRDM6	93166	-14	NA
PRDM7	11105	-1	NA
PRDM8	56978	33	NA
PRDM9	56979	-33	NA
PRDX1	5052	-52	NA
PRDX2	7001	19	NA
PRDX3	10935	-90	NA
PRDX4	10549	53	NA
PRDX5	25824	0	NA
PRDX6	9588	-24	NA
PREB	10113	-96	NA
PRELID1	27166	-87	NA
PRELID2	153768	195	NA
PRELID3A	10650	-12	NA
PRELID3B	51012	-45	NA
PRELP	5549	96	NA
PREP	5550	31	NA
PREPL	9581	24	NA
PREX1	57580	-64	NA
PREX2	80243	-28	NA
PRF1	5551	-15	NA
PRG2	5553	50	NA
PRG3	10394	2	NA
PRG4	10216	0	NA
PRH1	5554	-21	NA
PRH2	5555	-26	NA
PRICKLE1	144165	-32	NA
PRICKLE2	166336	60	NA
PRICKLE3	4007	28	NA
PRICKLE4	29964	60	NA
PRIM1	5557	-126	NA
PRIM2	5558	-105	NA
PRIMA1	145270	-22	NA
PRIMPOL	201973	-86	NA
PRKAA1	5562	-40	NA
PRKAA2	5563	186	NA
PRKAB1	5564	-132	NA
PRKAB2	5565	81	NA
PRKACA	5566	-41	NA
PRKACB	5567	-84	NA
PRKACG	5568	12	NA
PRKAG1	5571	-60	NA
PRKAG2	51422	-21	NA
PRKAG3	53632	-2	NA
PRKAR1A	5573	6	NA
PRKAR1B	5575	-29	NA
PRKAR2A	5576	-78	NA
PRKAR2B	5577	-50	NA
PRKCA	5578	88	NA
PRKCB	5579	48	NA
PRKCD	5580	9	NA
PRKCE	5581	45	NA
PRKCG	5582	91	NA
PRKCH	5583	16	NA
PRKCI	5584	16	NA
PRKCQ	5588	-47	NA
PRKCSH	5589	5	NA
PRKCZ	5590	59	NA
PRKD1	5587	-5	NA
PRKD2	25865	-13	NA
PRKD3	23683	-13	NA
PRKDC	5591	-51	NA
PRKG1	5592	50	NA
PRKG2	5593	29	NA
PRKN	5071	42	NA
PRKRA	8575	2	NA
PRKRIP1	79706	23	NA
PRKX	5613	-10	NA
PRKY	5616	35	NA
PRL	5617	4	NA
PRLH	51052	-5	NA
PRLHR	2834	39	NA
PRLR	5618	-24	NA
PRM1	5619	0	NA
PRM2	5620	2	NA
PRM3	58531	-1	NA
PRMT1	3276	-90	NA
PRMT2	3275	46	NA
PRMT3	10196	-213	NA
PRMT5	10419	-79	NA
PRMT6	55170	-190	NA
PRMT7	54496	-147	NA
PRMT8	56341	19	NA
PRMT9	90826	-70	NA
PRND	23627	51	NA
PRNP	5621	-21	NA
PROB1	389333	24	NA
PROC	5624	48	NA
PROCA1	147011	82	NA
PROCR	10544	-41	NA
PRODH	5625	-25	NA
PRODH2	58510	12	NA
PROK1	84432	-17	NA
PROK2	60675	22	NA
PROKR1	10887	-20	NA
PROKR2	128674	1	NA
PROM1	8842	73	NA
PROM2	150696	0	NA
PROP1	5626	12	NA
PROS1	5627	52	NA
PROSER1	80209	-90	NA
PROSER2	254427	24	NA
PROSER3	148137	-16	NA
PROX1	5629	20	NA
PROX2	283571	19	NA
PROZ	8858	-2	NA
PRPF18	8559	-28	NA
PRPF19	27339	-125	NA
PRPF3	9129	-22	NA
PRPF31	26121	-96	NA
PRPF38A	84950	-41	NA
PRPF38B	55119	-55	NA
PRPF39	55015	25	NA
PRPF4	9128	-117	NA
PRPF40A	55660	-52	NA
PRPF40B	25766	-82	NA
PRPF4B		-50	NA
PRPF6	24148	-41	NA
PRPF8	10594	-24	NA
PRPH	5630	125	NA
PRPH2	5961	3	NA
PRPS1	5631	-147	NA
PRPS1L1	221823	9	NA
PRPS2	5634	-59	NA
PRPSAP1	5635	-34	NA
PRPSAP2	5636	-27	NA
PRR11	55771	-11	NA
PRR12	57479	-42	NA
PRR13	54458	-56	NA
PRR14	78994	-20	NA
PRR14L	253143	-27	NA
PRR15	222171	39	NA
PRR15L	79170	-54	NA
PRR16	51334	-7	NA
PRR18	285800	8	NA
PRR19	284338	-39	NA
PRR20A	122183	-6	NA
PRR20G	100419008	0	NA
PRR22	163154	-138	NA
PRR23A	729627	-4	NA
PRR23B	389151	-16	NA
PRR23C	389152	52	NA
PRR23D1	100131608	2	NA
PRR26		3	NA
PRR27	401137	17	NA
PRR29	92340	13	NA
PRR3	80742	-87	NA
PRR30	339779	-3	NA
PRR32	100130613	6	NA
PRR33	102724536	33	NA
PRR35	146325	26	NA
PRR36	80164	83	NA
PRR4	11272	1	NA
PRR5	55615	-77	NA
PRR5-ARHGAP8	553158	-4	NA
PRR5L	79899	119	NA
PRR7	80758	20	NA
PRR9	574414	9	NA
PRRC1	133619	31	NA
PRRC2A	7916	-26	NA
PRRC2B	84726	10	NA
PRRC2C	23215	-31	NA
PRRG1	5638	61	NA
PRRG2	5639	25	NA
PRRG3	79057	16	NA
PRRG4	79056	11	NA
PRRT1	80863	27	NA
PRRT1B	642515	-21	NA
PRRT2	112476	89	NA
PRRT3	285368	-113	NA
PRRT4	401399	-16	NA
PRRX1	5396	-31	NA
PRRX2	51450	-51	NA
PRSS1	5644	3	NA
PRSS12	8492	-5	NA
PRSS16	10279	84	NA
PRSS2	5645	-3	NA
PRSS21	10942	-8	NA
PRSS22	64063	-19	NA
PRSS23	11098	-75	NA
PRSS27	83886	29	NA
PRSS3	5646	40	NA
PRSS33	260429	-14	NA
PRSS35	167681	-2	NA
PRSS36	146547	60	NA
PRSS37	136242	-1	NA
PRSS38	339501	9	NA
PRSS41	360226	-9	NA
PRSS42		16	NA
PRSS45		-13	NA
PRSS48	345062	6	NA
PRSS50	29122	-5	NA
PRSS51	346702	-31	NA
PRSS53	339105	245	NA
PRSS54	221191	-10	NA
PRSS55	203074	6	NA
PRSS56	646960	41	NA
PRSS57	400668	20	NA
PRSS58	136541	-6	NA
PRSS8	5652	134	NA
PRTFDC1	56952	-46	NA
PRTG	283659	-28	NA
PRTN3	5657	223	NA
PRUNE1	58497	-23	NA
PRUNE2	158471	19	NA
PRX	57716	23	NA
PRXL2A	84293	-73	NA
PRXL2B	127281	-107	NA
PRXL2C	195827	-3	NA
PRY	9081	-6	NA
PRY2	442862	-4	NA
PSAP	5660	61	NA
PSAPL1	768239	2	NA
PSAT1	29968	-111	NA
PSCA	8000	11	NA
PSD	5662	36	NA
PSD2	84249	21	NA
PSD3	23362	21	NA
PSD4	23550	24	NA
PSEN1	5663	31	NA
PSEN2	5664	-205	NA
PSENEN	55851	-16	NA
PSG1	5669	13	NA
PSG11	5680	52	NA
PSG2	5670	30	NA
PSG3	5671	-1	NA
PSG4	5672	-25	NA
PSG5	5673	25	NA
PSG6	5675	26	NA
PSG7	5676	16	NA
PSG8	440533	0	NA
PSG9	5678	-35	NA
PSIP1	11168	-66	NA
PSKH1	5681	-109	NA
PSKH2	85481	3	NA
PSMA1	5682	-50	NA
PSMA2	5683	-49	NA
PSMA3	5684	-121	NA
PSMA4	5685	-104	NA
PSMA5	5686	-140	NA
PSMA6	5687	-20	NA
PSMA7	5688	-83	NA
PSMA8	143471	-24	NA
PSMB1	5689	-44	NA
PSMB10	5699	-123	NA
PSMB11	122706	13	NA
PSMB2	5690	-119	NA
PSMB3	5691	-91	NA
PSMB4	5692	-47	NA
PSMB5	5693	-76	NA
PSMB6	5694	-78	NA
PSMB7	5695	-61	NA
PSMB8	5696	-96	NA
PSMB9	5698	-141	NA
PSMC1	5700	-66	NA
PSMC2	5701	-129	NA
PSMC3	5702	-108	NA
PSMC3IP	29893	-119	NA
PSMC4	5704	-108	NA
PSMC5	5705	-99	NA
PSMC6	5706	-66	NA
PSMD1	5707	-139	NA
PSMD10	5716	-8	NA
PSMD11	5717	-129	NA
PSMD12	5718	-108	NA
PSMD13	5719	-66	NA
PSMD14	10213	-121	NA
PSMD2	5708	-56	NA
PSMD3	5709	-94	NA
PSMD4	5710	-54	NA
PSMD5	5711	-98	NA
PSMD6	9861	-116	NA
PSMD7	5713	-89	NA
PSMD8	5714	-60	NA
PSMD9	5715	-84	NA
PSME1	5720	-33	NA
PSME2	5721	-120	NA
PSME3	10197	-195	NA
PSME4	23198	-79	NA
PSMF1	9491	-35	NA
PSMG1	8624	-185	NA
PSMG2	56984	-35	NA
PSMG3	84262	-143	NA
PSMG4	389362	-94	NA
PSORS1C1	170679	117	NA
PSORS1C2	170680	35	NA
PSPC1	55269	-96	NA
PSPH	5723	-72	NA
PSPN	5623	53	NA
PSRC1	84722	-48	NA
PSTK	118672	-66	NA
PSTPIP1	9051	45	NA
PSTPIP2	9050	-59	NA
PTAFR	5724	43	NA
PTAR1	375743	5	NA
PTBP1	5725	-33	NA
PTBP2	58155	-29	NA
PTBP3	9991	21	NA
PTCD1	26024	-131	NA
PTCD2	79810	-109	NA
PTCD3	55037	-75	NA
PTCH1	5727	90	NA
PTCH2	8643	-65	NA
PTCHD1	139411	28	NA
PTCHD3	374308	-18	NA
PTCHD4	442213	33	NA
PTCRA	171558	1	NA
PTDSS1	9791	-55	NA
PTDSS2	81490	-60	NA
PTEN	5728	65	NA
PTER	9317	-42	NA
PTF1A	256297	17	NA
PTGDR	5729	-12	NA
PTGDR2	11251	15	NA
PTGDS	5730	24	NA
PTGER1	5731	31	NA
PTGER2	5732	-20	NA
PTGER3	5733	4	NA
PTGER4	5734	-24	NA
PTGES	9536	-25	NA
PTGES2	80142	-104	NA
PTGES3	10728	-9	NA
PTGES3L	100885848	40	NA
PTGES3L-AARSD1	100885850	7	NA
PTGFR	5737	59	NA
PTGFRN	5738	5	NA
PTGIR	5739	20	NA
PTGIS	5740	48	NA
PTGR1	22949	-8	NA
PTGR2	145482	27	NA
PTGS1	5742	203	NA
PTGS2	5743	120	NA
PTH	5741	6	NA
PTH1R	5745	136	NA
PTH2	113091	20	NA
PTH2R	5746	8	NA
PTHLH	5744	48	NA
PTK2	5747	28	NA
PTK2B	2185	-11	NA
PTK6	5753	122	NA
PTK7	5754	26	NA
PTMA	5757	8	NA
PTMS	5763	29	NA
PTN	5764	11	NA
PTOV1	53635	36	NA
PTP4A1	7803	-9	NA
PTP4A2	8073	9	NA
PTP4A3	11156	21	NA
PTPA	5524	-33	NA
PTPDC1	138639	22	NA
PTPMT1	114971	-136	NA
PTPN1	5770	-57	NA
PTPN11	5781	-19	NA
PTPN12	5782	52	NA
PTPN13	5783	-28	NA
PTPN14	5784	64	NA
PTPN18	26469	-18	NA
PTPN2	5771	-24	NA
PTPN20	26095	-17	NA
PTPN22	26191	17	NA
PTPN23	25930	2	NA
PTPN3	5774	-11	NA
PTPN4	5775	-15	NA
PTPN5	84867	8	NA
PTPN6	5777	29	NA
PTPN7	5778	-30	NA
PTPN9	5780	-18	NA
PTPRA	5786	-1	NA
PTPRB	5787	144	NA
PTPRC	5788	25	NA
PTPRCAP	5790	-19	NA
PTPRD	5789	22	NA
PTPRE	5791	-4	NA
PTPRF	5792	161	NA
PTPRG	5793	-24	NA
PTPRH	5794	238	NA
PTPRJ	5795	-25	NA
PTPRK	5796	-29	NA
PTPRM	5797	93	NA
PTPRN	5798	219	NA
PTPRN2	5799	-11	NA
PTPRO	5800	19	NA
PTPRQ	374462	-25	NA
PTPRR	5801	176	NA
PTPRS	5802	38	U2904 1% and  U2932 1%
PTPRT	11122	-5	NA
PTPRU	10076	133	NA
PTPRZ1	5803	-26	NA
PTRH1	138428	-172	NA
PTRH2	51651	-88	NA
PTRHD1	391356	-29	NA
PTS	5805	-116	NA
PTTG1	9232	-45	NA
PTTG1IP	754	133	NA
PTTG2	10744	-16	NA
PTX3	5806	23	NA
PTX4	390667	-21	NA
PUDP	8226	-59	NA
PUF60	22827	-119	NA
PUM1	9698	5	NA
PUM2	23369	4	NA
PUM3	9933	-160	NA
PURA	5813	-26	NA
PURB	5814	-64	NA
PURG	29942	12	NA
PUS1	80324	-192	NA
PUS10	150962	-29	NA
PUS3	83480	-93	NA
PUS7	54517	-87	NA
PUS7L	83448	-82	NA
PUSL1	126789	-110	NA
PVALB	5816	-11	NA
PVALEF	388428	11	NA
PVR	5817	-17	NA
PVRIG	79037	16	NA
PWP1	11137	-100	U2904 1% and  U2932 1%
PWP2	5822	-108	NA
PWWP2A	114825	-24	NA
PWWP2B	170394	-62	NA
PWWP3A	84939	-99	NA
PWWP3B	139221	25	NA
PXDC1	221749	48	NA
PXDN	7837	107	NA
PXDNL	137902	15	NA
PXK	54899	-60	NA
PXMP2	5827	-68	NA
PXMP4	11264	-120	NA
PXN	5829	95	NA
PXT1	222659	-21	NA
PXYLP1	92370	-34	NA
PYCARD	29108	11	NA
PYCR1	5831	-40	NA
PYCR2	29920	-115	NA
PYCR3	65263	-209	NA
PYDC1	260434	34	NA
PYDC2	152138	0	NA
PYGB	5834	-41	NA
PYGL	5836	176	NA
PYGM	5837	92	NA
PYGO1	26108	-44	NA
PYGO2	90780	-75	NA
PYHIN1	149628	31	NA
PYM1	84305	-104	NA
PYROXD1	79912	-73	NA
PYROXD2	84795	39	NA
PYURF	100996939	-99	NA
PYY	5697	50	NA
PZP	5858	-24	NA
QARS		-25	NA
QDPR	5860	-98	NA
QKI	9444	38	NA
QPCT	25797	13	NA
QPCTL	54814	44	NA
QPRT	23475	-29	NA
QRFP	347148	23	NA
QRFPR	84109	-19	NA
QRICH1	54870	-37	NA
QRICH2	84074	2	NA
QRSL1	55278	-142	NA
QSER1	79832	-27	NA
QSOX1	5768	194	NA
QSOX2	169714	-38	NA
QTRT1	81890	-125	NA
QTRT2	79691	-147	NA
R3HCC1	203069	-82	NA
R3HCC1L	27291	46	NA
R3HDM1	23518	-83	NA
R3HDM2	22864	22	NA
R3HDM4	91300	9	NA
R3HDML	140902	-6	NA
RAB10	10890	-35	NA
RAB11A	8766	-8	NA
RAB11B	9230	68	NA
RAB11FIP1	80223	55	NA
RAB11FIP2	22841	-59	NA
RAB11FIP3	9727	-57	NA
RAB11FIP4	84440	-7	NA
RAB11FIP5	26056	147	NA
RAB12	201475	-20	NA
RAB13	5872	25	NA
RAB14	51552	-4	NA
RAB15	376267	-56	NA
RAB17	64284	93	NA
RAB18	22931	-23	NA
RAB19	401409	-85	NA
RAB1A	5861	20	NA
RAB1B	81876	-25	NA
RAB20	55647	248	NA
RAB21	23011	4	NA
RAB22A	57403	5	NA
RAB23	51715	-75	NA
RAB24	53917	16	NA
RAB25	57111	5	NA
RAB26	25837	-10	NA
RAB27A	5873	-43	NA
RAB27B	5874	-69	NA
RAB28	9364	-30	NA
RAB29	8934	-55	NA
RAB2A	5862	-10	NA
RAB2B	84932	43	NA
RAB30	27314	45	NA
RAB31	11031	-24	NA
RAB32	10981	12	NA
RAB33A	9363	117	NA
RAB33B	83452	50	NA
RAB34	83871	-45	NA
RAB35	11021	-91	NA
RAB36	9609	-51	NA
RAB37	326624	-2	NA
RAB38	23682	55	NA
RAB39A	54734	-27	NA
RAB39B	116442	0	NA
RAB3A	5864	179	NA
RAB3B	5865	50	NA
RAB3C	115827	16	NA
RAB3D	9545	21	NA
RAB3GAP1	22930	-4	NA
RAB3GAP2	25782	2	NA
RAB3IL1	5866	-83	NA
RAB3IP	117177	-4	NA
RAB40A	142684	56	NA
RAB40AL	282808	-7	NA
RAB40B	10966	4	NA
RAB40C	57799	114	NA
RAB41	347517	-8	NA
RAB42	115273	24	NA
RAB43	339122	56	NA
RAB44	401258	46	NA
RAB4A	5867	-7	NA
RAB4B	53916	18	NA
RAB4B-EGLN2	100529264	14	NA
RAB5A	5868	34	NA
RAB5B	5869	60	NA
RAB5C	5878	-72	NA
RAB5IF	55969	-126	NA
RAB6A	5870	95	NA
RAB6B	51560	134	NA
RAB6C	84084	-8	NA
RAB6D	150786	11	NA
RAB7A	7879	-24	NA
RAB7B	338382	-106	NA
RAB8A	4218	-85	NA
RAB8B	51762	110	NA
RAB9A	9367	45	NA
RAB9B	51209	-18	NA
RABAC1	10567	41	NA
RABEP1	9135	-105	NA
RABEP2	79874	-35	NA
RABEPK	10244	-139	NA
RABGAP1	23637	-5	NA
RABGAP1L	9910	-19	NA
RABGEF1	27342	28	NA
RABGGTA	5875	-38	NA
RABGGTB	5876	-39	NA
RABIF	5877	-77	NA
RABL2A	11159	-26	NA
RABL2B	11158	-26	NA
RABL3	285282	-66	NA
RABL6	55684	-57	NA
RAC1	5879	5	NA
RAC2	5880	49	NA
RACGAP1	29127	-79	NA
RACK1	10399	10	NA
RAD1	5810	-95	NA
RAD17	5884	-22	NA
RAD18	56852	-71	NA
RAD21	5885	10	NA
RAD21L1	642636	26	NA
RAD23A	5886	-58	NA
RAD23B	5887	-10	NA
RAD50	10111	-20	NA
RAD51	5888	-117	NA
RAD51AP1	10635	-80	NA
RAD51AP2	729475	-20	NA
RAD51B	5890	-7	NA
RAD51C	5889	-111	NA
RAD51D	5892	-125	NA
RAD52	5893	-29	NA
RAD54B	25788	-70	NA
RAD54L	8438	-92	NA
RAD54L2	23132	-61	NA
RAD9A	5883	-102	NA
RAD9B	144715	-29	NA
RADIL	55698	-23	NA
RADX	55086	-67	NA
RAE1	8480	-86	NA
RAET1E	135250	4	NA
RAET1G	353091	-31	NA
RAET1L	154064	55	NA
RAF1	5894	-19	NA
RAG1	5896	38	NA
RAG2	5897	-17	NA
RAI1	10743	62	NA
RAI14	26064	-42	NA
RAI2	10742	13	NA
RALA	5898	-3	NA
RALB	5899	19	NA
RALBP1	10928	22	NA
RALGAPA1	253959	-17	NA
RALGAPA2	57186	104	NA
RALGAPB	57148	-20	NA
RALGDS	5900	147	NA
RALGPS1	9649	-17	NA
RALGPS2	55103	9	NA
RALY	22913	-7	NA
RALYL	138046	-3	NA
RAMAC	83640	-18	NA
RAMACL	353267	19	NA
RAMP1	10267	-88	NA
RAMP2	10266	-57	NA
RAMP3	10268	-1	NA
RAN	5901	-81	NA
RANBP1	5902	-141	NA
RANBP10	57610	-1	NA
RANBP17	64901	-48	NA
RANBP2	5903	-49	NA
RANBP3	8498	-66	NA
RANBP3L	202151	-26	NA
RANBP6	26953	-78	NA
RANBP9	10048	-8	NA
RANGAP1	5905	-120	NA
RANGRF	29098	-122	NA
RAP1A	5906	-10	NA
RAP1B	5908	-36	NA
RAP1GAP	5909	99	NA
RAP1GAP2	23108	32	NA
RAP1GDS1	5910	-6	NA
RAP2A	5911	75	NA
RAP2B	5912	39	NA
RAP2C	57826	-36	NA
RAPGEF1	2889	10	NA
RAPGEF2	9693	13	NA
RAPGEF3	10411	-77	NA
RAPGEF4	11069	152	NA
RAPGEF5	9771	43	NA
RAPGEF6	51735	31	NA
RAPGEFL1	51195	-32	NA
RAPH1	65059	-12	NA
RAPSN	5913	42	NA
RARA	5914	127	NA
RARB	5915	21	NA
RARG	5916	-38	NA
RARRES1	5918	-15	NA
RARRES2	5919	79	NA
RARRES3		-119	NA
RARS		-79	NA
RARS2	57038	-43	NA
RASA1	5921	17	NA
RASA2	5922	17	NA
RASA3	22821	-2	NA
RASA4	10156	118	NA
RASA4B	100271927	51	NA
RASAL1	8437	50	NA
RASAL2	9462	-27	NA
RASAL3	64926	98	NA
RASD1	51655	60	NA
RASD2	23551	140	NA
RASEF	158158	-22	NA
RASGEF1A	221002	18	NA
RASGEF1B	153020	35	NA
RASGEF1C	255426	-1	NA
RASGRF1	5923	31	NA
RASGRF2	5924	-35	NA
RASGRP1	10125	67	NA
RASGRP2	10235	65	NA
RASGRP3	25780	-8	NA
RASGRP4	115727	34	NA
RASIP1	54922	24	NA
RASL10A	10633	8	NA
RASL10B	91608	-64	NA
RASL11A	387496	-89	NA
RASL11B	65997	-136	NA
RASL12	51285	26	NA
RASSF1	11186	112	NA
RASSF10	644943	-51	NA
RASSF2	9770	100	NA
RASSF3	283349	-18	NA
RASSF4	83937	146	NA
RASSF5	83593	-21	NA
RASSF6	166824	-5	NA
RASSF7	8045	206	NA
RASSF8	11228	-9	NA
RASSF9	9182	-20	NA
RAVER1	125950	-17	NA
RAVER2	55225	-59	NA
RAX	30062	43	NA
RAX2	84839	28	NA
RB1	5925	21	NA
RB1CC1	9821	82	NA
RBAK	57786	83	NA
RBAK-RBAKDN	100533952	49	NA
RBBP4	5928	-58	NA
RBBP5	5929	-43	NA
RBBP6	5930	16	NA
RBBP7	5931	-85	NA
RBBP8	5932	-106	NA
RBBP8NL	140893	37	NA
RBBP9	10741	-79	NA
RBCK1	10616	27	NA
RBFA	79863	-103	NA
RBFOX1	54715	-2	NA
RBFOX2	23543	47	NA
RBFOX3	146713	15	NA
RBKS	64080	17	NA
RBL1	5933	-111	NA
RBL2	5934	56	U2904 1% and  U2932 1%
RBM10	8241	-35	NA
RBM11	54033	-15	NA
RBM12	10137	-113	NA
RBM12B	389677	-46	NA
RBM14	10432	-84	NA
RBM14-RBM4	100526737	-44	NA
RBM15	64783	32	NA
RBM15B	29890	-59	NA
RBM17	84991	-51	NA
RBM18	92400	-5	NA
RBM19	9904	-99	NA
RBM20	282996	7	NA
RBM22	55696	-24	NA
RBM23	55147	-79	NA
RBM24	221662	-89	NA
RBM25	58517	-58	NA
RBM26	64062	-61	NA
RBM27	54439	-22	NA
RBM28	55131	-147	NA
RBM3	5935	-80	NA
RBM33	155435	29	NA
RBM34	23029	-49	NA
RBM38	55544	-50	NA
RBM39	9584	18	NA
RBM4	5936	-35	NA
RBM41	55285	13	NA
RBM42	79171	-88	NA
RBM43	375287	80	NA
RBM44	375316	48	NA
RBM45	129831	-140	NA
RBM46	166863	34	NA
RBM47	54502	-87	NA
RBM48	84060	1	NA
RBM4B	83759	9	NA
RBM5	10181	-13	NA
RBM6	10180	-7	NA
RBM7	10179	56	NA
RBM8A	9939	-27	NA
RBMS1	5937	-43	NA
RBMS2	5939	18	NA
RBMS3	27303	14	NA
RBMX	27316	-53	NA
RBMX2	51634	-50	NA
RBMXL1	494115	-84	NA
RBMXL2	27288	19	NA
RBMXL3	139804	-14	NA
RBMY1A1	5940	-4	NA
RBMY1B	378948	-4	NA
RBMY1D	378949	-2	NA
RBMY1E	378950	-1	NA
RBMY1F	159163	4	NA
RBMY1J	378951	0	NA
RBP1	5947	-22	NA
RBP2	5948	-5	NA
RBP3	5949	-4	NA
RBP4	5950	-6	NA
RBP5	83758	25	NA
RBP7	116362	-32	NA
RBPJ	3516	225	NA
RBPJL	11317	19	NA
RBPMS	11030	7	NA
RBPMS2	348093	-100	NA
RBSN	64145	-24	NA
RBX1	9978	-18	NA
RC3H1	149041	38	NA
RC3H2	54542	-4	NA
RCAN1	1827	-26	NA
RCAN2	10231	1	NA
RCAN3	11123	57	NA
RCBTB1	55213	-124	NA
RCBTB2	1102	-40	NA
RCC1	1104	-89	NA
RCC1L	81554	-75	NA
RCC2	55920	-111	NA
RCCD1	91433	-24	NA
RCE1	9986	-17	NA
RCHY1	25898	-45	NA
RCL1	10171	-166	NA
RCN1	5954	-13	NA
RCN2	5955	-93	NA
RCN3	57333	125	NA
RCOR1	23186	70	NA
RCOR2	283248	197	NA
RCOR3	55758	33	NA
RCSD1	92241	13	NA
RCVRN	5957	-15	NA
RD3	343035	16	NA
RD3L	647286	-6	NA
RDH10	157506	-110	NA
RDH11	51109	-16	NA
RDH12	145226	-61	NA
RDH13	112724	-58	NA
RDH14	57665	-36	NA
RDH16	8608	21	NA
RDH5	5959	55	NA
RDM1	201299	-6	NA
RDX	5962	-48	NA
REC114	283677	-25	NA
REC8	9985	-3	NA
RECK	8434	20	NA
RECQL	5965	-17	NA
RECQL4	9401	-87	NA
RECQL5	9400	-29	NA
REELD1	345051	15	NA
REEP1	65055	-64	NA
REEP2	51308	-17	NA
REEP3	221035	-31	NA
REEP4	80346	-25	NA
REEP5	7905	-27	NA
REEP6	92840	-51	NA
REG1A	5967	-3	NA
REG1B	5968	3	NA
REG3A	5068	-6	NA
REG3G	130120	-1	NA
REG4	83998	-32	NA
REL	5966	16	NA
RELA	5970	70	NA
RELB	5971	-30	NA
RELCH	57614	-60	NA
RELL1	768211	60	NA
RELL2	285613	-15	NA
RELN	5649	22	NA
RELT	84957	140	NA
REM1	28954	-25	NA
REM2	161253	40	NA
REN	5972	7	NA
RENBP	5973	-28	NA
REP15	387849	-29	NA
REPIN1	29803	-61	NA
REPS1	85021	-84	NA
REPS2	9185	108	NA
RER1	11079	-41	NA
RERE	473	4	NA
RERG	85004	23	NA
RERGL	79785	-14	NA
RESF1	55196	-59	NA
RESP18	389075	8	NA
REST	5978	21	NA
RET	5979	-2	NA
RETN	56729	8	NA
RETNLB	84666	-6	NA
RETREG1	54463	-52	NA
RETREG2	79137	72	NA
RETREG3	162427	31	NA
RETSAT	54884	-32	NA
REV1	51455	-22	NA
REV3L	5980	-27	NA
REX1BD	55049	-65	NA
REXO1	57455	-45	NA
REXO2	25996	-50	NA
REXO4	57109	-90	NA
REXO5	81691	-69	NA
RFC1	5981	-13	NA
RFC2	5982	-115	NA
RFC3	5983	-183	NA
RFC4	5984	-113	NA
RFC5	5985	-126	NA
RFESD	317671	1	NA
RFFL	117584	-13	NA
RFK	55312	-128	NA
RFLNA	144347	15	NA
RFLNB	359845	-8	NA
RFNG	5986	42	NA
RFPL1	5988	10	NA
RFPL2	10739	28	NA
RFPL3	10738	12	NA
RFPL4A	342931	27	NA
RFPL4AL1	729974	12	NA
RFPL4B	442247	-5	NA
RFT1	91869	-120	NA
RFTN1	23180	-50	NA
RFTN2	130132	-1	NA
RFWD3	55159	-120	NA
RFX1	5989	81	NA
RFX2	5990	117	NA
RFX3	5991	120	NA
RFX4	5992	-3	NA
RFX5	5993	-127	NA
RFX6	222546	6	NA
RFX7	64864	26	NA
RFX8	731220	-6	NA
RFXANK	8625	-82	NA
RFXAP	5994	-121	NA
RGCC	28984	-15	NA
RGL1	23179	-42	NA
RGL2	5863	63	NA
RGL3	57139	60	NA
RGL4	266747	13	NA
RGMA	56963	7	NA
RGMB	285704	-27	NA
RGN	9104	-55	NA
RGP1	9827	10	NA
RGPD1	400966	40	NA
RGPD2	729857	-7	NA
RGPD3	653489	-2	NA
RGPD4	285190	-8	NA
RGPD5	84220	9	NA
RGPD6	729540	5	NA
RGPD8	727851	-5	NA
RGR	5995	20	NA
RGS1	5996	9	NA
RGS10	6001	25	NA
RGS11	8786	38	NA
RGS12	6002	-19	NA
RGS13	6003	-8	NA
RGS14	10636	-14	NA
RGS16	6004	-59	NA
RGS17	26575	50	NA
RGS18	64407	6	NA
RGS19	10287	-60	NA
RGS2	5997	-5	NA
RGS20	8601	12	NA
RGS21	431704	-1	NA
RGS22	26166	-2	NA
RGS3	5998	-38	NA
RGS4	5999	-23	NA
RGS5	8490	3	NA
RGS6	9628	21	NA
RGS7	6000	3	NA
RGS7BP	401190	-17	NA
RGS8	85397	-4	NA
RGS9	8787	90	NA
RGS9BP	388531	2	NA
RGSL1	353299	-7	NA
RHAG	6005	-3	NA
RHBDD1	84236	-37	NA
RHBDD2	57414	-85	NA
RHBDD3	25807	-128	NA
RHBDF1	64285	50	NA
RHBDF2	79651	1	NA
RHBDL1	9028	60	NA
RHBDL2	54933	53	NA
RHBDL3	162494	-2	NA
RHBG	57127	-33	NA
RHCE	6006	91	NA
RHCG	51458	75	NA
RHD	6007	45	NA
RHEB	6009	-1	NA
RHEBL1	121268	23	NA
RHEX	440712	-16	NA
RHNO1	83695	-84	NA
RHO	6010	22	NA
RHOA	387	10	NA
RHOB	388	93	NA
RHOBTB1	9886	-47	NA
RHOBTB2	23221	-56	NA
RHOBTB3	22836	-63	NA
RHOC	389	-29	NA
RHOD	29984	-64	NA
RHOF	54509	34	NA
RHOG	391	-34	NA
RHOH	399	-14	NA
RHOJ	57381	-26	NA
RHOQ	23433	5	NA
RHOT1	55288	36	NA
RHOT2	89941	-40	NA
RHOU	58480	40	NA
RHOV	171177	-44	NA
RHOXF1	158800	8	NA
RHOXF2	84528	-6	NA
RHOXF2B	727940	-7	NA
RHPN1	114822	-83	NA
RHPN2	85415	111	NA
RIBC1	158787	57	NA
RIBC2	26150	-127	NA
RIC1	57589	124	NA
RIC3	79608	-2	NA
RIC8A	60626	-23	NA
RIC8B	55188	19	NA
RICTOR	253260	55	NA
RIDA	10247	-80	NA
RIF1	55183	-21	NA
RIIAD1	284485	16	NA
RILP	83547	-16	NA
RILPL1	353116	0	NA
RILPL2	196383	-17	NA
RIMBP2	23504	33	NA
RIMBP3	85376	-85	NA
RIMBP3B	440804	-49	NA
RIMBP3C	150221	13	NA
RIMKLA	284716	287	NA
RIMKLB	57494	-43	NA
RIMS1	22999	13	NA
RIMS2	9699	44	NA
RIMS3	9783	-5	NA
RIMS4	140730	43	NA
RIN1	9610	14	NA
RIN2	54453	-44	NA
RIN3	79890	-54	NA
RING1	6015	-56	NA
RINL	126432	28	NA
RINT1	60561	-76	NA
RIOK1	83732	-125	NA
RIOK2	55781	-74	NA
RIOK3	8780	198	NA
RIOX1	79697	-194	NA
RIOX2	84864	-152	NA
RIPK1	8737	-82	NA
RIPK2	8767	-28	NA
RIPK3	11035	-18	NA
RIPK4	54101	155	NA
RIPOR1	79567	-31	NA
RIPOR2	9750	7	NA
RIPOR3	140876	-43	NA
RIPPLY1	92129	26	NA
RIPPLY2	134701	11	NA
RIPPLY3	53820	-10	NA
RIT1	6016	42	NA
RIT2	6014	2	NA
RITA1	84934	-114	NA
RLBP1	6017	-5	NA
RLF	6018	255	NA
RLIM	51132	25	NA
RLN1	6013	-56	NA
RLN2	6019	-57	NA
RLN3	117579	-19	NA
RMC1	29919	-100	NA
RMDN1	51115	-44	NA
RMDN2	151393	-103	NA
RMDN3	55177	-114	NA
RMI1	80010	-27	NA
RMI2	116028	-14	NA
RMND1	55005	-14	NA
RMND5A	64795	1	NA
RMND5B	64777	-86	NA
RNASE1	6035	72	NA
RNASE10	338879	-9	NA
RNASE11	122651	-4	NA
RNASE12	493901	1	NA
RNASE13	440163	9	NA
RNASE2	6036	-9	NA
RNASE3	6037	7	NA
RNASE4	6038	217	NA
RNASE6	6039	-28	NA
RNASE7	84659	22	NA
RNASE8	122665	1	NA
RNASE9	390443	2	NA
RNASEH1	246243	-156	NA
RNASEH2A	10535	-74	NA
RNASEH2B	79621	-127	NA
RNASEH2C	84153	-33	NA
RNASEK	440400	-30	NA
RNASEK-C17orf49	100529209	-57	NA
RNASEL	6041	15	NA
RNASET2	8635	70	NA
RND1	27289	-66	NA
RND2	8153	-46	NA
RND3	390	50	NA
RNF10	9921	0	NA
RNF103	7844	-13	NA
RNF103-CHMP3	100526767	-41	NA
RNF11	26994	22	NA
RNF111	54778	65	NA
RNF112	7732	131	NA
RNF113A	7737	44	NA
RNF113B	140432	-5	NA
RNF114	55905	-30	NA
RNF115	27246	-37	NA
RNF121	55298	-27	NA
RNF122	79845	277	NA
RNF123	63891	-23	NA
RNF125	54941	11	NA
RNF128	79589	24	NA
RNF13	11342	-17	NA
RNF130	55819	6	NA
RNF133	168433	-45	NA
RNF135	84282	-35	NA
RNF138	51444	-48	NA
RNF139	11236	-9	NA
RNF14	9604	-48	NA
RNF141	50862	21	NA
RNF144A	9781	66	NA
RNF144B	255488	-25	NA
RNF145	153830	-21	NA
RNF146	81847	-2	NA
RNF148	378925	-66	NA
RNF149	284996	-3	NA
RNF150	57484	108	NA
RNF151	146310	-51	NA
RNF152	220441	-4	NA
RNF157	114804	-73	NA
RNF165		180	NA
RNF166	115992	-85	NA
RNF167	26001	2	NA
RNF168	165918	-5	NA
RNF169	254225	82	NA
RNF17	56163	7	NA
RNF170	81790	-40	NA
RNF175	285533	-13	NA
RNF180	285671	11	NA
RNF181	51255	87	NA
RNF182	221687	71	NA
RNF183	138065	120	NA
RNF185	91445	-7	NA
RNF186	54546	16	NA
RNF187	149603	37	NA
RNF19A	25897	105	NA
RNF19B	127544	41	NA
RNF2	6045	34	NA
RNF20	56254	20	NA
RNF207	388591	-40	NA
RNF208	727800	91	NA
RNF212	285498	27	NA
RNF212B	100507650	-31	NA
RNF214	257160	25	NA
RNF215	200312	64	NA
RNF216	54476	-24	NA
RNF217	154214	117	NA
RNF219		-73	NA
RNF220	55182	-61	NA
RNF222	643904	17	NA
RNF223	401934	184	NA
RNF224	643596	6	NA
RNF225	646862	-22	NA
RNF227	284023	153	NA
RNF24	11237	211	NA
RNF25	64320	-126	NA
RNF26	79102	-81	NA
RNF31	55072	-76	NA
RNF32	140545	2	NA
RNF34	80196	-78	NA
RNF38	152006	74	NA
RNF39	80352	16	NA
RNF4	6047	-26	NA
RNF40	9810	-35	NA
RNF41	10193	-24	NA
RNF43	54894	3	NA
RNF44	22838	34	NA
RNF5	6048	59	NA
RNF6	6049	-33	NA
RNF7	9616	-5	NA
RNF8	9025	-45	NA
RNFT1	51136	-70	NA
RNFT2	84900	-118	NA
RNGTT	8732	-56	NA
RNH1	6050	-14	NA
RNLS	55328	-33	NA
RNMT	8731	178	NA
RNPC3	55599	6	NA
RNPEP	6051	-20	NA
RNPEPL1	57140	13	NA
RNPS1	10921	-75	NA
RO60	6738	14	NA
ROBO1	6091	-24	NA
ROBO2	6092	23	NA
ROBO3	64221	59	NA
ROBO4	54538	54	NA
ROCK1	6093	29	NA
ROCK2	9475	-28	NA
ROGDI	79641	-112	NA
ROM1	6094	-65	NA
ROMO1	140823	-12	NA
ROPN1	54763	15	NA
ROPN1B	152015	-6	NA
ROPN1L	83853	156	NA
ROR1	4919	-39	NA
ROR2	4920	29	NA
RORA	6095	260	NA
RORB	6096	-31	NA
RORC	6097	30	NA
ROS1	6098	11	NA
RP1	6101	-26	NA
RP1L1	94137	15	NA
RP2	6102	9	NA
RP9	6100	-8	NA
RPA1	6117	-72	NA
RPA2	6118	-109	NA
RPA3	6119	-77	NA
RPA4	29935	46	NA
RPAIN	84268	-29	NA
RPAP1	26015	2	NA
RPAP2	79871	-31	NA
RPAP3	79657	-108	NA
RPE	6120	-21	NA
RPE65	6121	-22	NA
RPEL1	729020	26	NA
RPF1	80135	-102	NA
RPF2	84154	-62	NA
RPGR	6103	-65	NA
RPGRIP1	57096	-49	NA
RPGRIP1L	23322	-37	NA
RPH3A	22895	26	NA
RPH3AL	9501	8	NA
RPIA	22934	-107	NA
RPL10	6134	35	NA
RPL10A	4736	-2	NA
RPL10L	140801	24	NA
RPL11	6135	17	NA
RPL12	6136	26	NA
RPL13	6137	12	NA
RPL13A	23521	26	NA
RPL14	9045	2	NA
RPL15	6138	-10	NA
RPL17	6139	-3	NA
RPL17-C18orf32	100526842	28	NA
RPL18	6141	4	NA
RPL18A	6142	8	NA
RPL19	6143	-14	NA
RPL21	6144	20	NA
RPL22	6146	15	NA
RPL22L1	200916	-71	NA
RPL23	9349	-2	NA
RPL23A	6147	8	NA
RPL24	6152	-5	NA
RPL26	6154	24	NA
RPL26L1	51121	-102	NA
RPL27	6155	-18	NA
RPL27A	6157	-8	NA
RPL28	6158	26	NA
RPL29	6159	-4	NA
RPL3	6122	34	NA
RPL30	6156	11	NA
RPL31	6160	28	NA
RPL32	6161	-1	NA
RPL34	6164	15	NA
RPL35	11224	-12	NA
RPL35A	6165	3	NA
RPL36	25873	-7	NA
RPL36A	6173	18	NA
RPL36A-HNRNPH2	100529097	-8	NA
RPL36AL	6166	-7	NA
RPL37	6167	1	NA
RPL37A	6168	25	NA
RPL38	6169	-5	NA
RPL39	6170	29	NA
RPL39L	116832	41	NA
RPL3L	6123	0	NA
RPL4	6124	-15	NA
RPL41	6171	8	NA
RPL5	6125	6	NA
RPL6	6128	-6	NA
RPL7	6129	2	NA
RPL7A	6130	-1	NA
RPL7L1	285855	-94	NA
RPL8	6132	-1	NA
RPL9	6133	20	NA
RPLP0	6175	1	NA
RPLP1	6176	1	NA
RPLP2	6181	-13	NA
RPN1	6184	-15	NA
RPN2	6185	1	NA
RPP14	11102	-86	NA
RPP21	79897	-7	NA
RPP25	54913	-112	NA
RPP25L	138716	-73	NA
RPP30	10556	-69	NA
RPP38	10557	-113	NA
RPP40	10799	-193	NA
RPRD1A	55197	-36	NA
RPRD1B	58490	-38	NA
RPRD2	23248	-48	NA
RPRM	56475	-46	NA
RPRML	388394	-31	NA
RPS10	6204	-7	NA
RPS10-NUDT3	100529239	-74	NA
RPS11	6205	26	NA
RPS12	6206	9	NA
RPS13	6207	-4	NA
RPS14	6208	9	NA
RPS15	6209	-9	NA
RPS15A	6210	17	NA
RPS16	6217	4	NA
RPS17	6218	6	NA
RPS18	6222	25	NA
RPS19	6223	16	U2904 1% and  U2932 1%
RPS19BP1	91582	-94	NA
RPS2	6187	-1	NA
RPS20	6224	6	NA
RPS21	6227	14	NA
RPS23	6228	-6	NA
RPS24	6229	5	NA
RPS25	6230	6	NA
RPS26	6231	-71	NA
RPS27	6232	27	NA
RPS27A	6233	5	NA
RPS27L	51065	-7	NA
RPS28	6234	19	NA
RPS29	6235	6	NA
RPS3	6188	8	NA
RPS3A	6189	30	NA
RPS4X	6191	7	NA
RPS4Y1	6192	11	NA
RPS4Y2	140032	21	NA
RPS5	6193	-2	NA
RPS6	6194	9	NA
RPS6KA1	6195	-44	NA
RPS6KA2	6196	97	NA
RPS6KA3	6197	-13	NA
RPS6KA4	8986	-82	NA
RPS6KA5	9252	6	NA
RPS6KA6	27330	40	NA
RPS6KB1	6198	-52	NA
RPS6KB2	6199	-84	NA
RPS6KC1	26750	-55	NA
RPS6KL1	83694	-168	NA
RPS7	6201	-5	NA
RPS8	6202	5	NA
RPS9	6203	11	NA
RPSA	3921	14	NA
RPTN	126638	-1	NA
RPTOR	57521	-7	NA
RPUSD1	113000	-149	NA
RPUSD2	27079	-161	NA
RPUSD3	285367	-76	NA
RPUSD4	84881	-64	NA
RRAD	6236	110	NA
RRAGA	10670	83	NA
RRAGB	10325	-7	NA
RRAGC	64121	35	NA
RRAGD	58528	226	NA
RRAS	6237	124	NA
RRAS2	22800	-22	NA
RRBP1	6238	61	NA
RREB1	6239	54	NA
RRH	10692	-20	NA
RRM1	6240	-92	NA
RRM2	6241	-76	NA
RRM2B	50484	-14	NA
RRN3	54700	-73	NA
RRNAD1		31	NA
RRP1	8568	-148	NA
RRP12	23223	-147	NA
RRP15	51018	-168	NA
RRP1B	23076	-141	NA
RRP36	88745	-167	NA
RRP7A	27341	-194	NA
RRP8	23378	-74	NA
RRP9	9136	-216	NA
RRS1	23212	-272	NA
RS1	6247	-5	NA
RSAD1	55316	-130	NA
RSAD2	91543	-61	NA
RSBN1	54665	192	NA
RSBN1L	222194	-54	NA
RSC1A1	6248	-87	NA
RSF1	51773	76	NA
RSKR	124923	27	NA
RSL1D1	26156	-41	NA
RSL24D1	51187	0	NA
RSPH1	89765	-8	NA
RSPH10B	222967	20	NA
RSPH10B2	728194	39	NA
RSPH14	27156	7	NA
RSPH3	83861	125	NA
RSPH4A	345895	-115	NA
RSPH6A	81492	13	NA
RSPH9	221421	93	NA
RSPO1	284654	6	NA
RSPO2	340419	62	NA
RSPO3	84870	-54	NA
RSPO4	343637	12	NA
RSPRY1	89970	5	NA
RSRC1	51319	-43	NA
RSRC2	65117	59	NA
RSRP1	57035	143	NA
RSU1	6251	-46	NA
RTBDN	83546	43	NA
RTCA	8634	-9	NA
RTCB	51493	-101	NA
RTEL1	51750	-111	NA
RTEL1-TNFRSF6B	100533107	-34	NA
RTF1	23168	-58	NA
RTF2	51507	-22	NA
RTKN	6242	-18	NA
RTKN2	219790	-57	NA
RTL1	388015	34	NA
RTL10	79680	-85	NA
RTL3	203430	3	NA
RTL4	340595	12	NA
RTL5	340526	57	NA
RTL6	84247	-82	NA
RTL8A	26071	52	NA
RTL8B	441518	-49	NA
RTL8C	8933	90	NA
RTL9	57529	0	NA
RTN1	6252	-35	NA
RTN2	6253	79	NA
RTN3	10313	24	NA
RTN4	57142	17	NA
RTN4IP1	84816	-220	NA
RTN4R	65078	47	NA
RTN4RL1	146760	-80	NA
RTN4RL2	349667	103	NA
RTP1	132112	2	NA
RTP2	344892	10	NA
RTP3	83597	0	NA
RTP4	64108	-78	NA
RTP5	285093	6	NA
RTRAF	51637	-50	NA
RTTN	25914	-17	NA
RUBCN	9711	-23	NA
RUBCNL	80183	-16	NA
RUFY1	80230	-30	NA
RUFY2	55680	-10	NA
RUFY3	22902	-20	NA
RUFY4	285180	4	NA
RUNDC1	146923	18	NA
RUNDC3A	10900	13	NA
RUNDC3B	154661	95	NA
RUNX1	861	155	NA
RUNX1T1	862	5	NA
RUNX2	860	44	NA
RUNX3	864	-15	NA
RUSC1	23623	-65	NA
RUSC2	9853	32	NA
RUVBL1	8607	-185	NA
RUVBL2	10856	-59	NA
RWDD1	51389	-81	NA
RWDD2A	112611	37	NA
RWDD2B	10069	-106	NA
RWDD3	25950	13	NA
RWDD4	201965	-109	NA
RXFP1	59350	45	NA
RXFP2	122042	-12	NA
RXFP3	51289	6	NA
RXFP4	339403	-42	NA
RXRA	6256	6	NA
RXRB	6257	33	NA
RXRG	6258	24	NA
RXYLT1	10329	-161	NA
RYBP	23429	134	NA
RYK	6259	-18	NA
RYR1	6261	31	NA
RYR2	6262	70	NA
RYR3	6263	-29	NA
S100A1	6271	-27	NA
S100A10	6281	199	NA
S100A11	6282	20	NA
S100A12	6283	-26	NA
S100A13	6284	-12	NA
S100A14	57402	21	NA
S100A16	140576	-18	NA
S100A2	6273	37	NA
S100A3	6274	15	NA
S100A4	6275	119	NA
S100A5	6276	27	NA
S100A6	6277	49	NA
S100A7	6278	19	NA
S100A7A	338324	-1	NA
S100A7L2	645922	0	NA
S100A8	6279	-53	NA
S100A9	6280	-44	NA
S100B	6285	-6	NA
S100G	795	3	NA
S100P	6286	54	NA
S100PBP	64766	-1	NA
S100Z	170591	8	NA
S1PR1	1901	-20	NA
S1PR2	9294	73	NA
S1PR3	1903	-55	NA
S1PR4	8698	203	NA
S1PR5	53637	-88	NA
SAA1	6288	8	NA
SAA2	6289	-14	NA
SAA2-SAA4	100528017	0	NA
SAA4	6291	-18	NA
SAAL1	113174	-98	NA
SAC3D1	29901	-121	NA
SACM1L	22908	-90	NA
SACS	26278	-89	NA
SAE1	10055	-132	NA
SAFB	6294	-22	NA
SAFB2	9667	-7	NA
SAG	6295	27	NA
SAGE1	55511	10	NA
SALL1	6299	-31	NA
SALL2	6297	-20	NA
SALL3	27164	4	NA
SALL4	57167	22	NA
SAMD1	90378	35	NA
SAMD10	140700	-9	NA
SAMD11	148398	24	NA
SAMD12	401474	-33	NA
SAMD13	148418	-51	NA
SAMD14	201191	86	NA
SAMD15	161394	-62	NA
SAMD3	154075	-53	NA
SAMD4A	23034	88	NA
SAMD4B	55095	6	NA
SAMD5	389432	-13	NA
SAMD7	344658	20	NA
SAMD8	142891	74	NA
SAMD9	54809	-75	NA
SAMD9L	219285	-36	NA
SAMHD1	25939	-158	NA
SAMM50	25813	-105	NA
SAMSN1	64092	1	NA
SAP130	79595	-28	NA
SAP18	10284	-35	NA
SAP25	100316904	37	NA
SAP30	8819	222	NA
SAP30BP	29115	-61	NA
SAP30L	79685	-18	NA
SAPCD1	401251	-8	NA
SAPCD2	89958	-100	NA
SAR1A	56681	-52	NA
SAR1B	51128	-123	NA
SARAF	51669	67	NA
SARDH	1757	51	NA
SARM1	23098	-67	NA
SARNP	84324	-37	NA
SARS		-11	NA
SARS2	54938	-84	NA
SART1	9092	-27	NA
SART3	9733	-71	NA
SASH1	23328	42	NA
SASH3	54440	7	NA
SASS6	163786	-86	NA
SAT1	6303	129	NA
SAT2	112483	-1	NA
SATB1	6304	63	NA
SATB2	23314	-30	NA
SATL1	340562	16	NA
SAV1	60485	116	NA
SAXO1	158297	21	NA
SAXO2	283726	-22	NA
SAYSD1	55776	-27	NA
SBDS	51119	-47	NA
SBF1	6305	-16	NA
SBF2	81846	59	NA
SBK1	388228	55	NA
SBK2	646643	85	NA
SBK3	100130827	39	NA
SBNO1	55206	37	NA
SBNO2	22904	26	NA
SBSN	374897	86	NA
SBSPON	157869	0	NA
SC5D	6309	15	NA
SCAF1	58506	-38	NA
SCAF11	9169	-34	NA
SCAF4	57466	-28	NA
SCAF8	22828	-13	NA
SCAI	286205	38	NA
SCAMP1	9522	52	NA
SCAMP2	10066	-12	NA
SCAMP3	10067	-104	NA
SCAMP4	113178	-50	NA
SCAMP5	192683	-116	NA
SCAND1	51282	-27	NA
SCAP	22937	-56	NA
SCAPER	49855	121	NA
SCARA3	51435	-88	NA
SCARA5	286133	-27	NA
SCARB1	949	125	NA
SCARB2	950	30	NA
SCARF1	8578	75	NA
SCARF2	91179	-41	NA
SCART1	619207	27	NA
SCCPDH	51097	-25	NA
SCD	6319	179	NA
SCD5	79966	33	NA
SCEL	8796	33	NA
SCFD1	23256	-20	NA
SCFD2	152579	-196	NA
SCG2	7857	-17	NA
SCG3	29106	-5	NA
SCG5	6447	42	NA
SCGB1A1	7356	-5	NA
SCGB1C1	147199	-5	NA
SCGB1C2	653486	-1	NA
SCGB1D1	10648	0	NA
SCGB1D2	10647	36	NA
SCGB1D4	404552	2	NA
SCGB2A1	4246	57	NA
SCGB2A2	4250	7	NA
SCGB2B2	284402	15	NA
SCGB3A1	92304	-24	NA
SCGB3A2	117156	47	NA
SCGN	10590	-26	NA
SCHIP1	29970	50	NA
SCIMP	388325	39	NA
SCIN	85477	-40	NA
SCLT1	132320	-57	NA
SCLY	51540	-209	NA
SCMH1	22955	-48	NA
SCML1	6322	-57	NA
SCML2	10389	-79	NA
SCML4	256380	-4	NA
SCN10A	6336	-11	NA
SCN11A	11280	29	NA
SCN1A	6323	4	NA
SCN1B	6324	-39	NA
SCN2A	6326	-60	NA
SCN2B	6327	23	NA
SCN3A	6328	-26	NA
SCN3B	55800	58	NA
SCN4A	6329	-1	NA
SCN4B	6330	129	NA
SCN5A	6331	26	NA
SCN7A	6332	7	NA
SCN8A	6334	-9	NA
SCN9A	6335	34	NA
SCNM1	79005	-57	NA
SCNN1A	6337	-15	NA
SCNN1B	6338	138	NA
SCNN1D	6339	47	NA
SCNN1G	6340	98	NA
SCO1	6341	-143	NA
SCO2	9997	-131	NA
SCOC	60592	4	NA
SCP2	6342	-37	NA
SCP2D1	140856	-3	NA
SCPEP1	59342	-34	NA
SCRG1	11341	30	NA
SCRIB	23513	-95	NA
SCRN1	9805	15	NA
SCRN2	90507	-61	NA
SCRN3	79634	-78	NA
SCRT1	83482	45	NA
SCRT2	85508	-9	NA
SCT	6343	15	NA
SCTR	6344	24	NA
SCUBE1	80274	53	NA
SCUBE2	57758	30	NA
SCUBE3	222663	27	NA
SCX	642658	126	NA
SCYGR1	112441428	-1	NA
SCYGR2	112441435	7	NA
SCYGR3	112441429	2	NA
SCYGR4	112441430	11	NA
SCYGR5	112441437	-9	NA
SCYGR6	112441431	3	NA
SCYGR7	112441438	2	NA
SCYGR8	112441432	1	NA
SCYL1	57410	-27	NA
SCYL2	55681	-43	NA
SCYL3	57147	-49	NA
SDAD1	55153	-101	NA
SDC1	6382	-96	NA
SDC2	6383	66	NA
SDC3	9672	10	NA
SDC4	6385	86	NA
SDCBP	6386	54	NA
SDCBP2	27111	150	NA
SDCCAG8	10806	4	NA
SDE2	163859	-16	NA
SDF2	6388	-17	NA
SDF2L1	23753	-120	NA
SDF4	51150	-9	NA
SDHA	6389	10	NA
SDHAF1	644096	11	NA
SDHAF2	54949	-85	NA
SDHAF3	57001	-65	NA
SDHAF4	135154	27	NA
SDHB	6390	-82	NA
SDHC	6391	-42	NA
SDHD	6392	-62	NA
SDK1	221935	100	NA
SDK2	54549	51	NA
SDR16C5	195814	38	NA
SDR39U1	56948	-25	NA
SDR42E1	93517	-27	NA
SDR42E2	100288072	28	NA
SDR9C7	121214	3	NA
SDS	10993	-30	NA
SDSL	113675	-137	NA
SEBOX	645832	-10	NA
SEC11A	23478	-9	NA
SEC11C	90701	-35	NA
SEC13	6396	-32	NA
SEC14L1	6397	24	NA
SEC14L2	23541	66	NA
SEC14L3	266629	22	NA
SEC14L4	284904	80	NA
SEC14L5	9717	187	NA
SEC14L6	730005	30	NA
SEC16A	9919	-25	NA
SEC16B	89866	0	NA
SEC22A	26984	-15	NA
SEC22B	9554	-39	NA
SEC22C	9117	-26	NA
SEC23A	10484	14	NA
SEC23B	10483	-44	NA
SEC23IP	11196	-102	NA
SEC24A	10802	94	NA
SEC24B	10427	23	NA
SEC24C	9632	25	NA
SEC24D	9871	92	NA
SEC31A	22872	16	NA
SEC31B	25956	102	NA
SEC61A1	29927	-13	NA
SEC61A2	55176	-28	NA
SEC61B	10952	-44	NA
SEC61G	23480	231	NA
SEC62	7095	-24	NA
SEC63	11231	17	NA
SECISBP2	79048	-24	NA
SECISBP2L	9728	33	NA
SECTM1	6398	-28	NA
SEH1L	81929	-133	NA
SEL1L	6400	88	NA
SEL1L2	80343	29	NA
SEL1L3	23231	-49	NA
SELE	6401	-31	NA
SELENBP1	8991	-93	NA
SELENOF	9403	-13	NA
SELENOH	280636	-30	NA
SELENOI	85465	-120	NA
SELENOK	58515	33	NA
SELENOM	140606	20	NA
SELENON	57190	-37	NA
SELENOO	83642	0	NA
SELENOP	6414	-32	NA
SELENOS	55829	-21	NA
SELENOT	51714	-84	NA
SELENOV	348303	-13	NA
SELENOW	6415	-31	NA
SELL	6402	-82	NA
SELP	6403	-12	NA
SELPLG	6404	66	NA
SEM1	7979	4	NA
SEMA3A	10371	-68	NA
SEMA3B	7869	54	NA
SEMA3C	10512	-34	NA
SEMA3D	223117	-46	NA
SEMA3E	9723	-47	NA
SEMA3F	6405	-19	NA
SEMA3G	56920	-60	NA
SEMA4A	64218	41	NA
SEMA4B	10509	256	NA
SEMA4C	54910	-5	NA
SEMA4D	10507	15	NA
SEMA4F	10505	24	NA
SEMA4G	57715	102	NA
SEMA5A	9037	54	NA
SEMA5B	54437	177	NA
SEMA6A	57556	29	NA
SEMA6B	10501	-32	NA
SEMA6C	10500	73	NA
SEMA6D	80031	44	NA
SEMA7A	8482	86	NA
SEMG1	6406	14	NA
SEMG2	6407	24	NA
SENP1	29843	-94	NA
SENP2	59343	-24	NA
SENP3	26168	-154	NA
SENP3-EIF4A1	100533955	-72	NA
SENP5	205564	-25	NA
SENP6	26054	-39	NA
SENP7	57337	57	NA
SENP8	123228	-20	NA
SEPHS1	22929	-76	NA
SEPHS2	22928	-114	NA
SEPSECS	51091	-11	NA
SEPT1		98	NA
SEPT10		29	NA
SEPT11		-41	NA
SEPT12		-7	NA
SEPT14		55	NA
SEPT2		-39	NA
SEPT3		80	NA
SEPT4		-19	NA
SEPT5		74	NA
SEPT6		68	NA
SEPT7		18	NA
SEPT8		-60	NA
SEPT9		1	NA
SERAC1	84947	-58	NA
SERBP1	26135	-71	NA
SERF1A	8293	-84	NA
SERF1B	728492	-132	NA
SERF2	10169	5	NA
SERGEF	26297	119	NA
SERHL2	253190	-18	NA
SERINC1	57515	68	NA
SERINC2	347735	69	NA
SERINC3	10955	53	NA
SERINC4	619189	15	NA
SERINC5	256987	-6	NA
SERP1	27230	10	NA
SERP2	387923	-2	NA
SERPINA1	5265	81	NA
SERPINA10	51156	60	NA
SERPINA11	256394	24	NA
SERPINA12	145264	10	NA
SERPINA3	12	50	NA
SERPINA4	5267	9	NA
SERPINA5	5104	34	NA
SERPINA6	866	-23	NA
SERPINA7	6906	5	NA
SERPINA9	327657	49	NA
SERPINB1	1992	71	NA
SERPINB10	5273	25	NA
SERPINB11	89778	1	NA
SERPINB12	89777	-3	NA
SERPINB13	5275	-6	NA
SERPINB2	5055	-33	NA
SERPINB3	6317	-13	NA
SERPINB4	6318	-4	NA
SERPINB5	5268	28	NA
SERPINB6	5269	43	NA
SERPINB7	8710	37	NA
SERPINB8	5271	-7	NA
SERPINB9	5272	7	NA
SERPINC1	462	-9	NA
SERPIND1	3053	-16	NA
SERPINE1	5054	227	NA
SERPINE2	5270	66	NA
SERPINE3	647174	13	NA
SERPINF1	5176	-12	NA
SERPINF2	5345	113	NA
SERPING1	710	109	NA
SERPINH1	871	14	NA
SERPINI1	5274	26	NA
SERPINI2	5276	8	NA
SERTAD1	29950	64	NA
SERTAD2	9792	174	NA
SERTAD3	29946	62	NA
SERTAD4	56256	-29	NA
SERTM1	400120	-30	NA
SERTM2	401613	-27	NA
SESN1	27244	60	NA
SESN2	83667	20	NA
SESN3	143686	53	NA
SESTD1	91404	-30	NA
SET	6418	-81	NA
SETBP1	26040	68	NA
SETD1A	9739	-32	NA
SETD1B	23067	-104	NA
SETD2	29072	-16	NA
SETD3	84193	-28	NA
SETD4	54093	-72	NA
SETD5	55209	57	NA
SETD6	79918	-140	NA
SETD7	80854	-50	NA
SETD9	133383	-160	NA
SETDB1	9869	-21	NA
SETDB2	83852	-62	NA
SETMAR	6419	-112	NA
SETSIP	646817	-22	NA
SETX	23064	-42	NA
SEZ6	124925	20	NA
SEZ6L	23544	-5	NA
SEZ6L2	26470	76	NA
SF1	7536	-75	NA
SF3A1	10291	-39	NA
SF3A2	8175	3	NA
SF3A3	10946	-114	NA
SF3B1	23451	21	NA
SF3B2	10992	-19	NA
SF3B3	23450	-69	NA
SF3B4	10262	-133	NA
SF3B5	83443	-53	NA
SF3B6	51639	-34	NA
SFI1	9814	1	NA
SFMBT1	51460	-91	NA
SFMBT2	57713	123	NA
SFN	2810	14	NA
SFPQ	6421	-110	NA
SFR1	119392	-31	NA
SFRP1	6422	15	NA
SFRP2	6423	-25	NA
SFRP4	6424	-6	NA
SFRP5	6425	-23	NA
SFSWAP	6433	-15	NA
SFT2D1	113402	-6	NA
SFT2D2	375035	-22	NA
SFT2D3	84826	-59	NA
SFTA2	389376	4	NA
SFTA3	253970	6	NA
SFTPA1	653509	21	NA
SFTPA2	729238	46	NA
SFTPB	6439	53	NA
SFTPC	6440	6	NA
SFTPD	6441	43	NA
SFXN1	94081	10	NA
SFXN2	118980	-244	NA
SFXN3	81855	214	NA
SFXN4	119559	-167	NA
SFXN5	94097	-114	NA
SGCA	6442	33	NA
SGCB	6443	25	NA
SGCD	6444	0	NA
SGCE	8910	43	NA
SGCG	6445	-32	NA
SGCZ	137868	7	NA
SGF29	112869	-28	NA
SGIP1	84251	43	NA
SGK1	6446	-65	NA
SGK2	10110	126	NA
SGK3	23678	-101	NA
SGMS1	259230	-43	NA
SGMS2	166929	-31	NA
SGO1	151648	-55	NA
SGO2	151246	1	NA
SGPL1	8879	-28	NA
SGPP1	81537	-81	NA
SGPP2	130367	87	NA
SGSH	6448	-91	NA
SGSM1	129049	71	NA
SGSM2	9905	71	NA
SGSM3	27352	-17	NA
SGTA	6449	-89	NA
SGTB	54557	40	NA
SH2B1	25970	-20	NA
SH2B2	10603	172	NA
SH2B3	10019	-74	NA
SH2D1A	4068	-3	NA
SH2D1B	117157	23	NA
SH2D2A	9047	-16	NA
SH2D3A	10045	39	NA
SH2D3C	10044	71	NA
SH2D4A	63898	-21	NA
SH2D4B	387694	33	NA
SH2D5	400745	-46	NA
SH2D6	284948	50	NA
SH2D7	646892	-14	NA
SH3BGR	6450	8	NA
SH3BGRL	6451	-3	NA
SH3BGRL2	83699	-35	NA
SH3BGRL3	83442	51	NA
SH3BP1	23616	-59	NA
SH3BP2	6452	93	NA
SH3BP4	23677	29	NA
SH3BP5	9467	16	NA
SH3BP5L	80851	-30	NA
SH3D19	152503	-44	NA
SH3D21		316	NA
SH3GL1	6455	41	NA
SH3GL2	6456	-28	NA
SH3GL3	6457	116	NA
SH3GLB1	51100	17	NA
SH3GLB2	56904	-42	NA
SH3KBP1	30011	17	NA
SH3PXD2A	9644	70	NA
SH3PXD2B	285590	37	NA
SH3RF1	57630	-22	NA
SH3RF2	153769	-50	NA
SH3RF3	344558	64	NA
SH3TC1	54436	18	NA
SH3TC2	79628	-72	NA
SH3YL1	26751	72	NA
SHANK1	50944	56	NA
SHANK2	22941	99	NA
SHANK3	85358	91	NA
SHARPIN	81858	-31	NA
SHB	6461	129	NA
SHBG	6462	-21	NA
SHC1	6464	-18	NA
SHC2	25759	132	NA
SHC3	53358	6	NA
SHC4	399694	56	NA
SHCBP1	79801	-81	NA
SHCBP1L	81626	-1	NA
SHD	56961	10	NA
SHE	126669	8	NA
SHF	90525	52	NA
SHH	6469	1	NA
SHISA2	387914	20	NA
SHISA3	152573	-37	NA
SHISA4	149345	-2	NA
SHISA5	51246	-33	NA
SHISA6	388336	5	NA
SHISA7	729956	32	NA
SHISA8	440829	11	NA
SHISA9	729993	22	NA
SHISAL1	85352	-13	NA
SHISAL2A	348378	-12	NA
SHISAL2B	100132916	-10	NA
SHKBP1	92799	-44	NA
SHLD1	149840	-79	NA
SHLD2	54537	-86	NA
SHLD3	112441434	-113	NA
SHMT1	6470	-90	NA
SHMT2	6472	66	NA
SHOC1	158401	-47	NA
SHOC2	8036	7	NA
SHOX	6473	82	NA
SHOX2	6474	32	NA
SHPK	23729	-78	NA
SHPRH	257218	-43	NA
SHQ1	55164	-106	NA
SHROOM1	134549	-77	NA
SHROOM2	357	-51	NA
SHROOM3	57619	-13	NA
SHROOM4	57477	20	NA
SHTN1	57698	-71	NA
SI	6476	-9	NA
SIAE	54414	-1	NA
SIAH1	6477	8	NA
SIAH2	6478	125	NA
SIAH3	283514	-15	NA
SIDT1	54847	-27	NA
SIDT2	51092	44	NA
SIGIRR	59307	14	NA
SIGLEC1	6614	27	NA
SIGLEC10	89790	27	NA
SIGLEC11	114132	0	NA
SIGLEC12	89858	17	NA
SIGLEC14	100049587	18	NA
SIGLEC15	284266	-22	NA
SIGLEC5	8778	10	NA
SIGLEC6	946	54	NA
SIGLEC7	27036	19	NA
SIGLEC8	27181	45	NA
SIGLEC9	27180	12	NA
SIGLECL1	284369	5	NA
SIGMAR1	10280	-160	NA
SIK1	150094	116	NA
SIK1B		119	NA
SIK2	23235	17	NA
SIK3	23387	-6	NA
SIKE1	80143	-17	NA
SIL1	64374	-29	NA
SIM1	6492	-57	NA
SIM2	6493	36	NA
SIMC1	375484	-44	NA
SIN3A	25942	27	NA
SIN3B	23309	-4	NA
SINHCAF	58516	30	NA
SIPA1	6494	-13	NA
SIPA1L1	26037	-12	NA
SIPA1L2	57568	-13	NA
SIPA1L3	23094	10	NA
SIRPA	140885	-14	NA
SIRPB1	10326	29	NA
SIRPB2	284759	92	NA
SIRPD	128646	12	NA
SIRPG	55423	29	NA
SIRT1	23411	-6	NA
SIRT2	22933	26	NA
SIRT3	23410	17	NA
SIRT4	23409	39	NA
SIRT5	23408	38	NA
SIRT6	51548	-41	NA
SIRT7	51547	-42	NA
SIT1	27240	45	NA
SIVA1	10572	-64	NA
SIX1	6495	-43	NA
SIX2	10736	-10	NA
SIX3	6496	-1	NA
SIX4	51804	-10	NA
SIX5	147912	37	NA
SIX6	4990	-13	NA
SKA1	220134	-90	NA
SKA2	348235	-72	NA
SKA3	221150	-134	NA
SKAP1	8631	1	NA
SKAP2	8935	11	NA
SKI	6497	-11	NA
SKIDA1	387640	-83	NA
SKIL	6498	30	NA
SKIV2L		-15	NA
SKOR1	390598	-9	NA
SKOR2	652991	-2	NA
SKP1	6500	-18	NA
SKP2	6502	-137	NA
SLA	6503	48	NA
SLA2	84174	9	NA
SLAIN1	122060	-48	NA
SLAIN2	57606	-20	NA
SLAMF1	6504	-4	NA
SLAMF6	114836	45	NA
SLAMF7	57823	25	NA
SLAMF8	56833	25	NA
SLAMF9	89886	63	NA
SLBP	7884	-66	NA
SLC10A1	6554	13	NA
SLC10A2	6555	4	NA
SLC10A3	8273	-32	NA
SLC10A4	201780	-35	NA
SLC10A5	347051	19	NA
SLC10A6	345274	26	NA
SLC10A7	84068	-72	NA
SLC11A1	6556	109	NA
SLC11A2	4891	-59	NA
SLC12A1	6557	1	NA
SLC12A2	6558	-31	NA
SLC12A3	6559	26	NA
SLC12A4	6560	73	NA
SLC12A5	57468	-6	NA
SLC12A6	9990	40	NA
SLC12A7	10723	-21	NA
SLC12A8	84561	-45	NA
SLC12A9	56996	-140	NA
SLC13A1	6561	14	NA
SLC13A2	9058	1	NA
SLC13A3	64849	-69	NA
SLC13A4	26266	-19	NA
SLC13A5	284111	-10	NA
SLC14A1	6563	-27	NA
SLC14A2	8170	45	NA
SLC15A1	6564	53	NA
SLC15A2	6565	10	NA
SLC15A3	51296	-72	NA
SLC15A4	121260	70	NA
SLC15A5	729025	4	NA
SLC16A1	6566	42	NA
SLC16A10	117247	2	NA
SLC16A11	162515	29	NA
SLC16A12	387700	32	NA
SLC16A13	201232	-33	NA
SLC16A14	151473	-123	NA
SLC16A2	6567	19	NA
SLC16A3	9123	281	NA
SLC16A4	9122	34	NA
SLC16A5	9121	-28	NA
SLC16A6	9120	8	NA
SLC16A7	9194	-27	NA
SLC16A8	23539	21	NA
SLC16A9	220963	-73	NA
SLC17A1	6568	6	NA
SLC17A2	10246	-4	NA
SLC17A3	10786	-10	NA
SLC17A4	10050	6	NA
SLC17A5	26503	95	NA
SLC17A6	57084	-4	NA
SLC17A7	57030	107	NA
SLC17A8	246213	-5	NA
SLC17A9	63910	30	NA
SLC18A1	6570	0	NA
SLC18A2	6571	-39	NA
SLC18A3	6572	24	NA
SLC18B1	116843	-126	NA
SLC19A1	6573	-170	NA
SLC19A2	10560	-56	NA
SLC19A3	80704	29	NA
SLC1A1	6505	177	NA
SLC1A2	6506	-28	NA
SLC1A3	6507	-66	NA
SLC1A4	6509	-51	NA
SLC1A5	6510	-66	NA
SLC1A6	6511	103	NA
SLC1A7	6512	19	NA
SLC20A1	6574	-71	NA
SLC20A2	6575	-64	NA
SLC22A1	6580	0	NA
SLC22A10	387775	19	NA
SLC22A11	55867	32	NA
SLC22A12	116085	4	NA
SLC22A13	9390	74	NA
SLC22A14	9389	104	NA
SLC22A15	55356	-7	NA
SLC22A16	85413	35	NA
SLC22A17	51310	39	NA
SLC22A18		42	NA
SLC22A18AS		28	NA
SLC22A2	6582	13	NA
SLC22A23	63027	33	NA
SLC22A24	283238	7	NA
SLC22A25	387601	-4	NA
SLC22A3	6581	-11	NA
SLC22A31	146429	19	NA
SLC22A4	6583	-50	NA
SLC22A5	6584	-128	NA
SLC22A6	9356	0	NA
SLC22A7	10864	8	NA
SLC22A8	9376	0	NA
SLC22A9	114571	28	NA
SLC23A1	9963	-20	NA
SLC23A2	9962	-83	NA
SLC23A3	151295	26	NA
SLC24A1	9187	-12	NA
SLC24A2	25769	-13	NA
SLC24A3	57419	-22	NA
SLC24A4	123041	29	NA
SLC24A5	283652	-16	NA
SLC25A1	6576	17	NA
SLC25A10	1468	-136	NA
SLC25A11	8402	-88	NA
SLC25A12	8604	-161	NA
SLC25A13	10165	-129	NA
SLC25A14	9016	-22	NA
SLC25A15	10166	-142	NA
SLC25A16	8034	-116	NA
SLC25A17	10478	-107	NA
SLC25A18	83733	-93	NA
SLC25A19	60386	-175	NA
SLC25A2	83884	9	NA
SLC25A20	788	-137	NA
SLC25A21	89874	-73	NA
SLC25A22	79751	-66	NA
SLC25A23	79085	34	NA
SLC25A24	29957	-21	NA
SLC25A25	114789	-98	NA
SLC25A26	115286	13	NA
SLC25A27	9481	59	NA
SLC25A28	81894	-127	NA
SLC25A29	123096	14	NA
SLC25A3	5250	-42	NA
SLC25A30	253512	-14	NA
SLC25A31	83447	5	NA
SLC25A32	81034	-125	NA
SLC25A33	84275	-160	NA
SLC25A34	284723	14	NA
SLC25A35	399512	-225	NA
SLC25A36	55186	179	NA
SLC25A37	51312	80	NA
SLC25A38	54977	-39	NA
SLC25A39	51629	-67	NA
SLC25A4	291	71	NA
SLC25A40	55972	9	NA
SLC25A41	284427	42	NA
SLC25A42	284439	81	NA
SLC25A43	203427	-12	NA
SLC25A44	9673	-142	NA
SLC25A45	283130	74	NA
SLC25A46	91137	-50	NA
SLC25A47	283600	5	NA
SLC25A48	153328	11	NA
SLC25A5	292	-85	NA
SLC25A51	92014	-2	NA
SLC25A52	147407	-62	NA
SLC25A53	401612	-20	NA
SLC25A6	293	1	NA
SLC26A1	10861	-7	NA
SLC26A10		45	NA
SLC26A11	284129	-32	NA
SLC26A2	1836	-119	NA
SLC26A3	1811	14	NA
SLC26A4	5172	40	NA
SLC26A5	375611	-3	NA
SLC26A6	65010	116	NA
SLC26A7	115111	34	NA
SLC26A8	116369	23	NA
SLC26A9	115019	-40	NA
SLC27A1	376497	104	NA
SLC27A2	11001	-103	NA
SLC27A3	11000	84	NA
SLC27A4	10999	-189	NA
SLC27A5	10998	-76	NA
SLC27A6	28965	-25	NA
SLC28A1	9154	134	NA
SLC28A2	9153	-11	NA
SLC28A3	64078	3	NA
SLC29A1	2030	-76	NA
SLC29A2	3177	-66	NA
SLC29A3	55315	-72	NA
SLC29A4	222962	180	NA
SLC2A1	6513	366	NA
SLC2A10	81031	3	NA
SLC2A11	66035	19	NA
SLC2A12	154091	99	NA
SLC2A13	114134	89	NA
SLC2A14	144195	183	NA
SLC2A2	6514	-44	NA
SLC2A3	6515	377	NA
SLC2A4	6517	21	NA
SLC2A4RG	56731	-27	NA
SLC2A5	6518	81	NA
SLC2A6	11182	-94	NA
SLC2A7	155184	39	NA
SLC2A8	29988	-104	NA
SLC2A9	56606	-56	NA
SLC30A1	7779	-19	NA
SLC30A10	55532	45	NA
SLC30A2	7780	6	NA
SLC30A3	7781	5	NA
SLC30A4	7782	-4	NA
SLC30A5	64924	-70	NA
SLC30A6	55676	-71	NA
SLC30A7	148867	-60	NA
SLC30A8	169026	-15	NA
SLC30A9	10463	-11	NA
SLC31A1	1317	17	NA
SLC31A2	1318	-74	NA
SLC32A1	140679	12	NA
SLC33A1	9197	6	NA
SLC34A1	6569	-9	NA
SLC34A2	10568	-11	NA
SLC34A3	142680	22	NA
SLC35A1	10559	-1	NA
SLC35A2	7355	-18	NA
SLC35A3	23443	38	NA
SLC35A4	113829	-109	NA
SLC35A5	55032	-23	NA
SLC35B1	10237	-98	NA
SLC35B2	347734	-20	NA
SLC35B3	51000	-53	NA
SLC35B4	84912	-144	NA
SLC35C1	55343	-136	NA
SLC35C2		-41	NA
SLC35D1	23169	-130	NA
SLC35D2	11046	-45	NA
SLC35D3	340146	-24	NA
SLC35E1	79939	144	NA
SLC35E2A	9906	66	NA
SLC35E2B	728661	-8	NA
SLC35E3	55508	-34	NA
SLC35E4	339665	-24	NA
SLC35F1	222553	49	NA
SLC35F2	54733	-82	NA
SLC35F3	148641	72	NA
SLC35F4	341880	6	NA
SLC35F5	80255	-8	NA
SLC35F6	54978	-130	NA
SLC35G1	159371	-171	NA
SLC35G2	80723	-28	NA
SLC35G3	146861	-6	NA
SLC35G4	646000	7	NA
SLC35G5	83650	40	NA
SLC35G6	643664	8	NA
SLC36A1	206358	-124	NA
SLC36A2	153201	29	NA
SLC36A3	285641	-3	NA
SLC36A4	120103	36	NA
SLC37A1	54020	-95	NA
SLC37A2	219855	7	NA
SLC37A3	84255	-27	NA
SLC37A4	2542	-38	NA
SLC38A1	81539	-3	NA
SLC38A10	124565	-39	NA
SLC38A11	151258	12	NA
SLC38A2	54407	105	NA
SLC38A3	10991	12	NA
SLC38A4	55089	50	NA
SLC38A5	92745	27	NA
SLC38A6	145389	-97	NA
SLC38A7	55238	-109	NA
SLC38A8	146167	9	NA
SLC38A9	153129	-107	NA
SLC39A1	27173	-20	NA
SLC39A10	57181	-18	NA
SLC39A11	201266	-98	NA
SLC39A12	221074	-5	NA
SLC39A13	91252	11	NA
SLC39A14	23516	14	NA
SLC39A2	29986	-16	NA
SLC39A3	29985	-132	NA
SLC39A4	55630	-78	NA
SLC39A5	283375	-1	NA
SLC39A6	25800	-33	NA
SLC39A7	7922	1	NA
SLC39A8	64116	-46	NA
SLC39A9	55334	-5	NA
SLC3A1	6519	20	NA
SLC3A2	6520	46	NA
SLC40A1	30061	-23	NA
SLC41A1	254428	59	NA
SLC41A2	84102	-25	NA
SLC41A3	54946	12	NA
SLC43A1	8501	-47	NA
SLC43A2	124935	-198	NA
SLC43A3	29015	34	NA
SLC44A1	23446	27	NA
SLC44A2	57153	1	NA
SLC44A3	126969	39	NA
SLC44A4	80736	26	NA
SLC44A5	204962	24	NA
SLC45A1	50651	151	NA
SLC45A2	51151	-8	NA
SLC45A3	85414	45	NA
SLC45A4	57210	-131	NA
SLC46A1	113235	-104	NA
SLC46A2	57864	61	NA
SLC46A3	283537	-70	NA
SLC47A1	55244	-113	NA
SLC47A2	146802	12	NA
SLC48A1	55652	-106	NA
SLC49A3	84179	-21	NA
SLC49A4	84925	-61	NA
SLC4A1	6521	25	NA
SLC4A10	57282	-46	NA
SLC4A11	83959	-90	NA
SLC4A1AP	22950	-58	NA
SLC4A2	6522	-48	NA
SLC4A3	6508	49	NA
SLC4A4	8671	36	NA
SLC4A5	57835	52	NA
SLC4A7	9497	-55	NA
SLC4A8	9498	-64	NA
SLC4A9	83697	34	NA
SLC50A1	55974	-10	NA
SLC51A	200931	36	NA
SLC51B	123264	13	NA
SLC52A1	55065	30	NA
SLC52A2	79581	-117	NA
SLC52A3	113278	-8	NA
SLC5A1	6523	2	NA
SLC5A10	125206	72	NA
SLC5A11	115584	-19	NA
SLC5A12	159963	-29	NA
SLC5A2	6524	39	NA
SLC5A3	6526	152	NA
SLC5A4	6527	6	NA
SLC5A5	6528	20	NA
SLC5A6	8884	-207	NA
SLC5A7	60482	-9	NA
SLC5A8	160728	-14	NA
SLC5A9	200010	3	NA
SLC6A1	6529	14	NA
SLC6A11	6538	37	NA
SLC6A12	6539	82	NA
SLC6A13	6540	3	NA
SLC6A14	11254	-6	NA
SLC6A15	55117	-21	NA
SLC6A16	28968	74	NA
SLC6A17	388662	-22	NA
SLC6A18	348932	11	NA
SLC6A19	340024	66	NA
SLC6A2	6530	-18	NA
SLC6A20	54716	1	NA
SLC6A3	6531	127	NA
SLC6A4	6532	5	NA
SLC6A5	9152	6	NA
SLC6A6	6533	176	NA
SLC6A7	6534	2	NA
SLC6A8	6535	185	NA
SLC6A9	6536	-5	NA
SLC7A1	6541	-35	NA
SLC7A10	56301	27	NA
SLC7A11	23657	-75	NA
SLC7A13	157724	5	NA
SLC7A14	57709	5	NA
SLC7A2	6542	-87	NA
SLC7A3	84889	11	NA
SLC7A4	6545	-3	NA
SLC7A5	8140	59	NA
SLC7A6	9057	-96	NA
SLC7A6OS	84138	-52	NA
SLC7A7	9056	-21	NA
SLC7A8	23428	-120	NA
SLC7A9	11136	65	NA
SLC8A1	6546	4	NA
SLC8A2	6543	81	NA
SLC8A3	6547	120	NA
SLC8B1	80024	-47	NA
SLC9A1	6548	32	NA
SLC9A2	6549	-63	NA
SLC9A3	6550	-57	NA
SLC9A3R1		-63	NA
SLC9A3R2		-19	NA
SLC9A4	389015	48	NA
SLC9A5	6553	69	NA
SLC9A6	10479	-39	NA
SLC9A7	84679	97	NA
SLC9A8	23315	-60	NA
SLC9A9	285195	-56	NA
SLC9B1	150159	39	NA
SLC9B2	133308	-92	NA
SLC9C1	285335	-19	NA
SLC9C2	284525	64	NA
SLCO1A2	6579	-31	NA
SLCO1B1	10599	29	NA
SLCO1B3	28234	95	NA
SLCO1B7	338821	56	NA
SLCO1C1	53919	-1	NA
SLCO2A1	6578	56	NA
SLCO2B1	11309	-33	NA
SLCO3A1	28232	-85	NA
SLCO4A1	28231	156	NA
SLCO4C1	353189	-7	NA
SLCO5A1	81796	24	NA
SLCO6A1	133482	-12	NA
SLF1	84250	-82	NA
SLF2	55719	-12	NA
SLFN11	91607	-17	NA
SLFN12	55106	-72	NA
SLFN12L	100506736	-5	NA
SLFN13	146857	-32	NA
SLFN14	342618	22	NA
SLFN5	162394	-20	NA
SLFNL1	200172	41	NA
SLIRP	81892	-116	NA
SLIT1	6585	31	NA
SLIT2	9353	-17	NA
SLIT3	6586	34	NA
SLITRK1	114798	-27	NA
SLITRK2	84631	13	NA
SLITRK3	22865	-27	NA
SLITRK4	139065	-31	NA
SLITRK5	26050	-17	NA
SLITRK6	84189	31	NA
SLK	9748	-15	NA
SLMAP	7871	-36	NA
SLN	6588	29	NA
SLPI	6590	113	NA
SLTM	79811	-32	NA
SLU7	10569	27	NA
SLURP1	57152	4	NA
SLURP2	432355	28	NA
SLX1A	548593	11	NA
SLX1B	79008	-4	NA
SLX4	84464	-48	NA
SLX4IP	128710	10	NA
SMAD1	4086	-100	NA
SMAD2	4087	20	NA
SMAD3	4088	29	NA
SMAD4	4089	18	NA
SMAD5	4090	-7	NA
SMAD6	4091	17	NA
SMAD7	4092	132	NA
SMAD9	4093	145	NA
SMAGP	57228	-66	NA
SMAP1	60682	107	NA
SMAP2	64744	74	NA
SMARCA1	6594	34	NA
SMARCA2	6595	-29	NA
SMARCA4	6597	-46	NA
SMARCA5	8467	-28	NA
SMARCAD1	56916	-62	NA
SMARCAL1	50485	31	NA
SMARCB1	6598	-45	NA
SMARCC1	6599	-31	NA
SMARCC2	6601	-15	NA
SMARCD1	6602	-97	NA
SMARCD2	6603	-93	NA
SMARCD3	6604	-32	NA
SMARCE1	6605	-44	NA
SMC1A	8243	-78	NA
SMC1B	27127	-9	NA
SMC2	10592	-23	NA
SMC3	9126	-32	NA
SMC4	10051	-43	NA
SMC5	23137	-19	NA
SMC6	79677	-56	NA
SMCHD1	23347	-45	NA
SMCO1	255798	31	NA
SMCO2	341346	54	NA
SMCO3	440087	-17	NA
SMCO4	56935	-34	NA
SMCP	4184	2	NA
SMCR8	140775	5	NA
SMDT1	91689	-34	NA
SMG1	23049	24	NA
SMG5	23381	-30	NA
SMG6	23293	47	NA
SMG7	9887	-10	NA
SMG8	55181	-84	NA
SMG9	56006	-43	NA
SMIM1	388588	35	NA
SMIM10	644538	-18	NA
SMIM10L1	100129361	-95	NA
SMIM10L2A	399668	34	NA
SMIM10L2B	644596	-4	NA
SMIM11A		-31	NA
SMIM11B		-30	NA
SMIM12	113444	-129	NA
SMIM13	221710	-63	NA
SMIM14	201895	56	NA
SMIM15	643155	-51	NA
SMIM17	147670	57	NA
SMIM18	100507341	-15	NA
SMIM19	114926	-25	NA
SMIM2	79024	-2	NA
SMIM20	389203	-34	NA
SMIM21	284274	7	NA
SMIM22	440335	-14	NA
SMIM23	644994	2	NA
SMIM24	284422	177	NA
SMIM26	388789	-3	NA
SMIM27		26	NA
SMIM28	110806279	11	NA
SMIM29	221491	-35	NA
SMIM3	85027	96	NA
SMIM30	401397	-92	NA
SMIM31	100505989	3	NA
SMIM32	389332	21	NA
SMIM33	111064649	2	NA
SMIM34B		5	NA
SMIM35	100526771	2	NA
SMIM36	101927367	22	NA
SMIM38	107984345	139	NA
SMIM39	113523639	-1	NA
SMIM4		-104	NA
SMIM40	113523636	-3	NA
SMIM41	113523638	-45	NA
SMIM5	643008	18	NA
SMIM6		-4	NA
SMIM7	79086	-43	NA
SMIM8	57150	-15	NA
SMIM9	100132963	4	NA
SMKR1	100287482	-148	NA
SMLR1	100507203	17	NA
SMN1	6606	-39	NA
SMN2	6607	-51	NA
SMNDC1	10285	-8	NA
SMO	6608	-6	NA
SMOC1	64093	17	NA
SMOC2	64094	5	NA
SMOX	54498	96	NA
SMPD1	6609	-25	NA
SMPD2	6610	-112	NA
SMPD3	55512	-19	NA
SMPD4	55627	-27	NA
SMPDL3A	10924	11	NA
SMPDL3B	27293	-37	NA
SMPX	23676	-11	NA
SMR3A	26952	-2	NA
SMR3B	10879	1	NA
SMS	6611	93	NA
SMTN	6525	24	NA
SMTNL1	219537	12	NA
SMTNL2	342527	70	NA
SMU1	55234	-48	NA
SMUG1	23583	-39	NA
SMURF1	57154	7	NA
SMURF2	64750	11	NA
SMYD1	150572	4	NA
SMYD2	56950	99	NA
SMYD3	64754	37	NA
SMYD4	114826	-39	NA
SMYD5	10322	-92	NA
SNAI1	6615	40	NA
SNAI2	6591	60	NA
SNAP23	8773	-18	NA
SNAP25	6616	26	NA
SNAP29	9342	-27	NA
SNAP47	116841	-22	NA
SNAP91	9892	29	NA
SNAPC1	6617	90	NA
SNAPC2	6618	-3	NA
SNAPC3	6619	114	NA
SNAPC4	6621	-108	NA
SNAPC5	10302	-205	NA
SNAPIN	23557	-27	NA
SNCA	6622	-60	NA
SNCAIP	9627	0	NA
SNCB	6620	124	NA
SNCG	6623	6	NA
SND1	27044	10	NA
SNED1	25992	43	NA
SNF8	11267	-84	NA
SNIP1	79753	-19	NA
SNN	8303	-66	NA
SNORC	389084	23	NA
SNPH	9751	-95	NA
SNRK	54861	-23	NA
SNRNP200	23020	-18	NA
SNRNP25	79622	-127	NA
SNRNP27	11017	4	NA
SNRNP35	11066	-91	NA
SNRNP40	9410	-134	NA
SNRNP48	154007	23	NA
SNRNP70	6625	-37	NA
SNRPA	6626	-29	NA
SNRPA1	6627	-73	NA
SNRPB	6628	-62	NA
SNRPB2	6629	-53	NA
SNRPC	6631	-99	NA
SNRPD1	6632	-125	NA
SNRPD2	6633	-29	NA
SNRPD3	6634	-76	NA
SNRPE	6635	-81	NA
SNRPF	6636	-109	NA
SNRPG	6637	-88	NA
SNRPN	6638	-16	NA
SNTA1	6640	169	NA
SNTB1	6641	108	NA
SNTB2	6645	-12	NA
SNTG1	54212	21	NA
SNTG2	54221	-13	NA
SNTN	132203	13	NA
SNU13	4809	-58	NA
SNUPN	10073	20	NA
SNURF	8926	-17	NA
SNW1	22938	-13	NA
SNX1	6642	-51	NA
SNX10	29887	60	NA
SNX11	29916	-38	NA
SNX12	29934	-57	NA
SNX13	23161	-12	NA
SNX14	57231	21	NA
SNX15	29907	-18	NA
SNX16	64089	58	NA
SNX17	9784	-72	NA
SNX18	112574	-54	NA
SNX19	399979	-63	NA
SNX2	6643	-28	NA
SNX20	124460	7	NA
SNX21	90203	-17	NA
SNX22	79856	-5	NA
SNX24	28966	-93	NA
SNX25	83891	125	NA
SNX27	81609	22	NA
SNX29	92017	-14	NA
SNX3	8724	39	NA
SNX30	401548	29	NA
SNX31	169166	42	NA
SNX32	254122	12	NA
SNX33	257364	209	NA
SNX4	8723	-50	NA
SNX5	27131	-51	NA
SNX6	58533	-16	NA
SNX7	51375	-29	NA
SNX8	29886	-93	NA
SNX9	51429	3	NA
SOAT1	6646	-105	NA
SOAT2	8435	-3	NA
SOBP	55084	-32	NA
SOCS1	8651	-11	NA
SOCS2	8835	-116	NA
SOCS3	9021	44	NA
SOCS4	122809	-84	NA
SOCS5	9655	31	NA
SOCS6	9306	-53	NA
SOCS7	30837	20	NA
SOD1	6647	-26	NA
SOD2	6648	-27	NA
SOD3	6649	-3	NA
SOGA1		-62	NA
SOGA3		-21	NA
SOHLH1	402381	8	NA
SOHLH2	54937	-54	NA
SON	6651	-27	NA
SORBS1	10580	37	NA
SORBS2	8470	-40	NA
SORBS3	10174	57	NA
SORCS1	114815	-4	NA
SORCS2	57537	31	NA
SORCS3	22986	12	NA
SORD	6652	-125	NA
SORL1	6653	88	NA
SORT1	6272	-19	NA
SOS1	6654	34	NA
SOS2	6655	28	NA
SOST	50964	25	NA
SOSTDC1	25928	-14	NA
SOWAHA	134548	-92	NA
SOWAHB	345079	6	NA
SOWAHC	65124	1	NA
SOWAHD	347454	69	NA
SOX1	6656	-24	NA
SOX10	6663	-1	NA
SOX11	6664	16	NA
SOX12	6666	103	NA
SOX13	9580	-5	NA
SOX14	8403	-5	NA
SOX15	6665	10	NA
SOX17	64321	-12	NA
SOX18	54345	-109	NA
SOX2	6657	-104	NA
SOX21	11166	-36	NA
SOX3	6658	-3	NA
SOX30	11063	17	NA
SOX4	6659	43	NA
SOX5	6660	-28	NA
SOX6	55553	16	NA
SOX7	83595	-50	NA
SOX8	30812	40	NA
SOX9	6662	120	NA
SP1	6667	14	NA
SP100	6672	61	NA
SP110	3431	-115	U2904 1% and  U2932 1%
SP140	11262	-36	NA
SP140L	93349	-4	NA
SP2	6668	-22	NA
SP3	6670	22	NA
SP4	6671	47	NA
SP5	389058	-1	NA
SP6	80320	-69	NA
SP8	221833	-12	NA
SP9	100131390	58	NA
SPA17	53340	-55	NA
SPAAR	158376	-69	NA
SPACA1	81833	-4	NA
SPACA3	124912	53	NA
SPACA4	171169	-22	NA
SPACA5	389852	-7	NA
SPACA5B	729201	-1	NA
SPACA6	147650	62	NA
SPACA7	122258	-5	NA
SPACA9	11092	52	NA
SPAG1	6674	-112	NA
SPAG11A	653423	-2	NA
SPAG11B	10407	2	NA
SPAG16	79582	-24	NA
SPAG17	200162	31	NA
SPAG4	6676	326	NA
SPAG5	10615	-33	NA
SPAG6	9576	-6	NA
SPAG7	9552	-30	NA
SPAG8	26206	-48	NA
SPAG9	9043	37	NA
SPAM1	6677	-19	NA
SPANXA1	30014	-1	NA
SPANXA2	728712	-38	NA
SPANXB1	728695	-44	NA
SPANXC	64663	6	NA
SPANXD	64648	-24	NA
SPANXN1	494118	11	NA
SPANXN2	494119	0	NA
SPANXN3	139067	6	NA
SPANXN4	441525	5	NA
SPANXN5	494197	14	NA
SPARC	6678	-6	NA
SPARCL1	8404	-9	NA
SPART	23111	-11	NA
SPAST	6683	-81	NA
SPATA1	100505741	24	NA
SPATA12	353324	52	NA
SPATA13	221178	-6	NA
SPATA16	83893	-9	NA
SPATA17	128153	-59	NA
SPATA18	132671	5	NA
SPATA19	219938	-2	NA
SPATA2	9825	-98	NA
SPATA20	64847	-34	NA
SPATA21	374955	19	NA
SPATA22	84690	-24	NA
SPATA24	202051	-3	NA
SPATA25	128497	-16	NA
SPATA2L	124044	-45	NA
SPATA3	130560	-5	NA
SPATA31A1	647060	-9	NA
SPATA31A3	727830	0	NA
SPATA31A5	727905	-3	NA
SPATA31A6	389730	-5	NA
SPATA31A7	26165	-14	NA
SPATA31D1	389763	-9	NA
SPATA31D3	389762	1	NA
SPATA31D4	389761	9	NA
SPATA31E1	286234	5	NA
SPATA32	124783	-26	NA
SPATA33	124045	-58	NA
SPATA4	132851	120	NA
SPATA45	149643	-27	NA
SPATA46	284680	-20	NA
SPATA48		1	NA
SPATA5		-118	NA
SPATA5L1		-63	NA
SPATA6	54558	28	NA
SPATA6L	55064	12	NA
SPATA7	55812	53	NA
SPATA8	145946	4	NA
SPATA9	83890	-41	NA
SPATC1	375686	2	NA
SPATC1L	84221	-21	NA
SPATS1	221409	0	NA
SPATS2	65244	28	NA
SPATS2L	26010	4	NA
SPC24	147841	-85	NA
SPC25	57405	-119	NA
SPCS1	28972	-60	NA
SPCS2	9789	4	NA
SPCS3	60559	-58	NA
SPDEF	25803	-55	NA
SPDL1	54908	-89	NA
SPDYA	245711	25	NA
SPDYC	387778	-23	NA
SPDYE1	285955	-1	NA
SPDYE16	102723555	26	NA
SPDYE2	441273	15	NA
SPDYE21P		34	NA
SPDYE2B	100310812	6	NA
SPDYE3	441272	-34	NA
SPDYE4	388333	4	NA
SPDYE5	442590	46	NA
SPDYE6	729597	-4	NA
SPDYE8P		8	NA
SPECC1	92521	-9	NA
SPECC1L	23384	-68	NA
SPECC1L-ADORA2A	101730217	-11	NA
SPEF1	25876	23	NA
SPEF2	79925	102	NA
SPEG	10290	57	NA
SPEGNB	100996693	94	NA
SPEM1	374768	-8	NA
SPEM2	201243	57	NA
SPEM3	107983988	21	NA
SPEN	23013	-4	NA
SPERT		-14	NA
SPESP1	246777	26	NA
SPG11	80208	0	NA
SPG21	51324	-22	NA
SPG7	6687	-20	NA
SPHAR		-1	NA
SPHK2	56848	-107	NA
SPHKAP	80309	-13	NA
SPI1	6688	10	NA
SPIB	6689	-7	NA
SPIC	121599	-28	NA
SPICE1	152185	113	NA
SPIDR	23514	-20	NA
SPIN1	10927	-6	NA
SPIN2A	54466	-14	NA
SPIN2B	474343	-72	NA
SPIN3	169981	-9	NA
SPIN4	139886	7	NA
SPINDOC	144097	-13	NA
SPINK1	6690	110	NA
SPINK13	153218	-16	NA
SPINK14	408187	-10	NA
SPINK2	6691	9	NA
SPINK4	27290	-21	NA
SPINK5	11005	-44	NA
SPINK6	404203	6	NA
SPINK7	84651	3	NA
SPINK8	646424	-10	NA
SPINK9	643394	-23	NA
SPINT1	6692	64	NA
SPINT2	10653	27	NA
SPINT3	10816	7	NA
SPINT4	391253	9	NA
SPIRE1	56907	-43	NA
SPIRE2	84501	-19	NA
SPN	6693	36	NA
SPNS1	83985	-36	NA
SPNS3	201305	78	NA
SPO11	23626	-2	NA
SPOCD1	90853	-28	NA
SPOCK1	6695	94	NA
SPOCK2	9806	42	NA
SPOCK3	50859	-14	NA
SPON1	10418	12	NA
SPON2	10417	39	NA
SPOP	8405	-8	NA
SPOPL	339745	50	NA
SPOUT1	51490	-168	NA
SPP1	6696	-54	NA
SPP2	6694	-14	NA
SPPL2A	84888	-71	NA
SPPL2B	56928	5	NA
SPPL2C	162540	11	NA
SPPL3	121665	-27	NA
SPR	6697	-123	NA
SPRED1	161742	11	NA
SPRED2	200734	-4	NA
SPRED3	399473	6	NA
SPRN	503542	-4	NA
SPRR1A	6698	20	NA
SPRR1B	6699	30	NA
SPRR2A	6700	12	NA
SPRR2B	6701	3	NA
SPRR2D	6703	30	NA
SPRR2E	6704	9	NA
SPRR2F	6705	13	NA
SPRR2G	6706	-2	NA
SPRR3	6707	21	NA
SPRR4	163778	7	NA
SPRR5	110806278	10	NA
SPRTN	83932	-173	NA
SPRY1	10252	229	NA
SPRY2	10253	-2	NA
SPRY3	10251	41	NA
SPRY4	81848	-9	NA
SPRYD3	84926	-31	NA
SPRYD4	283377	-115	NA
SPRYD7	57213	-13	NA
SPSB1	80176	42	NA
SPSB2	84727	-176	NA
SPSB3	90864	64	NA
SPSB4	92369	-54	NA
SPTA1	6708	-11	NA
SPTAN1	6709	41	NA
SPTB	6710	62	NA
SPTBN1	6711	17	NA
SPTBN2	6712	-65	NA
SPTBN4	57731	56	NA
SPTBN5	51332	3	NA
SPTLC1	10558	1	NA
SPTLC2	9517	6	NA
SPTLC3	55304	-4	NA
SPTSSA	171546	14	NA
SPTSSB	165679	-8	NA
SPTY2D1	144108	9	NA
SPTY2D1OS		-23	NA
SPX	80763	49	NA
SPZ1	84654	-10	NA
SQLE	6713	3	NA
SQOR	58472	-48	NA
SQSTM1	8878	-10	NA
SRA1	10011	-95	NA
SRARP	149563	16	NA
SRBD1	55133	-66	NA
SRC	6714	-40	NA
SRCAP	10847	-40	NA
SRCIN1	80725	41	NA
SRD5A1	6715	-20	NA
SRD5A2	6716	9	NA
SRD5A3	79644	31	NA
SREBF1	6720	-39	NA
SREBF2	6721	43	NA
SREK1	140890	18	NA
SREK1IP1	285672	-23	NA
SRF	6722	-60	NA
SRFBP1	153443	-114	NA
SRGAP1	57522	-13	NA
SRGAP2	23380	2	NA
SRGAP2B	647135	27	NA
SRGAP2C	653464	-1	NA
SRGAP3	9901	11	NA
SRGN	5552	-37	NA
SRI	6717	-9	NA
SRL	6345	-1	NA
SRM	6723	-185	NA
SRMS	6725	73	NA
SRP14	6727	-22	NA
SRP19	6728	-130	NA
SRP54	6729	-27	NA
SRP68	6730	-19	NA
SRP72	6731	-39	NA
SRP9	6726	-21	NA
SRPK1	6732	-111	NA
SRPK2	6733	-15	NA
SRPK3	26576	38	NA
SRPRA	6734	-70	NA
SRPRB	58477	-143	NA
SRPX	8406	98	NA
SRPX2	27286	31	NA
SRR	63826	-87	NA
SRRD	402055	-74	NA
SRRM1	10250	-17	NA
SRRM2	23524	42	NA
SRRM3	222183	64	NA
SRRM4	84530	2	NA
SRRM5	100170229	21	NA
SRRT	51593	-65	NA
SRSF1	6426	-128	NA
SRSF10	10772	-86	NA
SRSF11	9295	0	NA
SRSF12	135295	-8	NA
SRSF2	6427	-158	NA
SRSF3	6428	-100	NA
SRSF4	6429	4	NA
SRSF5	6430	-58	NA
SRSF6	6431	-87	NA
SRSF7	6432	-144	NA
SRSF8	10929	-95	NA
SRSF9	8683	21	NA
SRXN1	140809	-113	NA
SRY	6736	-12	NA
SS18	6760	1	NA
SS18L1	26039	6	NA
SS18L2	51188	-91	NA
SSB	6741	-91	NA
SSBP1	6742	-93	NA
SSBP2	23635	77	NA
SSBP3	23648	-4	NA
SSBP4	170463	-43	NA
SSC4D	136853	11	NA
SSC5D	284297	50	NA
SSH1	54434	36	NA
SSH2	85464	7	NA
SSH3	54961	-51	NA
SSMEM1	136263	-2	NA
SSNA1	8636	-65	NA
SSPN	8082	27	NA
SSPO		42	NA
SSR1	6745	-16	NA
SSR2	6746	5	NA
SSR3	6747	-26	NA
SSR4	6748	4	NA
SSRP1	6749	-48	NA
SSSCA1		-85	NA
SST	6750	14	NA
SSTR1	6751	-23	NA
SSTR2	6752	18	NA
SSTR3	6753	13	NA
SSTR4	6754	-13	NA
SSTR5	6755	-50	NA
SSU72	29101	-50	NA
SSU72P2		-3	NA
SSU72P3		5	NA
SSU72P4		2	NA
SSU72P5		8	NA
SSU72P7		-6	NA
SSU72P8		-5	NA
SSUH2	51066	49	NA
SSX1	6756	-38	NA
SSX2	6757	-12	NA
SSX2B	727837	25	NA
SSX2IP	117178	-89	NA
SSX3	10214	-16	NA
SSX4	6759	-33	NA
SSX5	6758	1	NA
SSX7	280658	-19	NA
ST13	6767	9	NA
ST14	6768	23	NA
ST18	9705	-37	NA
ST20	400410	-18	NA
ST20-MTHFS	100528021	-30	NA
ST3GAL1	6482	62	NA
ST3GAL2	6483	-49	NA
ST3GAL3	6487	6	NA
ST3GAL4	6484	-30	NA
ST3GAL5	8869	9	NA
ST3GAL6	10402	57	NA
ST5		-72	NA
ST6GAL1	6480	10	NA
ST6GAL2	84620	19	NA
ST6GALNAC1	55808	-17	NA
ST6GALNAC2	10610	11	NA
ST6GALNAC3	256435	-17	NA
ST6GALNAC4	27090	-94	NA
ST6GALNAC5	81849	-46	NA
ST6GALNAC6	30815	73	NA
ST7	7982	-67	NA
ST7L	54879	-67	NA
ST8SIA1	6489	-19	NA
ST8SIA2	8128	19	NA
ST8SIA3	51046	-1	NA
ST8SIA4	7903	10	NA
ST8SIA5	29906	22	NA
ST8SIA6	338596	105	NA
STAB1	23166	26	NA
STAB2	55576	10	NA
STAC	6769	71	NA
STAC2	342667	97	NA
STAC3	246329	-45	NA
STAG1	10274	-54	NA
STAG2	10735	27	NA
STAG3	10734	-16	NA
STAM	8027	-35	NA
STAM2	10254	-16	NA
STAMBP	10617	1	NA
STAMBPL1	57559	-24	NA
STAP1	26228	25	NA
STAP2	55620	-8	NA
STAR	6770	-33	NA
STARD10	10809	25	NA
STARD13	90627	21	NA
STARD3	10948	-6	NA
STARD3NL	83930	-34	NA
STARD4	134429	185	NA
STARD5	80765	-37	NA
STARD6	147323	-57	NA
STARD7	56910	-132	NA
STARD8	9754	-45	NA
STARD9	57519	104	NA
STAT1	6772	-119	NA
STAT2	6773	-19	NA
STAT3	6774	13	NA
STAT4	6775	-35	NA
STAT5A	6776	-83	NA
STAT5B	6777	2	NA
STAT6	6778	-3	NA
STATH	6779	-6	NA
STAU1	6780	-1	NA
STAU2	27067	-21	NA
STBD1	8987	237	NA
STC1	6781	335	NA
STC2	8614	286	NA
STEAP1	26872	-110	NA
STEAP1B	256227	-81	NA
STEAP2	261729	-32	NA
STEAP3	55240	-45	NA
STEAP4	79689	14	NA
STH	246744	35	NA
STIL	6491	-60	NA
STIM1	6786	-44	NA
STIM2	57620	-78	NA
STIMATE	375346	-46	NA
STIP1	10963	-102	NA
STK10	6793	-17	NA
STK11	6794	-23	NA
STK11IP	114790	12	NA
STK16	8576	-2	NA
STK17A	9263	2	NA
STK17B	9262	55	NA
STK19		-9	NA
STK24	8428	36	NA
STK25	10494	-12	NA
STK26	51765	-61	NA
STK3	6788	-26	NA
STK31	56164	-60	NA
STK32A	202374	28	NA
STK32B	55351	46	NA
STK32C	282974	73	NA
STK33	65975	-47	NA
STK35	140901	49	NA
STK36	27148	-16	NA
STK38	11329	-33	NA
STK38L	23012	-43	NA
STK39	27347	-1	NA
STK4	6789	9	NA
STK40	83931	3	NA
STKLD1	169436	48	NA
STMN1	3925	-57	NA
STMN2	11075	21	NA
STMN3	50861	-15	NA
STMN4	81551	61	NA
STMND1	401236	1	NA
STMP1	647087	-56	NA
STN1	79991	-11	NA
STOM	2040	-20	NA
STOML1	9399	-130	NA
STOML2	30968	-86	NA
STOML3	161003	1	NA
STON1	11037	83	NA
STON1-GTF2A1L	286749	32	NA
STON2	85439	-13	NA
STOX1	219736	-108	NA
STOX2	56977	38	NA
STPG1	90529	-37	NA
STPG2	285555	12	NA
STPG3	441476	3	NA
STPG4	285051	-27	NA
STRA6	64220	38	NA
STRA8	346673	-17	NA
STRADA	92335	-77	NA
STRADB	55437	-39	NA
STRAP	11171	-94	NA
STRBP	55342	-62	NA
STRC	161497	124	NA
STRIP1	85369	-106	NA
STRIP2	57464	-75	NA
STRN	6801	24	NA
STRN3	29966	-10	NA
STRN4	29888	-32	NA
STS	412	-13	NA
STT3A	3703	22	NA
STT3B	201595	2	NA
STUB1	10273	-85	NA
STUM	375057	26	NA
STX10	8677	-48	NA
STX11	8676	-13	NA
STX12	23673	-6	NA
STX16	8675	14	NA
STX16-NPEPL1	100534593	30	NA
STX17	55014	-33	NA
STX18	53407	-79	NA
STX19	415117	0	NA
STX1A	6804	30	NA
STX1B	112755	33	NA
STX2	2054	-1	NA
STX3	6809	-37	NA
STX4	6810	4	NA
STX5	6811	-3	NA
STX6	10228	37	NA
STX7	8417	50	NA
STX8	9482	-30	NA
STXBP1	6812	54	NA
STXBP2	6813	58	NA
STXBP3	6814	1	NA
STXBP4	252983	-91	NA
STXBP5	134957	-30	NA
STXBP5L	9515	3	NA
STXBP6	29091	67	NA
STYK1	55359	17	NA
STYX	6815	-43	NA
STYXL1	51657	-13	NA
SUB1	10923	-35	NA
SUCLA2	8803	-47	NA
SUCLG1	8802	-57	NA
SUCLG2	8801	-8	NA
SUCNR1	56670	-31	NA
SUCO	51430	57	NA
SUDS3	64426	-7	NA
SUFU	51684	-15	NA
SUGCT	79783	-20	NA
SUGP2	10147	-35	NA
SUGT1	10910	-16	NA
SULF1	23213	-2	NA
SULF2	55959	-26	NA
SULT1A1	6817	-36	NA
SULT1A2	6799	-24	NA
SULT1A3	6818	8	NA
SULT1A4	445329	1	NA
SULT1B1	27284	48	NA
SULT1C2	6819	-11	NA
SULT1C3	442038	11	NA
SULT1C4	27233	24	NA
SULT1E1	6783	-8	NA
SULT2A1	6822	25	NA
SULT2B1	6820	4	NA
SULT4A1	25830	75	NA
SULT6B1	391365	2	NA
SUMF1	285362	24	NA
SUMF2	25870	-2	NA
SUMO1	7341	-33	NA
SUMO2	6613	-27	NA
SUMO3	6612	-81	NA
SUMO4	387082	93	NA
SUN1	23353	61	U2904 1% and  U2932 1%
SUN2	25777	34	NA
SUN3	256979	8	NA
SUN5	140732	7	NA
SUOX	6821	-129	NA
SUPT16H	11198	-94	NA
SUPT20H	55578	-37	NA
SUPT3H	8464	17	NA
SUPT4H1	6827	-44	NA
SUPT5H	6829	-3	NA
SUPT6H	6830	-23	NA
SUPT7L	9913	-32	NA
SUPV3L1	6832	-74	NA
SURF1	6834	-58	NA
SURF2	6835	-135	NA
SURF4	6836	-13	NA
SURF6	6838	-100	NA
SUSD1	64420	-26	NA
SUSD2	56241	1	NA
SUSD3	203328	-62	NA
SUSD4	55061	33	NA
SUSD5	26032	-27	NA
SUSD6	9766	-21	NA
SUV39H1	6839	-126	NA
SUV39H2	79723	-129	NA
SUZ12	23512	-42	NA
SV2A	9900	-31	NA
SV2B	9899	11	NA
SV2C	22987	0	NA
SVBP	374969	30	NA
SVEP1	79987	9	NA
SVIL	6840	39	NA
SVIP	258010	-101	NA
SVOP	55530	46	NA
SVOPL	136306	21	NA
SWAP70	23075	18	NA
SWI5	375757	-14	NA
SWSAP1	126074	-120	NA
SWT1	54823	83	NA
SYAP1	94056	-25	NA
SYBU	55638	-59	NA
SYCE1	93426	6	NA
SYCE1L	100130958	29	NA
SYCE2	256126	12	NA
SYCE3	644186	71	NA
SYCN	342898	-5	NA
SYCP1	6847	2	NA
SYCP2	10388	-30	NA
SYCP2L	221711	11	NA
SYCP3	50511	24	NA
SYDE1	85360	180	NA
SYDE2	84144	-11	NA
SYF2	25949	40	NA
SYK	6850	-15	NA
SYMPK	8189	-7	NA
SYN1	6853	11	NA
SYN2	6854	54	NA
SYN3	8224	9	NA
SYNC	81493	-51	NA
SYNCRIP	10492	-65	NA
SYNDIG1	79953	2	NA
SYNDIG1L	646658	99	NA
SYNE1	23345	26	NA
SYNE2	23224	-17	NA
SYNE3	161176	22	NA
SYNE4	163183	-8	NA
SYNGAP1	8831	63	NA
SYNGR1	9145	19	NA
SYNGR2	9144	-105	NA
SYNGR3	9143	110	NA
SYNGR4	23546	14	NA
SYNJ1	8867	-66	NA
SYNJ2	8871	-5	NA
SYNJ2BP	55333	-39	NA
SYNJ2BP-COX16	100529257	-58	NA
SYNM	23336	-2	NA
SYNPO	11346	112	NA
SYNPO2	171024	14	NA
SYNPO2L	79933	18	NA
SYNPR	132204	-20	NA
SYNRG	11276	-4	NA
SYP	6855	7	NA
SYPL1	6856	-26	NA
SYPL2	284612	-93	NA
SYS1	90196	2	NA
SYS1-DBNDD2	767557	12	NA
SYT1	6857	1	NA
SYT10	341359	-50	NA
SYT11	23208	78	NA
SYT12	91683	31	NA
SYT13	57586	-51	NA
SYT14	255928	-41	NA
SYT15	83849	9	NA
SYT16	83851	26	NA
SYT17	51760	113	NA
SYT2	127833	4	NA
SYT3	84258	-17	NA
SYT4	6860	14	NA
SYT5	6861	41	NA
SYT6	148281	14	NA
SYT7	9066	111	NA
SYT8	90019	62	NA
SYT9	143425	-7	NA
SYTL1	84958	-6	NA
SYTL2	54843	185	NA
SYTL3	94120	127	NA
SYTL4	94121	-49	NA
SYTL5	94122	-1	NA
SYVN1	84447	59	NA
SZRD1	26099	-23	NA
SZT2	23334	-5	NA
TAAR1	134864	-8	NA
TAAR2	9287	0	NA
TAAR5	9038	-1	NA
TAAR6	319100	2	NA
TAAR8	83551	1	NA
TAAR9	134860	0	NA
TAB1	10454	-42	NA
TAB2	23118	52	NA
TAB3	257397	20	NA
TAC1	6863	-7	NA
TAC3	6866	23	NA
TAC4	255061	12	NA
TACC1	6867	-44	NA
TACC2	10579	-79	NA
TACC3	10460	-93	NA
TACO1	51204	-152	NA
TACR1	6869	8	NA
TACR2	6865	20	NA
TACR3	6870	-6	NA
TACSTD2	4070	17	NA
TADA1	117143	-37	NA
TADA2A	6871	-73	NA
TADA2B	93624	-36	NA
TADA3	10474	9	NA
TAF1	6872	-21	NA
TAF10	6881	-56	NA
TAF11	6882	-40	NA
TAF11L11	112488746	13	NA
TAF11L12	112488739	-9	NA
TAF11L13	112488747	-8	NA
TAF11L14	112488740	-10	NA
TAF11L2	391742	0	NA
TAF11L3	646103	2	NA
TAF11L4	391746	-2	NA
TAF11L5	646066	-2	NA
TAF11L6	391747	1	NA
TAF11L7	112488736	-15	NA
TAF11L8	112488737	-4	NA
TAF11L9	112488745	-1	NA
TAF12	6883	-75	NA
TAF13	6884	-88	NA
TAF15	8148	-70	NA
TAF1A	9015	-95	NA
TAF1B	9014	-69	NA
TAF1C	9013	-65	NA
TAF1D	79101	17	NA
TAF1L	138474	51	NA
TAF2	6873	-68	NA
TAF3	83860	-36	NA
TAF4	6874	-70	NA
TAF4B	6875	-58	NA
TAF5	6877	-64	NA
TAF5L	27097	-72	NA
TAF6	6878	-47	NA
TAF6L	10629	-141	NA
TAF7	6879	-23	NA
TAF7L	54457	-109	NA
TAF8	129685	-20	NA
TAF9	6880	-59	NA
TAF9B	51616	-230	NA
TAGAP	117289	3	NA
TAGLN	6876	30	NA
TAGLN2	8407	19	NA
TAGLN3	29114	12	NA
TAL1	6886	-1	NA
TAL2	6887	-20	NA
TALDO1	6888	-84	NA
TAMM41	132001	-99	NA
TANC1	85461	-34	NA
TANC2	26115	129	NA
TANGO2	128989	-103	NA
TANGO6	79613	-153	NA
TANK	10010	-14	NA
TAOK1	57551	42	NA
TAOK2	9344	-85	NA
TAOK3	51347	-38	NA
TAP1	6890	-61	U2904 1% and  U2932 1%
TAP2	6891	-213	NA
TAPBP	6892	14	NA
TAPBPL	55080	-32	NA
TAPT1	202018	-37	NA
TARBP1	6894	-73	NA
TARBP2	6895	-108	NA
TARDBP	23435	-66	NA
TARM1	441864	48	NA
TARS		-61	NA
TARS2	80222	-59	NA
TARSL2		36	NA
TAS1R1	80835	15	NA
TAS1R2	80834	0	NA
TAS1R3	83756	6	NA
TAS2R1	50834	-3	NA
TAS2R10	50839	8	NA
TAS2R13	50838	-26	NA
TAS2R14	50840	-72	NA
TAS2R16	50833	-1	NA
TAS2R19	259294	33	NA
TAS2R20	259295	82	NA
TAS2R3	50831	71	NA
TAS2R30	259293	49	NA
TAS2R31	259290	66	NA
TAS2R38	5726	3	NA
TAS2R39	259285	-1	NA
TAS2R4	50832	38	NA
TAS2R40	259286	-5	NA
TAS2R41	259287	-4	NA
TAS2R42	353164	-2	NA
TAS2R43	259289	1	NA
TAS2R46	259292	24	NA
TAS2R5	54429	87	NA
TAS2R50	259296	-10	NA
TAS2R60	338398	1	NA
TAS2R7	50837	10	NA
TAS2R8	50836	-3	NA
TAS2R9	50835	9	NA
TASOR	23272	-39	NA
TASOR2	54906	-117	NA
TASP1	55617	-48	NA
TAT	6898	26	NA
TATDN1	83940	-55	NA
TATDN2	9797	-57	NA
TATDN3	128387	-89	NA
TAX1BP1	8887	46	NA
TAX1BP3	30851	-13	NA
TAZ		-3	NA
TBATA	219793	-8	NA
TBC1D1	23216	-41	NA
TBC1D10A	83874	62	NA
TBC1D10B	26000	-43	NA
TBC1D10C	374403	3	NA
TBC1D12	23232	45	NA
TBC1D13	54662	-79	NA
TBC1D14	57533	-54	NA
TBC1D15	64786	7	NA
TBC1D16	125058	-31	NA
TBC1D17	79735	73	NA
TBC1D19	55296	38	NA
TBC1D2	55357	-21	NA
TBC1D20	128637	41	NA
TBC1D21	161514	10	NA
TBC1D22A	25771	95	NA
TBC1D22B	55633	-7	NA
TBC1D23	55773	36	NA
TBC1D24	57465	-81	NA
TBC1D25	4943	9	NA
TBC1D26	353149	38	NA
TBC1D28	254272	14	NA
TBC1D2B	23102	7	NA
TBC1D3	729873	14	NA
TBC1D30	23329	-143	NA
TBC1D31	93594	-80	NA
TBC1D32	221322	47	NA
TBC1D3B	414059	187	NA
TBC1D3C	414060	52	NA
TBC1D3D	101060389	79	NA
TBC1D3E	102723859	24	NA
TBC1D3F	84218	31	NA
TBC1D3G	101060321	15	NA
TBC1D3H	729877	11	NA
TBC1D3I	102724862	99	NA
TBC1D3K	101060351	16	NA
TBC1D3L	101060376	193	NA
TBC1D4	9882	-9	NA
TBC1D5	9779	8	NA
TBC1D7	51256	-90	NA
TBC1D8	11138	42	NA
TBC1D8B	54885	28	NA
TBC1D9	23158	-8	NA
TBC1D9B	23061	129	NA
TBCA	6902	-31	NA
TBCB	1155	-50	NA
TBCC	6903	-83	NA
TBCCD1	55171	-93	NA
TBCD	6904	-66	NA
TBCE	6905	-69	NA
TBCEL	219899	5	NA
TBCK	93627	1	NA
TBK1	29110	-22	NA
TBKBP1	9755	55	NA
TBL1X	6907	-10	NA
TBL1XR1	79718	26	NA
TBL1Y	90665	-4	NA
TBL2	26608	-3	NA
TBL3	10607	-152	NA
TBP	6908	-67	NA
TBPL1	9519	-46	NA
TBPL2	387332	11	NA
TBR1	10716	-26	NA
TBRG1	84897	-7	NA
TBRG4		-75	NA
TBX1	6899	39	NA
TBX10	347853	-1	NA
TBX15	6913	-9	NA
TBX18	9096	-24	NA
TBX19	9095	94	NA
TBX2	6909	-58	NA
TBX20	57057	-9	NA
TBX21	30009	51	NA
TBX22	50945	1	NA
TBX3	6926	-8	NA
TBX4	9496	14	NA
TBX5	6910	49	NA
TBX6	6911	101	NA
TBXA2R	6915	43	NA
TBXAS1	6916	-49	NA
TBXT	6862	6	NA
TC2N	123036	77	NA
TCAF1	9747	5	NA
TCAF2	285966	326	NA
TCAF2C	100533814	175	NA
TCAIM	285343	9	NA
TCAP	8557	98	NA
TCEA1	6917	-18	NA
TCEA2	6919	7	NA
TCEA3	6920	115	NA
TCEAL1	9338	-14	NA
TCEAL2	140597	40	NA
TCEAL3	85012	47	NA
TCEAL4	79921	-2	NA
TCEAL5	340543	19	NA
TCEAL6	158931	10	NA
TCEAL7	56849	52	NA
TCEAL8	90843	10	NA
TCEAL9	51186	54	NA
TCEANC	170082	1	NA
TCEANC2	127428	-51	NA
TCERG1	10915	-56	NA
TCERG1L	256536	1	NA
TCF12	6938	-5	NA
TCF15	6939	64	NA
TCF19	6941	-68	NA
TCF20	6942	-12	NA
TCF21	6943	-31	NA
TCF23	150921	32	NA
TCF24	100129654	-42	NA
TCF25	22980	-29	NA
TCF3	6929	-21	NA
TCF4	6925	-16	NA
TCF7	6932	-127	NA
TCF7L1	83439	140	NA
TCF7L2	6934	-14	NA
TCFL5	10732	16	NA
TCHH	7062	9	NA
TCHHL1	126637	-7	NA
TCHP	84260	-146	NA
TCIM	56892	19	NA
TCIRG1	10312	-21	NA
TCL1B	9623	3	NA
TCN1	6947	-15	NA
TCN2	6948	-14	NA
TCOF1	6949	-109	NA
TCP1	6950	-76	NA
TCP10		13	NA
TCP10L	140290	14	NA
TCP10L2	401285	9	NA
TCP11	6954	47	NA
TCP11L1	55346	63	NA
TCP11L2	255394	264	NA
TCP11X1	100996631	20	NA
TCP11X2	100996648	3	NA
TCTA	6988	-52	NA
TCTE1		33	NA
TCTE3		-5	NA
TCTEX1D1		44	NA
TCTEX1D2		-83	NA
TCTEX1D4		-12	NA
TCTN1	79600	6	NA
TCTN2	79867	51	NA
TCTN3	26123	-78	NA
TDG	6996	-104	NA
TDGF1		19	NA
TDO2	6999	-60	NA
TDP1	55775	-27	NA
TDP2	51567	-66	NA
TDRD1	56165	-30	NA
TDRD10	126668	4	NA
TDRD15	100129278	-10	NA
TDRD3	81550	-13	NA
TDRD5	163589	-7	NA
TDRD6	221400	-9	NA
TDRD7	23424	-13	NA
TDRD9	122402	12	NA
TDRKH	11022	-58	NA
TDRP	157695	2	NA
TEAD1	7003	5	NA
TEAD2	8463	-65	NA
TEAD3	7005	-31	NA
TEAD4	7004	-102	NA
TEC	100124696	123	NA
TECPR1	25851	-62	NA
TECPR2	9895	-93	NA
TECR	9524	-28	NA
TECRL	253017	-14	NA
TECTA	7007	2	NA
TECTB	6975	-19	NA
TEDC1	283643	-98	NA
TEDC2	80178	-183	NA
TEDDM1	127670	28	NA
TEF	7008	77	NA
TEFM	79736	-95	NA
TEK	7010	74	NA
TEKT1	83659	11	NA
TEKT2	27285	48	NA
TEKT3	64518	62	NA
TEKT4	150483	58	NA
TEKT5	146279	12	NA
TELO2	9894	-179	NA
TEN1	100134934	-2	NA
TEN1-CDK3	100529145	-7	NA
TENM1	10178	22	NA
TENM2	57451	70	NA
TENM3	55714	-20	NA
TENM4	26011	7	NA
TENT2	167153	-24	NA
TENT4A	11044	110	NA
TENT4B	64282	-3	NA
TENT5A	55603	65	NA
TENT5B	115572	-95	NA
TENT5C	54855	76	NA
TENT5D	169966	-3	NA
TEP1	7011	38	NA
TEPP		26	NA
TEPSIN	146705	-28	NA
TERB1	283847	50	NA
TERB2	145645	19	NA
TERF1	7013	-64	NA
TERF2	7014	-72	NA
TERF2IP	54386	10	NA
TERT	7015	-25	NA
TES	26136	143	NA
TESC	54997	-31	NA
TESK1	7016	21	NA
TESK2	10420	114	NA
TESMIN	9633	30	NA
TESPA1	9840	85	NA
TET1	80312	178	NA
TET2	54790	111	NA
TET3	200424	0	NA
TEX10	54881	-80	NA
TEX101	83639	14	NA
TEX11	56159	5	NA
TEX12	56158	-40	NA
TEX13A	56157	1	NA
TEX13B	56156	-16	NA
TEX13C	100129520	15	NA
TEX13D	100132015	-8	NA
TEX14	56155	-37	NA
TEX15	56154	-64	NA
TEX19	400629	-10	NA
TEX2	55852	-89	NA
TEX22	647310	-22	NA
TEX26	122046	-10	NA
TEX261	113419	-85	NA
TEX264	51368	-24	NA
TEX28	1527	19	NA
TEX29	121793	86	NA
TEX30	93081	-90	NA
TEX33		-5	NA
TEX35	84066	-32	NA
TEX36	387718	-10	NA
TEX37		-11	NA
TEX38	374973	-15	NA
TEX43		18	NA
TEX44	165100	7	NA
TEX45		13	NA
TEX46	729059	59	NA
TEX47	219557	10	NA
TEX48	100505478	-26	NA
TEX49		-12	NA
TEX50	730159	4	NA
TEX51	101929926	-2	NA
TEX52	101929469	15	NA
TEX53	105376230	-1	NA
TEX54	111216277	-3	NA
TEX55	152405	2	NA
TEX9	374618	-36	NA
TF	7018	62	NA
TFAM	7019	-119	NA
TFAP2A	7020	14	NA
TFAP2B	7021	-21	NA
TFAP2C	7022	-22	NA
TFAP2D	83741	4	NA
TFAP2E	339488	-39	NA
TFAP4	7023	-69	NA
TFB1M	51106	9	NA
TFB2M	64216	-150	NA
TFCP2	7024	-105	NA
TFCP2L1	29842	-29	NA
TFDP1	7027	-82	NA
TFDP2	7029	-33	NA
TFDP3	51270	34	NA
TFE3	7030	51	NA
TFEB	7942	45	NA
TFEC	22797	-34	NA
TFF1	7031	39	NA
TFF2	7032	14	NA
TFF3	7033	67	NA
TFG	10342	19	NA
TFIP11	24144	-76	NA
TFPI	7035	47	NA
TFPI2	7980	-53	NA
TFPT	29844	-41	NA
TFR2	7036	113	NA
TFRC	7037	-36	NA
TG	7038	99	NA
TGDS	23483	22	NA
TGFA	7039	111	NA
TGFB1I1	7041	29	NA
TGFB2	7042	-12	NA
TGFB3	7043	-44	NA
TGFBI	7045	164	NA
TGFBR1	7046	79	NA
TGFBR2	7048	-15	NA
TGFBR3	7049	34	NA
TGFBR3L	100507588	12	NA
TGFBRAP1	9392	-117	NA
TGIF1	7050	46	NA
TGIF2	60436	23	NA
TGIF2-RAB5IF	100527943	-14	NA
TGIF2LX	90316	-13	NA
TGIF2LY	90655	-1	NA
TGM1	7051	34	NA
TGM2	7052	36	NA
TGM3	7053	-33	NA
TGM4	7047	5	NA
TGM5	9333	62	NA
TGM6	343641	3	NA
TGM7	116179	21	NA
TGOLN2	10618	-14	NA
TGS1	96764	-121	NA
TH	7054	126	NA
THADA	63892	-107	NA
THAP1	55145	21	NA
THAP10	56906	-92	NA
THAP11	57215	-43	NA
THAP12	5612	-89	NA
THAP2	83591	7	NA
THAP3	90326	5	NA
THAP4	51078	-76	NA
THAP5	168451	-48	NA
THAP6	152815	-43	NA
THAP7	80764	-104	NA
THAP8	199745	217	NA
THAP9	79725	21	NA
THBD	7056	-32	NA
THBS1	7057	-25	NA
THBS2	7058	52	NA
THBS3	7059	69	NA
THBS4	7060	16	NA
THEG		28	NA
THEGL		-22	NA
THEM4	117145	-144	NA
THEM5	284486	0	NA
THEM6	51337	-100	NA
THEMIS	387357	17	NA
THEMIS2	9473	44	NA
THG1L	54974	-35	NA
THNSL1	79896	-10	NA
THNSL2	55258	-19	NA
THOC1	9984	-46	NA
THOC2	57187	-18	NA
THOC3	84321	-30	NA
THOC5	8563	-82	NA
THOC6	79228	11	NA
THOC7	80145	-49	NA
THOP1	7064	-99	NA
THPO	7066	27	NA
THRA	7067	-23	NA
THRAP3	9967	-65	NA
THRB	7068	38	NA
THRSP	7069	2	NA
THSD1	55901	-105	NA
THSD4	79875	27	NA
THSD7A	221981	-26	NA
THSD7B	80731	-17	NA
THSD8	111644133	-98	NA
THTPA	79178	-117	NA
THUMPD1	55623	-32	NA
THUMPD2	80745	-56	NA
THUMPD3	25917	-22	NA
THY1	7070	-27	NA
THYN1	29087	-67	NA
TIA1	7072	2	NA
TIAF1		59	NA
TIAL1	7073	8	NA
TIAM1	7074	2	NA
TIAM2	26230	11	NA
TICAM2	353376	28	NA
TICRR	90381	33	NA
TIE1	7075	23	NA
TIFA	92610	-16	NA
TIFAB	497189	-3	NA
TIGAR	57103	-144	NA
TIGD1	200765	-39	NA
TIGD2	166815	-111	NA
TIGD3	220359	-24	NA
TIGD4	201798	-71	NA
TIGD5	84948	-87	NA
TIGD6	81789	-48	NA
TIGD7	91151	26	NA
TIGIT	201633	11	NA
TIMD4	91937	17	NA
TIMELESS	8914	-124	NA
TIMM10	26519	-172	NA
TIMM10B	26515	-94	NA
TIMM13	26517	-113	NA
TIMM17A	10440	-147	NA
TIMM17B	10245	-48	NA
TIMM21	29090	-53	NA
TIMM22	29928	-125	NA
TIMM23	100287932	-156	NA
TIMM23B	100652748	-147	NA
TIMM29	90580	-56	NA
TIMM44	10469	-105	NA
TIMM50	92609	-161	NA
TIMM8A	1678	-178	NA
TIMM8B	26521	-140	NA
TIMM9	26520	-52	NA
TIMMDC1	51300	-78	NA
TIMP1	7076	32	NA
TIMP2	7077	33	NA
TIMP3	7078	75	NA
TIMP4	7079	3	NA
TINAG	27283	-28	NA
TINAGL1	64129	8	NA
TINCR	257000	58	NA
TINF2	26277	-23	NA
TIPARP	25976	120	NA
TIPIN	54962	-207	NA
TIPRL	261726	-44	NA
TIRAP	114609	-65	NA
TJAP1	93643	-27	NA
TJP1	7082	-59	NA
TJP2	9414	-34	NA
TJP3	27134	23	NA
TK1	7083	-16	NA
TK2	7084	-87	NA
TKFC	26007	-72	NA
TKT	7086	-39	NA
TKTL1	8277	25	NA
TKTL2	84076	-27	NA
TLCD1	116238	-128	NA
TLCD2	727910	14	NA
TLDC2	140711	-9	NA
TLE1	7088	68	NA
TLE2	7089	54	NA
TLE3	7090	41	NA
TLE4	7091	-20	NA
TLE6	79816	180	NA
TLE7	102723796	-6	NA
TLK1	9874	-13	NA
TLK2	11011	-8	NA
TLL1	7092	-4	NA
TLL2	7093	-10	NA
TLN1	7094	19	NA
TLN2	83660	-59	NA
TLNRD1	59274	-55	NA
TLR1	7096	-45	NA
TLR10	81793	-1	NA
TLR2	7097	31	NA
TLR3	7098	-61	NA
TLR4	7099	-35	NA
TLR5	7100	-41	NA
TLR6	10333	-1	NA
TLR7	51284	10	NA
TLR8	51311	-7	NA
TLR9	54106	68	NA
TLX1	3195	-10	NA
TLX2	3196	12	NA
TLX3	30012	-47	NA
TM2D1	83941	11	NA
TM2D2	83877	-21	NA
TM2D3	80213	-14	NA
TM4SF1	4071	38	NA
TM4SF18	116441	-61	NA
TM4SF19	116211	103	NA
TM4SF19-TCTEX1D2		28	NA
TM4SF20	79853	-1	NA
TM4SF4	7104	-46	NA
TM4SF5	9032	2	NA
TM6SF1	53346	-12	NA
TM6SF2	53345	22	NA
TM7SF2	7108	-64	NA
TM7SF3	51768	-74	NA
TM9SF1	10548	-30	NA
TM9SF2	9375	-33	NA
TM9SF3	56889	-10	NA
TM9SF4	9777	23	NA
TMA16	55319	-114	NA
TMA7	51372	-68	NA
TMBIM1	64114	63	NA
TMBIM4	51643	-87	NA
TMBIM6	7009	21	NA
TMC1	117531	50	NA
TMC2	117532	34	NA
TMC3	342125	-9	NA
TMC4	147798	51	NA
TMC5	79838	-37	NA
TMC6	11322	-24	NA
TMC7	79905	-34	NA
TMC8	147138	52	NA
TMCC1	23023	100	NA
TMCC2	9911	-3	NA
TMCC3	57458	10	NA
TMCO1	54499	-49	NA
TMCO2	127391	38	NA
TMCO3		78	NA
TMCO4	255104	-74	NA
TMCO5A	145942	-5	NA
TMCO6	55374	-104	NA
TMED1	11018	3	NA
TMED10	10972	15	NA
TMED2	10959	-22	NA
TMED3	23423	-13	NA
TMED4	222068	-1	NA
TMED5	50999	-23	NA
TMED6	146456	-27	NA
TMED7	51014	33	NA
TMED7-TICAM2	100302736	102	NA
TMED8	283578	-15	NA
TMED9	54732	22	NA
TMEFF1	8577	26	NA
TMEFF2	23671	-26	NA
TMEM100	55273	-5	NA
TMEM101	84336	5	NA
TMEM102	284114	16	NA
TMEM104		-159	NA
TMEM106A	113277	-16	NA
TMEM106B	54664	-44	NA
TMEM106C	79022	-67	NA
TMEM107	84314	109	NA
TMEM108	66000	-8	NA
TMEM109	79073	-119	NA
TMEM11	8834	-51	NA
TMEM110-MUSTN1		-90	NA
TMEM114	283953	23	NA
TMEM115	11070	-63	NA
TMEM116	89894	5	NA
TMEM117	84216	-108	NA
TMEM119	338773	19	NA
TMEM120A	83862	-16	NA
TMEM120B	144404	-101	NA
TMEM121	80757	-15	NA
TMEM121B	27439	21	NA
TMEM123	114908	113	NA
TMEM125	128218	50	NA
TMEM126A	84233	-91	NA
TMEM126B	55863	-122	NA
TMEM127	55654	-44	NA
TMEM128	85013	-64	NA
TMEM129	92305	-62	NA
TMEM130	222865	3	NA
TMEM131	23505	8	NA
TMEM131L	23240	-90	NA
TMEM132A	54972	11	NA
TMEM132B	114795	60	NA
TMEM132C	92293	-4	NA
TMEM132D	121256	-14	NA
TMEM132E	124842	18	NA
TMEM134	80194	84	NA
TMEM135	65084	-35	NA
TMEM136		19	NA
TMEM138	51524	-209	NA
TMEM139	135932	5	NA
TMEM140	55281	-63	NA
TMEM141	85014	0	NA
TMEM143	55260	51	NA
TMEM144	55314	40	NA
TMEM145	284339	110	NA
TMEM147	10430	-109	NA
TMEM14A	28978	-22	NA
TMEM14B	81853	-30	NA
TMEM14C	51522	-12	NA
TMEM150A	129303	-128	NA
TMEM150B	284417	-6	NA
TMEM150C	441027	-28	NA
TMEM151A	256472	-6	NA
TMEM151B	441151	-2	NA
TMEM154	201799	-36	NA
TMEM155		-6	NA
TMEM156	80008	-16	NA
TMEM158	25907	194	NA
TMEM159		89	NA
TMEM160	54958	-106	NA
TMEM161A	54929	-46	NA
TMEM161B	153396	2	NA
TMEM163	81615	-41	NA
TMEM164	84187	-33	NA
TMEM165	55858	-25	NA
TMEM167A	153339	-58	NA
TMEM167B	56900	18	NA
TMEM168	64418	-87	NA
TMEM169	92691	-27	NA
TMEM17	200728	-39	NA
TMEM170A	124491	19	NA
TMEM170B	100113407	1	NA
TMEM171	134285	-81	NA
TMEM173		36	NA
TMEM174	134288	3	NA
TMEM175	84286	-66	NA
TMEM176A	55365	-21	NA
TMEM176B	28959	30	NA
TMEM177	80775	-188	NA
TMEM178A	130733	83	NA
TMEM178B	100507421	17	NA
TMEM179	388021	-10	NA
TMEM179B	374395	-33	NA
TMEM18	129787	16	NA
TMEM181	57583	-70	NA
TMEM182	130827	-28	NA
TMEM183A	92703	-56	NA
TMEM184A	202915	106	NA
TMEM184B	25829	22	NA
TMEM184C	55751	-23	NA
TMEM185A	84548	1	NA
TMEM185B	79134	-92	NA
TMEM186	25880	-73	NA
TMEM187	8269	-2	NA
TMEM189		78	NA
TMEM189-UBE2V1		4	NA
TMEM19		-111	NA
TMEM190	147744	42	NA
TMEM191B	728229	98	NA
TMEM191C	645426	73	NA
TMEM192	201931	-116	NA
TMEM196	256130	-7	NA
TMEM198	130612	-4	NA
TMEM199		-113	NA
TMEM200A	114801	-12	NA
TMEM200B	399474	44	NA
TMEM200C	645369	6	NA
TMEM201	199953	-186	NA
TMEM202	338949	8	NA
TMEM203	94107	-110	NA
TMEM204	79652	20	NA
TMEM205	374882	-45	NA
TMEM206		-110	NA
TMEM207	131920	5	NA
TMEM208	29100	-75	NA
TMEM209	84928	-86	NA
TMEM210	100505993	35	NA
TMEM211		5	NA
TMEM212	389177	2	NA
TMEM213	155006	27	NA
TMEM214	54867	24	NA
TMEM215	401498	-2	NA
TMEM216	51259	-112	NA
TMEM217	221468	-34	NA
TMEM218	219854	-82	NA
TMEM219	124446	25	NA
TMEM220	388335	-45	NA
TMEM221	100130519	3	NA
TMEM222	84065	-75	U2904 1% and  U2932 1%
TMEM225	338661	-1	NA
TMEM225B	100289187	69	NA
TMEM229A	730130	-41	NA
TMEM229B	161145	-77	NA
TMEM230	29058	-19	NA
TMEM231	79583	-44	NA
TMEM232	642987	3	NA
TMEM233	387890	21	NA
TMEM234	56063	14	NA
TMEM235	283999	28	NA
TMEM236	653567	22	NA
TMEM237	65062	-77	NA
TMEM238	388564	16	NA
TMEM238L	100289255	-7	NA
TMEM239	100288797	15	NA
TMEM240	339453	63	NA
TMEM241		-104	NA
TMEM242	729515	-33	NA
TMEM243	79161	-12	NA
TMEM244	253582	-6	NA
TMEM245	23731	9	NA
TMEM246		19	NA
TMEM247	388946	-1	NA
TMEM248	55069	0	NA
TMEM249		-9	NA
TMEM25	84866	21	NA
TMEM250	90120	-62	NA
TMEM251		-61	NA
TMEM252	169693	-4	NA
TMEM253	643382	-23	NA
TMEM254	80195	2	NA
TMEM255A	55026	41	NA
TMEM255B	348013	65	NA
TMEM256	254863	12	NA
TMEM256-PLSCR3	100529211	12	NA
TMEM258	746	28	NA
TMEM259	91304	-7	NA
TMEM26	219623	-47	NA
TMEM260	54916	36	NA
TMEM262		-2	NA
TMEM263	90488	110	NA
TMEM265	100862671	160	NA
TMEM266	123591	70	NA
TMEM267	64417	-136	NA
TMEM268	203197	-51	NA
TMEM269	100129924	67	NA
TMEM270	135886	-27	NA
TMEM272	283521	-6	NA
TMEM273	170371	-31	NA
TMEM275	105378696	3	NA
TMEM30A		-2	NA
TMEM30B		-29	NA
TMEM31	203562	47	NA
TMEM33	55161	-133	NA
TMEM35A	59353	-36	NA
TMEM35B	100506144	-33	NA
TMEM37	140738	-113	NA
TMEM38A	79041	23	NA
TMEM38B	55151	-103	NA
TMEM39A	55254	57	NA
TMEM39B	55116	41	NA
TMEM40	55287	27	NA
TMEM41A	90407	-11	NA
TMEM41B	440026	37	NA
TMEM42	131616	-27	NA
TMEM43	79188	9	NA
TMEM44	93109	98	NA
TMEM45A	55076	349	NA
TMEM45B	120224	26	NA
TMEM47	83604	95	NA
TMEM50A	23585	-14	NA
TMEM50B	757	-55	NA
TMEM51	55092	8	NA
TMEM52	339456	-52	NA
TMEM52B	120939	-26	NA
TMEM53	79639	-34	NA
TMEM54	113452	-18	NA
TMEM56		40	NA
TMEM56-RWDD3		-6	NA
TMEM59	9528	72	NA
TMEM60	85025	-30	NA
TMEM61	199964	100	NA
TMEM62	80021	-117	NA
TMEM63A	9725	-24	NA
TMEM63B	55362	34	NA
TMEM63C	57156	25	NA
TMEM64	169200	-26	NA
TMEM65	157378	101	NA
TMEM67	91147	25	NA
TMEM68	137695	-20	NA
TMEM69	51249	-74	NA
TMEM70	54968	-133	NA
TMEM71	137835	14	NA
TMEM72	643236	-4	NA
TMEM74	157753	-31	NA
TMEM74B	55321	267	NA
TMEM79	84283	-29	NA
TMEM80	283232	-18	NA
TMEM81	388730	97	NA
TMEM82	388595	-8	NA
TMEM86A	144110	-62	NA
TMEM86B	255043	44	NA
TMEM87A	25963	-40	NA
TMEM87B	84910	50	NA
TMEM88	92162	64	NA
TMEM88B		10	NA
TMEM89	440955	-25	NA
TMEM8A		-29	NA
TMEM8B	51754	76	NA
TMEM9	252839	48	NA
TMEM91	641649	195	NA
TMEM92	162461	70	NA
TMEM94	9772	68	NA
TMEM95	339168	32	NA
TMEM97	27346	-161	NA
TMEM98	26022	-18	NA
TMEM99		21	NA
TMEM9B	56674	-98	NA
TMF1	7110	94	NA
TMIE	259236	8	NA
TMIGD1	388364	1	NA
TMIGD2	126259	35	NA
TMIGD3	57413	-16	NA
TMLHE	55217	-17	NA
TMOD1	7111	41	NA
TMOD2	29767	-35	NA
TMOD3	29766	72	NA
TMOD4	29765	-43	NA
TMPO	7112	-119	NA
TMPPE	643853	-54	NA
TMPRSS11A	339967	-2	NA
TMPRSS11B	132724	10	NA
TMPRSS11D	9407	12	NA
TMPRSS11E	28983	33	NA
TMPRSS11F	389208	31	NA
TMPRSS12	283471	32	NA
TMPRSS13	84000	45	NA
TMPRSS15	5651	-37	NA
TMPRSS2	7113	-7	NA
TMPRSS3	64699	49	NA
TMPRSS4	56649	36	NA
TMPRSS5	80975	47	NA
TMPRSS6	164656	32	NA
TMPRSS7	344805	65	NA
TMPRSS9	360200	1	NA
TMSB10	9168	153	NA
TMSB15A	11013	-12	NA
TMSB15B	286527	-22	NA
TMSB4X	7114	29	NA
TMSB4Y	9087	-14	NA
TMTC1	83857	-5	NA
TMTC2	160335	129	NA
TMTC3	160418	-51	NA
TMTC4	84899	-69	NA
TMUB1	83590	23	NA
TMUB2	79089	23	NA
TMX1	81542	-30	NA
TMX2	51075	-125	NA
TMX2-CTNND1	100528016	-34	NA
TMX3	54495	-47	NA
TMX4	56255	-50	NA
TNC	3371	31	NA
TNF	7124	-21	NA
TNFAIP1	7126	9	NA
TNFAIP2	7127	-64	NA
TNFAIP3	7128	119	NA
TNFAIP6	7130	24	NA
TNFAIP8	25816	153	NA
TNFAIP8L1		-6	NA
TNFAIP8L2		-9	NA
TNFAIP8L3		-48	NA
TNFRSF10A	8797	-57	NA
TNFRSF10B	8795	74	NA
TNFRSF10C	8794	40	NA
TNFRSF10D	8793	207	NA
TNFRSF11A	8792	72	NA
TNFRSF11B	4982	-40	NA
TNFRSF12A	51330	-17	NA
TNFRSF13B	23495	39	NA
TNFRSF13C	115650	8	NA
TNFRSF14	8764	62	NA
TNFRSF17	608	56	NA
TNFRSF18	8784	-3	NA
TNFRSF19	55504	28	NA
TNFRSF1A	7132	-21	NA
TNFRSF1B	7133	-10	NA
TNFRSF21	27242	-51	NA
TNFRSF25	8718	65	NA
TNFRSF4	7293	-18	NA
TNFRSF6B	8771	34	NA
TNFRSF8	943	-44	NA
TNFRSF9	3604	34	NA
TNFSF10	8743	22	NA
TNFSF11	8600	-5	NA
TNFSF12	8742	40	NA
TNFSF12-TNFSF13	407977	31	NA
TNFSF13	8741	-28	NA
TNFSF13B	10673	29	NA
TNFSF14	8740	30	NA
TNFSF15	9966	70	NA
TNFSF18	8995	-55	NA
TNFSF4	7292	20	NA
TNFSF8	944	-2	NA
TNFSF9	8744	94	NA
TNIK	23043	67	NA
TNIP1	10318	275	NA
TNIP2	79155	-5	NA
TNIP3	79931	-45	NA
TNK1	8711	10	NA
TNK2	10188	16	NA
TNKS	8658	96	NA
TNKS1BP1		34	NA
TNKS2	80351	19	NA
TNMD	64102	-1	NA
TNN	63923	4	NA
TNNC1	7134	51	NA
TNNC2	7125	-18	NA
TNNI1	7135	41	NA
TNNI2	7136	76	NA
TNNI3K	51086	22	NA
TNNT1	7138	174	NA
TNNT2	7139	14	NA
TNNT3	7140	75	NA
TNP1	7141	1	NA
TNP2	7142	2	NA
TNPO1	3842	-49	NA
TNPO2	30000	-91	NA
TNPO3	23534	-38	NA
TNR	7143	-2	NA
TNRC18	84629	-21	NA
TNRC6A	27327	-75	NA
TNRC6B	23112	38	NA
TNRC6C	57690	-13	NA
TNS1	7145	142	NA
TNS2	23371	55	NA
TNS3	64759	-47	NA
TNS4	84951	-14	NA
TNXB	7148	173	NA
TOB1	10140	6	NA
TOB2	10766	3	NA
TOE1	114034	-209	NA
TOGARAM1	23116	16	NA
TOGARAM2	165186	-20	NA
TOLLIP	54472	-2	NA
TOM1	10043	22	NA
TOM1L1	10040	-31	NA
TOM1L2	146691	-31	NA
TOMM20	9804	19	NA
TOMM20L	387990	-18	NA
TOMM22	56993	-120	NA
TOMM34	10953	-69	NA
TOMM40L	84134	-183	NA
TOMM5	401505	-143	NA
TOMM6	100188893	-89	NA
TOMM7	54543	7	NA
TOMM70	9868	-78	NA
TONSL	4796	-123	NA
TOP1	7150	-58	NA
TOP1MT	116447	-47	NA
TOP2A	7153	-23	NA
TOP2B	7155	-4	NA
TOP3A	7156	-40	NA
TOP3B	8940	-18	NA
TOPAZ1	375337	10	NA
TOPBP1	11073	-42	NA
TOPORS	10210	-52	NA
TOR1A	1861	-120	NA
TOR1AIP1	26092	-29	NA
TOR1AIP2	163590	-1	NA
TOR1B	27348	-61	NA
TOR2A	27433	-52	NA
TOR3A	64222	-219	NA
TOR4A	54863	9	NA
TOX	9760	-17	NA
TOX2	84969	21	NA
TOX3	27324	14	NA
TOX4	9878	-14	NA
TP53	7157	-64	NA
TP53AIP1	63970	51	NA
TP53BP1	7158	-3	NA
TP53BP2	7159	49	NA
TP53I11	9537	32	NA
TP53I13	90313	-2	NA
TP53I3	9540	-9	NA
TP53INP1	94241	83	NA
TP53INP2	58476	126	NA
TP53RK	112858	-118	NA
TP53TG3	24150	3	NA
TP53TG3B	729355	16	NA
TP53TG3C	653550	6	NA
TP53TG3D	729264	48	NA
TP53TG3E	102724101	-15	NA
TP53TG3F	102724127	45	NA
TP53TG5	27296	-12	NA
TP63	8626	-76	NA
TP73	7161	-4	NA
TPBG	7162	123	NA
TPBGL	100507050	112	NA
TPCN1	53373	-56	NA
TPCN2	219931	-20	NA
TPD52	7163	135	NA
TPD52L1	7164	-42	NA
TPD52L2	7165	-35	NA
TPD52L3	89882	7	NA
TPGS1	91978	-63	NA
TPGS2	25941	20	NA
TPH1	7166	3	NA
TPH2	121278	-5	NA
TPI1	7167	262	NA
TPK1	27010	-190	NA
TPM1	7168	0	NA
TPM2	7169	88	NA
TPM3	7170	-54	NA
TPM4	7171	24	NA
TPMT	7172	-108	NA
TPO	7173	32	NA
TPP1	1200	56	NA
TPP2	7174	-53	NA
TPPP	11076	92	NA
TPPP2	122664	2	NA
TPPP3	51673	71	NA
TPR	7175	6	NA
TPRA1	131601	-37	NA
TPRG1	285386	-51	NA
TPRG1L	127262	-32	NA
TPRKB	51002	-81	NA
TPRN	286262	-56	NA
TPRX1	284355	2	NA
TPSAB1	7177	33	NA
TPSB2	64499	93	NA
TPSD1	23430	45	NA
TPSG1	25823	59	NA
TPST1	8460	-72	NA
TPST2	8459	2	NA
TPT1	7178	61	NA
TPTE	7179	-3	NA
TPTE2	93492	-13	NA
TPTEP2-CSNK1E	102800317	133	NA
TPX2	22974	-74	NA
TRA2A	29896	-51	NA
TRA2B	6434	-101	NA
TRABD	80305	-45	NA
TRABD2A	129293	-27	NA
TRABD2B	388630	-12	NA
TRAC	28755	-42	NA
TRADD	8717	78	NA
TRAF1	7185	-19	NA
TRAF2	7186	-74	NA
TRAF3	7187	-93	NA
TRAF3IP1		-100	NA
TRAF3IP2	10758	-14	NA
TRAF3IP3	80342	2	NA
TRAF4	9618	-55	NA
TRAF5	7188	17	NA
TRAF6	7189	11	NA
TRAF7	84231	-33	NA
TRAFD1	10906	0	NA
TRAIP	10293	-105	NA
TRAJ1	28754	1	NA
TRAJ10	28745	-4	NA
TRAJ11	28744	-1	NA
TRAJ12	28743	-1	NA
TRAJ13	28742	-1	NA
TRAJ14	28741	-1	NA
TRAJ16	28739	0	NA
TRAJ17	28738	0	NA
TRAJ18	28737	-1	NA
TRAJ19	28736	-3	NA
TRAJ2	28753	-1	NA
TRAJ20	28735	1	NA
TRAJ21	28734	0	NA
TRAJ22	28733	-1	NA
TRAJ23	28732	-12	NA
TRAJ24	28731	-1	NA
TRAJ25	28730	-1	NA
TRAJ26	28729	-3	NA
TRAJ27	28728	-2	NA
TRAJ28	28727	0	NA
TRAJ29	28726	-3	NA
TRAJ3	28752	-1	NA
TRAJ30	28725	-1	NA
TRAJ31	28724	-1	NA
TRAJ32	28723	-2	NA
TRAJ33	28722	0	NA
TRAJ34	28721	0	NA
TRAJ35	28720	-2	NA
TRAJ36	28719	-2	NA
TRAJ37	28718	1	NA
TRAJ38	28717	-2	NA
TRAJ39	28716	1	NA
TRAJ4	28751	2	NA
TRAJ40	28715	-3	NA
TRAJ41	28714	-1	NA
TRAJ42	28713	-5	NA
TRAJ43	28712	0	NA
TRAJ44	28711	-1	NA
TRAJ45	28710	-3	NA
TRAJ46	28709	-4	NA
TRAJ47	28708	-2	NA
TRAJ48	28707	-4	NA
TRAJ49	28706	-1	NA
TRAJ5	28750	-1	NA
TRAJ50	28705	-2	NA
TRAJ52	28703	-3	NA
TRAJ53	28702	-1	NA
TRAJ54	28701	-1	NA
TRAJ56	28699	-1	NA
TRAJ57	28698	-3	NA
TRAJ59	28696	-1	NA
TRAJ6	28749	-2	NA
TRAJ61	28694	0	NA
TRAJ7	28748	1	NA
TRAJ9	28746	1	NA
TRAK1	22906	-12	NA
TRAK2	66008	-66	NA
TRAM1	23471	24	NA
TRAM1L1	133022	-103	NA
TRAM2	9697	63	NA
TRANK1	9881	-71	NA
TRAP1	10131	-104	NA
TRAPPC1	58485	-14	NA
TRAPPC10	7109	-58	NA
TRAPPC11	60684	-27	NA
TRAPPC12	51112	-105	NA
TRAPPC13	80006	-108	NA
TRAPPC2	6399	6	NA
TRAPPC2B	10597	-7	NA
TRAPPC2L	51693	-48	NA
TRAPPC3	27095	-76	NA
TRAPPC3L	100128327	30	NA
TRAPPC4	51399	-109	NA
TRAPPC5	126003	-5	NA
TRAPPC6A	79090	44	NA
TRAPPC6B	122553	-10	NA
TRAPPC8	22878	-44	NA
TRAPPC9	83696	-85	NA
TRARG1	286753	-3	NA
TRAT1	50852	-1	NA
TRAV1-1	28693	0	NA
TRAV1-2	28692	-4	NA
TRAV10	28676	2	NA
TRAV12-1	28674	-1	NA
TRAV12-2	28673	-3	NA
TRAV12-3	28672	-6	NA
TRAV13-1	28671	-10	NA
TRAV13-2	28670	-24	NA
TRAV14DV4	28669	-3	NA
TRAV16	28667	-3	NA
TRAV17	28666	1	NA
TRAV18	28665	11	NA
TRAV19	28664	8	NA
TRAV2	28691	-5	NA
TRAV20	28663	-2	NA
TRAV21	28662	-2	NA
TRAV22	28661	-1	NA
TRAV23DV6	28660	0	NA
TRAV24	28659	0	NA
TRAV25	28658	-3	NA
TRAV26-1	28657	-2	NA
TRAV26-2	28656	-1	NA
TRAV27	28655	-3	NA
TRAV29DV5	28653	-7	NA
TRAV3	28690	-5	NA
TRAV30	28652	-25	NA
TRAV34	28648	-7	NA
TRAV36DV7	28646	5	NA
TRAV38-1	28644	-15	NA
TRAV38-2DV8	28643	-10	NA
TRAV39	28642	-14	NA
TRAV4	28689	-3	NA
TRAV40	28641	-6	NA
TRAV41	28640	-8	NA
TRAV5	28688	-1	NA
TRAV6	6956	-1	NA
TRAV7	28686	-1	NA
TRAV8-1	28685	-1	NA
TRAV8-2	28684	-3	NA
TRAV8-3	28683	-21	NA
TRAV8-4	28682	2	NA
TRAV8-6	28680	4	NA
TRAV8-7	28679	-2	NA
TRAV9-1	28678	0	NA
TRAV9-2	28677	-2	NA
TRBC1	28639	11	NA
TRBC2	28638	8	NA
TRBD1	28637	0	NA
TRBJ1-1	28635	0	NA
TRBJ1-2	28634	0	NA
TRBJ1-3	28633	0	NA
TRBJ1-4	28632	0	NA
TRBJ1-5	28631	1	NA
TRBJ1-6	28630	0	NA
TRBJ2-1	28629	-3	NA
TRBJ2-2	28628	-2	NA
TRBJ2-2P	28627	-8	NA
TRBJ2-3	28626	-2	NA
TRBJ2-4	28625	-8	NA
TRBJ2-5	28624	-1	NA
TRBJ2-6	28623	-1	NA
TRBJ2-7	28622	-14	NA
TRBV10-1	28585	1	NA
TRBV10-2	28584	0	NA
TRBV10-3	28583	-13	NA
TRBV11-1	28582	5	NA
TRBV11-3	28580	1	NA
TRBV12-3	28577	-28	NA
TRBV12-4	28576	-37	NA
TRBV12-5	28575	-1	NA
TRBV13	28574	-11	NA
TRBV14	28573	-9	NA
TRBV15	28572	4	NA
TRBV16	28571	1	NA
TRBV17	28570	1	NA
TRBV18	28569	0	NA
TRBV19	28568	-1	NA
TRBV2	28620	-1	NA
TRBV20-1	28567	-25	NA
TRBV20OR9-2	6962	-10	NA
TRBV23-1	28564	4	NA
TRBV24-1	28563	6	NA
TRBV25-1	28562	-2	NA
TRBV27	28560	5	NA
TRBV28	28559	3	NA
TRBV29-1	28558	2	NA
TRBV3-1	28619	2	NA
TRBV30	28557	1	NA
TRBV4-1	28617	1	NA
TRBV4-2	28616	0	NA
TRBV5-1	28614	-6	NA
TRBV5-3	28612	-2	NA
TRBV5-4	28611	-9	NA
TRBV5-5	28610	-1	NA
TRBV5-6	28609	1	NA
TRBV5-7	28608	-7	NA
TRBV6-1	28606	2	NA
TRBV6-2	28605	-1	NA
TRBV6-4	28603	-7	NA
TRBV6-5	28602	-8	NA
TRBV6-6	28601	4	NA
TRBV6-7	28600	2	NA
TRBV6-8	28599	1	NA
TRBV7-1	28597	1	NA
TRBV7-2	28596	0	NA
TRBV7-3	28595	18	NA
TRBV7-4	28594	9	NA
TRBV7-6	28592	2	NA
TRBV7-7	28591	-3	NA
TRBV7-9	28589	-10	NA
TRBV9	28586	20	NA
TRDC	28526	-9	NA
TRDD1	28525	0	NA
TRDD2	28524	0	NA
TRDD3	28523	0	NA
TRDJ1	28522	-1	NA
TRDJ2	28521	-3	NA
TRDJ3	28520	3	NA
TRDJ4	28519	0	NA
TRDMT1	1787	-85	NA
TRDN	10345	-47	NA
TRDV1	28518	1	NA
TRDV2	28517	-4	NA
TRDV3	28516	2	NA
TREH	11181	-13	NA
TREM1	54210	124	NA
TREM2	54209	-15	NA
TREML1	340205	-8	NA
TREML2	79865	28	NA
TREML4	285852	7	NA
TRERF1	55809	27	NA
TREX1	11277	-6	NA
TREX2	11219	-74	NA
TRGC1	6966	-68	NA
TRGC2	6967	-54	NA
TRGJ2	6969	2	NA
TRGJP	6970	-4	NA
TRGJP1	6971	-1	NA
TRGJP2	6972	-1	NA
TRGV1	6973	10	NA
TRGV10	6984	-23	NA
TRGV11	6985	-6	NA
TRGV2	6974	-3	NA
TRGV3	6976	4	NA
TRGV4	6977	10	NA
TRGV5	6978	5	NA
TRGV8	6982	-16	NA
TRGV9	6983	-56	NA
TRH	7200	-40	NA
TRHDE	29953	11	NA
TRHR	7201	-9	NA
TRIAP1	51499	-79	NA
TRIB1	10221	31	NA
TRIB2	28951	150	NA
TRIB3	57761	-7	NA
TRIL	9865	-61	NA
TRIM10	10107	-1	NA
TRIM11	81559	-14	NA
TRIM13	10206	25	NA
TRIM14	9830	-143	NA
TRIM15	89870	6	NA
TRIM16	10626	-43	NA
TRIM16L	147166	-26	NA
TRIM17	51127	5	NA
TRIM2	23321	31	NA
TRIM21	6737	-8	NA
TRIM22	10346	-61	NA
TRIM23	373	42	NA
TRIM24	8805	-29	NA
TRIM25	7706	-48	NA
TRIM26	7726	-142	NA
TRIM27	5987	-106	NA
TRIM28	10155	-38	NA
TRIM29	23650	105	NA
TRIM3	10612	-69	NA
TRIM31	11074	-19	NA
TRIM32	22954	-25	NA
TRIM33	51592	-1	NA
TRIM34	53840	-55	NA
TRIM35	23087	-144	NA
TRIM36	55521	86	NA
TRIM37	4591	-84	NA
TRIM38	10475	-8	NA
TRIM39	56658	0	NA
TRIM39-RPP21	202658	18	NA
TRIM4	89122	7	NA
TRIM40	135644	2	NA
TRIM41	90933	-42	NA
TRIM42	287015	1	NA
TRIM43	129868	6	NA
TRIM43B	653192	8	NA
TRIM44	54765	-40	NA
TRIM45	80263	-51	NA
TRIM46	80128	97	NA
TRIM48	79097	19	NA
TRIM49	57093	7	NA
TRIM49B	283116	18	NA
TRIM49C	642612	-1	NA
TRIM49D1	399939	18	NA
TRIM49D2	729384	36	NA
TRIM5	85363	17	NA
TRIM50	135892	8	NA
TRIM51	84767	-1	NA
TRIM51GP		20	NA
TRIM52	84851	82	NA
TRIM54	57159	35	NA
TRIM55	84675	11	NA
TRIM56	81844	10	NA
TRIM58	25893	-9	NA
TRIM59	286827	-41	NA
TRIM6	117854	-47	NA
TRIM6-TRIM34	445372	-2	NA
TRIM60	166655	9	NA
TRIM61	391712	-121	NA
TRIM62	55223	21	NA
TRIM63	84676	-7	NA
TRIM64	120146	2	NA
TRIM64B	642446	5	NA
TRIM64C	646754	10	NA
TRIM65	201292	-54	NA
TRIM66	9866	-10	NA
TRIM67	440730	-28	NA
TRIM68	55128	-64	NA
TRIM69	140691	30	NA
TRIM7	81786	21	NA
TRIM71	131405	10	NA
TRIM72	493829	38	NA
TRIM73	375593	-35	NA
TRIM74	378108	36	NA
TRIM75P		6	NA
TRIM77	390231	3	NA
TRIM8	81603	32	NA
TRIM9	114088	211	NA
TRIML1	339976	-19	NA
TRIML2	205860	32	NA
TRIO	7204	95	NA
TRIOBP	11078	2	NA
TRIP10	9322	52	NA
TRIP11	9321	-14	NA
TRIP12	9320	-25	NA
TRIP13	9319	-137	NA
TRIP4	9325	-12	NA
TRIP6	7205	-60	NA
TRIQK	286144	87	NA
TRIR	79002	-30	NA
TRIT1	54802	66	NA
TRMO	51531	-98	NA
TRMT1	55621	-76	NA
TRMT10A	93587	-10	NA
TRMT10B	158234	-44	NA
TRMT10C	54931	-144	NA
TRMT11	60487	-55	NA
TRMT112	51504	-62	NA
TRMT12		-160	NA
TRMT13	54482	-69	NA
TRMT1L	81627	-1	NA
TRMT2A	27037	-139	NA
TRMT2B	79979	-77	NA
TRMT44	152992	-61	NA
TRMT5	57570	-108	NA
TRMT6	51605	-150	NA
TRMT61A	115708	-170	NA
TRMT61B	55006	-96	NA
TRMT9B	57604	1	NA
TRMU	55687	16	NA
TRNAU1AP	54952	35	NA
TRNP1	388610	9	NA
TRNT1	51095	-128	NA
TRO	7216	7	NA
TROAP	10024	-63	NA
TRPA1	8989	42	NA
TRPC1	7220	101	NA
TRPC3	7222	-34	NA
TRPC4	7223	-64	NA
TRPC4AP	26133	-13	NA
TRPC5	7224	7	NA
TRPC5OS	100329135	-12	NA
TRPC6	7225	-9	NA
TRPC7	57113	17	NA
TRPM1	4308	15	NA
TRPM2	7226	-76	NA
TRPM3	80036	-29	NA
TRPM4	54795	47	NA
TRPM5	29850	23	NA
TRPM6	140803	12	NA
TRPM7	54822	-43	NA
TRPM8	79054	31	NA
TRPS1	7227	29	NA
TRPT1	83707	85	NA
TRPV1	7442	25	NA
TRPV2	51393	-87	NA
TRPV3	162514	10	NA
TRPV4	59341	-4	NA
TRPV5	56302	7	NA
TRPV6	55503	26	NA
TRRAP	8295	-28	NA
TRUB1	142940	-75	NA
TRUB2	26995	-116	NA
TSACC	128229	-122	NA
TSBP1	10665	-8	NA
TSC1	7248	40	U2904 1% and  U2932 1%
TSC2	7249	-7	NA
TSC22D1	8848	9	NA
TSC22D2	9819	98	NA
TSC22D3	1831	147	NA
TSC22D4	81628	85	NA
TSEN15	116461	-138	NA
TSEN2	80746	-127	NA
TSEN34	79042	11	NA
TSEN54	283989	-133	NA
TSFM	10102	-135	NA
TSG101	7251	-9	NA
TSGA10	80705	13	NA
TSGA10IP	254187	10	NA
TSGA13	114960	18	NA
TSHB	7252	10	NA
TSHR	7253	12	NA
TSHZ1	10194	-49	NA
TSHZ2	128553	6	NA
TSHZ3	57616	72	NA
TSKS	60385	31	NA
TSKU	25987	69	NA
TSLP	85480	46	NA
TSN	7247	-110	NA
TSNARE1	203062	79	NA
TSNAX	7257	-30	NA
TSNAX-DISC1	100303453	72	NA
TSNAXIP1	55815	-7	NA
TSPAN1	10103	6	NA
TSPAN10	83882	32	NA
TSPAN11	441631	-38	NA
TSPAN12	23554	-22	NA
TSPAN13	27075	-54	NA
TSPAN14	81619	2	NA
TSPAN15	23555	-13	NA
TSPAN16	26526	19	NA
TSPAN17	26262	-86	NA
TSPAN18	90139	49	NA
TSPAN19	144448	48	NA
TSPAN2	10100	72	NA
TSPAN3	10099	-36	NA
TSPAN31	6302	28	NA
TSPAN32	10077	10	NA
TSPAN33	340348	-113	NA
TSPAN4	7106	-65	NA
TSPAN5	10098	41	NA
TSPAN6	7105	17	NA
TSPAN7	7102	-3	NA
TSPAN8	7103	0	NA
TSPAN9	10867	-38	NA
TSPEAR	54084	49	NA
TSPO	706	-4	NA
TSPO2	222642	5	NA
TSPOAP1	9256	37	NA
TSPY1	7258	-3	NA
TSPY10	100289087	-2	NA
TSPY2	64591	1	NA
TSPY3	728137	-2	NA
TSPY4	728395	9	NA
TSPY8	728403	-3	NA
TSPY9P		-3	NA
TSPYL1	7259	-78	NA
TSPYL2	64061	123	NA
TSPYL4	23270	-63	NA
TSPYL5	85453	-21	NA
TSPYL6	388951	0	NA
TSR1	55720	-46	NA
TSR2	90121	-59	NA
TSR3	115939	-96	NA
TSSC4	10078	-129	NA
TSSK1B	83942	3	NA
TSSK2	23617	-9	NA
TSSK3	81629	12	NA
TSSK4	283629	0	NA
TSSK6	83983	29	NA
TST	7263	-115	NA
TSTA3		-130	NA
TSTD1	100131187	-32	NA
TSTD2	158427	-26	NA
TSTD3		-57	NA
TTBK1	84630	-24	NA
TTBK2	146057	58	NA
TTC1	7265	-66	NA
TTC12	54970	-76	NA
TTC13	79573	-95	NA
TTC14	151613	-12	NA
TTC16	158248	52	NA
TTC17	55761	28	NA
TTC19	54902	-53	NA
TTC21A	199223	29	NA
TTC21B	79809	27	NA
TTC22	55001	3	NA
TTC23	64927	-5	NA
TTC23L	153657	20	NA
TTC24	164118	-15	NA
TTC25		8	NA
TTC26		-66	NA
TTC27	55622	-131	NA
TTC28	23331	-60	NA
TTC29	83894	-11	NA
TTC3	7267	71	NA
TTC30A		128	NA
TTC30B		-68	NA
TTC31	64427	-70	NA
TTC32	130502	-59	NA
TTC33	23548	24	NA
TTC34	100287898	12	NA
TTC36	143941	-20	NA
TTC37		2	NA
TTC38	55020	-102	NA
TTC39A	22996	-73	NA
TTC39B	158219	-17	NA
TTC39C	125488	-22	NA
TTC4	7268	-131	NA
TTC5	91875	-95	NA
TTC6	319089	9	NA
TTC7A	57217	-68	NA
TTC7B	145567	-48	NA
TTC8	123016	-84	NA
TTC9	23508	90	NA
TTC9B	148014	11	NA
TTC9C	283237	17	NA
TTF1	7270	-30	NA
TTF2	8458	-160	NA
TTI1	9675	-79	NA
TTI2	80185	-89	NA
TTK	7272	-66	NA
TTL	150465	-127	NA
TTLL1	25809	0	NA
TTLL10	254173	22	NA
TTLL11	158135	-93	NA
TTLL12	23170	-89	NA
TTLL13P		10	NA
TTLL2	83887	25	NA
TTLL3	26140	111	NA
TTLL4	9654	-66	NA
TTLL5	23093	0	NA
TTLL6	284076	15	NA
TTLL7	79739	99	NA
TTLL8	164714	-4	NA
TTLL9	164395	29	NA
TTN	7273	22	NA
TTPA	7274	-139	NA
TTPAL	79183	-87	NA
TTR	7276	12	NA
TTYH1	57348	25	NA
TTYH2	94015	-63	NA
TTYH3	80727	74	NA
TUB	7275	9	NA
TUBA1A	7846	143	NA
TUBA1B	10376	-93	NA
TUBA1C	84790	-73	NA
TUBA3C	7278	-47	NA
TUBA3D	113457	-47	NA
TUBA3E	112714	-6	NA
TUBA4A	7277	77	NA
TUBA4B	80086	3	NA
TUBA8	51807	12	NA
TUBAL3	79861	19	NA
TUBB	203068	-36	NA
TUBB1	81027	50	NA
TUBB2A	7280	-40	NA
TUBB2B	347733	83	NA
TUBB3	10381	106	NA
TUBB4A	10382	13	NA
TUBB4B	10383	-71	NA
TUBB6	84617	-13	NA
TUBB8	347688	1	NA
TUBB8P12		-2	NA
TUBD1	51174	-73	NA
TUBE1	51175	-52	NA
TUBG1	7283	-119	NA
TUBG2	27175	51	NA
TUBGCP2	10844	12	NA
TUBGCP3	10426	-58	NA
TUBGCP4	27229	-83	NA
TUBGCP5	114791	-67	NA
TUBGCP6	85378	-74	NA
TUFM	7284	-88	NA
TUFT1	7286	69	NA
TULP1	7287	-51	NA
TULP2	7288	40	NA
TULP3	7289	75	NA
TULP4	56995	6	NA
TUNAR	100507043	-6	NA
TUSC1	286319	-70	NA
TUSC2	11334	-93	NA
TUSC3	7991	-19	NA
TUT1	64852	-42	NA
TUT4	23318	-12	NA
TUT7	79670	20	NA
TVP23A	780776	46	NA
TVP23B	51030	31	NA
TVP23C	201158	42	NA
TVP23C-CDRT4	100533496	66	NA
TWF1	5756	26	NA
TWF2	11344	32	NA
TWIST1	7291	57	NA
TWIST2	117581	-28	NA
TWISTNB		-123	NA
TWNK	56652	-176	NA
TWSG1	57045	12	NA
TXK	7294	41	NA
TXLNA	200081	-51	NA
TXLNB	167838	-10	NA
TXLNG	55787	-105	NA
TXN	7295	-47	NA
TXN2	25828	-63	NA
TXNDC11	51061	-6	NA
TXNDC12	51060	-16	NA
TXNDC15	79770	-42	NA
TXNDC16	57544	-5	NA
TXNDC17	84817	9	NA
TXNDC2	84203	-77	NA
TXNDC5	81567	-9	NA
TXNDC8	255220	7	NA
TXNDC9	10190	-108	NA
TXNIP	10628	150	NA
TXNL1	9352	-22	NA
TXNL4A	10907	-42	NA
TXNL4B	54957	-68	NA
TXNRD1	7296	-56	NA
TXNRD2	10587	-21	NA
TXNRD3	114112	-70	NA
TYK2	7297	-29	NA
TYMP	1890	-31	NA
TYMS	7298	-79	NA
TYR	7299	-12	NA
TYRO3	7301	-108	NA
TYROBP	7305	7	NA
TYRP1	7306	-27	NA
TYSND1	219743	-106	NA
TYW1	55253	-110	NA
TYW1B	441250	-96	NA
TYW3	127253	-65	NA
TYW5	129450	-64	NA
U2AF1	7307	-46	NA
U2AF1L4	199746	-27	NA
U2AF1L5		-121	NA
U2AF2	11338	-77	NA
U2SURP	23350	-104	NA
UACA	55075	60	NA
UAP1	6675	81	NA
UAP1L1	91373	114	NA
UBA1	7317	-28	NA
UBA2	10054	10	NA
UBA3	9039	-69	NA
UBA5	79876	-34	NA
UBA52	7311	-1	NA
UBA6	55236	32	NA
UBA7	7318	-33	NA
UBAC1	10422	-64	NA
UBAC2	337867	-2	NA
UBALD1	124402	-11	NA
UBALD2	283991	47	NA
UBAP1	51271	29	NA
UBAP1L	390595	19	NA
UBAP2	55833	-35	NA
UBAP2L	9898	-56	NA
UBASH3A	53347	43	NA
UBASH3B	84959	33	NA
UBB	7314	-101	NA
UBC	7316	83	NA
UBD	10537	-54	NA
UBE2A	7319	-41	NA
UBE2B	7320	31	NA
UBE2C	11065	-16	NA
UBE2D1	7321	-73	NA
UBE2D2	7322	-19	NA
UBE2D3	7323	-12	NA
UBE2D4	51619	-58	NA
UBE2E1	7324	10	NA
UBE2E2	7325	16	NA
UBE2E3	10477	-76	NA
UBE2F	140739	-56	NA
UBE2F-SCLY	100533179	-10	NA
UBE2G1	7326	-51	NA
UBE2G2	7327	-101	NA
UBE2H	7328	28	NA
UBE2I	7329	-18	NA
UBE2J1	51465	-26	NA
UBE2J2	118424	-89	NA
UBE2K	3093	-45	NA
UBE2L3	7332	-79	NA
UBE2L5	171222	-49	NA
UBE2L6	9246	-68	NA
UBE2M	9040	-27	NA
UBE2N	7334	-102	NA
UBE2O	63893	108	NA
UBE2Q1	55585	-6	NA
UBE2Q2	92912	78	NA
UBE2Q2L		17	NA
UBE2QL1	134111	58	NA
UBE2R2	54926	65	NA
UBE2S	27338	-62	NA
UBE2T	29089	-140	NA
UBE2U	148581	-33	NA
UBE2V1	7335	-12	NA
UBE2V2	7336	-32	NA
UBE2W	55284	2	NA
UBE2Z	65264	-5	NA
UBE3A	7337	2	NA
UBE3B	89910	-20	NA
UBE3C	9690	-51	NA
UBE3D	90025	-88	NA
UBE4A	9354	-15	NA
UBE4B	10277	-7	NA
UBFD1	56061	20	NA
UBIAD1	29914	-185	NA
UBL3	5412	43	NA
UBL4A	8266	-77	NA
UBL4B	164153	37	NA
UBL5	59286	-16	U2904 1% and  U2932 1%
UBL7	84993	-57	NA
UBLCP1	134510	-160	NA
UBN1	29855	-27	NA
UBN2	254048	43	NA
UBOX5	22888	-28	NA
UBP1	7342	-94	NA
UBQLN1	29979	-31	NA
UBQLN2	29978	-35	NA
UBQLN3	50613	7	NA
UBQLN4	56893	-67	NA
UBQLNL	143630	46	NA
UBR1	197131	-6	NA
UBR2	23304	9	NA
UBR3	130507	-16	NA
UBR4	23352	50	NA
UBR5	51366	46	NA
UBR7	55148	-77	NA
UBTD1	80019	26	NA
UBTD2	92181	15	NA
UBTF	7343	-105	NA
UBTFL1	642623	-23	NA
UBXN1	51035	-25	NA
UBXN10	127733	-22	NA
UBXN11	91544	-68	NA
UBXN2A	165324	-58	NA
UBXN2B	137886	-20	NA
UBXN4	23190	19	NA
UBXN6	80700	68	NA
UBXN7	26043	46	NA
UBXN8	7993	-106	NA
UCHL1	7345	-17	NA
UCHL3	7347	-93	NA
UCHL5	51377	-104	NA
UCK1	83549	-67	NA
UCK2	7371	-127	NA
UCKL1	54963	2	NA
UCMA	221044	14	NA
UCN	7349	147	NA
UCN2	90226	177	NA
UCN3	114131	1	NA
UCP1	7350	1	NA
UCP2	7351	-113	NA
UCP3	7352	-77	NA
UEVLD	55293	-41	NA
UFC1	51506	-19	NA
UFD1	7353	-76	NA
UFL1	23376	-12	NA
UFM1	51569	37	NA
UFSP1	402682	-187	NA
UFSP2	55325	32	NA
UGCG	7357	84	NA
UGDH	7358	0	NA
UGGT1	56886	-42	NA
UGGT2	55757	-21	NA
UGP2	7360	152	NA
UGT1A1	54658	26	NA
UGT1A10	54575	2	NA
UGT1A3	54659	15	NA
UGT1A4	54657	-3	NA
UGT1A5	54579	1	NA
UGT1A6	54578	-1	NA
UGT1A7	54577	13	NA
UGT1A8	54576	-16	NA
UGT1A9	54600	3	NA
UGT2A1	10941	15	NA
UGT2A2	574537	7	NA
UGT2A3	79799	-6	NA
UGT2B10	7365	-54	NA
UGT2B11	10720	-19	NA
UGT2B15	7366	-31	NA
UGT2B17	7367	-30	NA
UGT2B28	54490	-15	NA
UGT2B4	7363	-23	NA
UGT2B7	7364	32	NA
UGT3A1	133688	-9	NA
UGT3A2	167127	-37	NA
UGT8	7368	-64	NA
UHMK1	127933	8	NA
UHRF1	29128	-156	NA
UHRF1BP1		-77	NA
UHRF1BP1L		-38	NA
UHRF2	115426	79	NA
UIMC1	51720	-4	NA
ULBP1	80329	17	NA
ULBP2	80328	12	NA
ULBP3	79465	-69	NA
ULK1	8408	120	NA
ULK2	9706	4	NA
ULK3	25989	-41	NA
ULK4	54986	-86	NA
UMAD1	729852	-47	NA
UMOD	7369	0	NA
UMODL1	89766	-2	NA
UMPS	7372	-162	NA
UNC119	9094	90	NA
UNC119B	84747	-11	NA
UNC13A	23025	-10	NA
UNC13B	10497	-63	NA
UNC13C	440279	1	NA
UNC13D	201294	38	NA
UNC45A	55898	-15	NA
UNC45B	146862	-14	NA
UNC50	25972	-92	NA
UNC5A	90249	-1	NA
UNC5B	219699	65	NA
UNC5C	8633	-14	NA
UNC5CL	222643	121	NA
UNC5D	137970	-4	NA
UNC79	57578	-6	NA
UNC80	285175	-16	NA
UNC93A	54346	41	NA
UNC93B1	81622	30	NA
UNCX	340260	-6	NA
UNG	7374	-143	NA
UNK	85451	-21	NA
UNKL	64718	-4	NA
UPB1	51733	64	NA
UPF1	5976	-48	NA
UPF2	26019	-6	NA
UPF3A	65110	-59	NA
UPF3B	65109	-54	NA
UPK1A	11045	237	NA
UPK1B	7348	39	NA
UPK2	7379	50	NA
UPK3A	7380	-38	NA
UPK3B	105375355	-31	NA
UPK3BL1	100134938	-7	NA
UPP1	7378	48	NA
UPP2	151531	18	NA
UPRT	139596	119	NA
UQCC1	55245	-79	NA
UQCC2	84300	-142	NA
UQCC3	790955	-79	NA
UQCR10	29796	-76	NA
UQCR11	10975	-46	NA
UQCRB	7381	0	NA
UQCRC1	7384	-10	NA
UQCRC2	7385	-27	NA
UQCRFS1	7386	-115	NA
UQCRH	7388	-7	NA
UQCRHL	440567	59	NA
UQCRQ	27089	-59	NA
URAD	646625	16	NA
URB1	9875	-125	NA
URB2	9816	-213	NA
URGCP	55665	-101	NA
URGCP-MRPS24	100534592	-27	NA
URI1	8725	-52	NA
URM1	81605	-62	U2904 1% and  U2932 1%
UROC1	131669	15	NA
UROD	7389	-106	NA
UROS	7390	-70	NA
USB1	79650	-133	NA
USE1	55850	-43	NA
USF1	7391	-37	NA
USF2	7392	-7	NA
USF3	205717	-2	NA
USH1C	10083	-12	NA
USH1G	124590	-18	NA
USH2A	7399	-13	NA
USHBP1	83878	14	NA
USO1	8615	52	NA
USP1	7398	-65	NA
USP10	9100	-66	NA
USP11	8237	32	NA
USP12	219333	5	NA
USP13	8975	-108	NA
USP14	9097	-92	NA
USP15	9958	-54	NA
USP16	10600	-55	NA
USP17L1	401447	5	NA
USP17L10	100287144	1	NA
USP17L11	100287178	9	NA
USP17L12	100287205	0	NA
USP17L13	100287238	-3	NA
USP17L15	100288520	13	NA
USP17L17	100287327	-8	NA
USP17L18	100287364	-2	NA
USP17L19	100287404	0	NA
USP17L2	377630	11	NA
USP17L20	100287441	-2	NA
USP17L21	100287478	-1	NA
USP17L22	100287513	6	NA
USP17L23	101241878	1	NA
USP17L24	728369	-4	NA
USP17L3	645836	0	NA
USP17L4	645402	-4	NA
USP17L5	728386	-3	NA
USP17L7	392197	1	NA
USP17L8	392188	16	NA
USP18	11274	-116	NA
USP19	10869	-59	NA
USP2	9099	-89	NA
USP20	10868	-46	NA
USP21	27005	-11	NA
USP22	23326	-45	NA
USP24	23358	-27	NA
USP25	29761	42	NA
USP26	83844	-23	NA
USP27X	389856	-26	NA
USP28	57646	93	NA
USP29	57663	26	NA
USP30	84749	-29	NA
USP31	57478	-5	NA
USP32	84669	42	NA
USP33	23032	-32	NA
USP34	9736	22	NA
USP35	57558	42	NA
USP36	57602	-45	NA
USP37	57695	52	NA
USP38	84640	-88	NA
USP39	10713	-111	NA
USP4	7375	-15	NA
USP40	55230	-45	NA
USP41		-30	NA
USP42	84132	-44	NA
USP43	124739	23	NA
USP44	84101	0	NA
USP45	85015	-90	NA
USP46	64854	-137	NA
USP47	55031	-23	NA
USP48	84196	8	NA
USP49	25862	35	NA
USP5	8078	-63	NA
USP51	158880	-49	NA
USP53	54532	67	NA
USP54	159195	-21	NA
USP6	9098	98	NA
USP6NL	9712	-25	NA
USP7	7874	-28	NA
USP8	9101	-16	NA
USP9X	8239	32	NA
USP9Y	8287	15	NA
USPL1	10208	12	NA
UST	10090	-49	NA
UTF1	8433	-6	NA
UTP11	51118	-125	NA
UTP14A	10813	-175	NA
UTP14C	9724	-13	NA
UTP15	84135	-208	NA
UTP18	51096	-139	NA
UTP20	27340	-195	NA
UTP23	84294	-62	NA
UTP25	27042	-36	NA
UTP3	57050	-131	NA
UTP4	84916	-151	NA
UTP6	55813	-78	NA
UTRN	7402	49	NA
UTS2	10911	12	NA
UTS2B	257313	-6	NA
UTS2R	2837	-14	NA
UTY	7404	41	NA
UVRAG	7405	-17	NA
UVSSA	57654	-12	NA
UXS1	80146	-42	NA
UXT	8409	-7	NA
VAC14	55697	-72	NA
VAMP1	6843	17	NA
VAMP2	6844	48	NA
VAMP3	9341	-27	NA
VAMP4	8674	14	NA
VAMP5	10791	-20	NA
VAMP7	6845	-26	NA
VAMP8	8673	-15	NA
VANGL1	81839	-84	NA
VANGL2	57216	60	NA
VAPA	9218	12	NA
VAPB	9217	-6	NA
VARS		-147	NA
VARS2	57176	-43	NA
VASH1	22846	36	NA
VASH2	79805	-52	NA
VASN	114990	97	NA
VASP	7408	-7	NA
VAT1	10493	50	NA
VAT1L	57687	0	NA
VAV1	7409	0	NA
VAV2	7410	-21	NA
VAV3	10451	-40	NA
VAX1	11023	3	NA
VAX2	25806	-54	NA
VBP1	7411	-71	NA
VCAM1	7412	-52	NA
VCAN	1462	18	NA
VCL	7414	-10	NA
VCP	7415	-81	NA
VCPIP1	80124	13	NA
VCPKMT	79609	-66	NA
VCX	26609	-33	NA
VCX2	51480	-18	NA
VCX3A	51481	-33	NA
VCX3B	425054	-16	NA
VCY	9084	-2	NA
VDAC1	7416	53	NA
VDAC2	7417	31	NA
VDAC3	7419	-26	NA
VDR	7421	-76	NA
VEGFA	7422	381	NA
VEGFB	7423	120	NA
VEGFC	7424	78	NA
VEGFD	2277	-8	NA
VENTX	27287	60	NA
VEPH1	79674	-128	NA
VEZF1	7716	24	NA
VEZT	55591	13	NA
VGF	7425	23	NA
VGLL1	51442	-30	NA
VGLL2	245806	7	NA
VGLL3	389136	23	NA
VGLL4	9686	87	NA
VHL	7428	-47	NA
VHLL	391104	10	NA
VIL1	7429	26	NA
VILL	50853	-14	NA
VIM	7431	183	NA
VIP	7432	53	NA
VIPAS39	63894	4	NA
VIPR1	7433	-65	NA
VIPR2	7434	56	NA
VIRMA	25962	7	NA
VIT	5212	29	NA
VKORC1	79001	232	NA
VKORC1L1	154807	-93	NA
VLDLR	7436	303	NA
VMA21	203547	-59	NA
VMAC	400673	-27	NA
VMO1	284013	-69	NA
VMP1	81671	-13	NA
VN1R1	57191	32	NA
VN1R2	317701	-18	NA
VN1R4	317703	2	NA
VN1R5	317705	-10	NA
VNN1	8876	3	NA
VNN2	8875	8	NA
VNN3		18	NA
VOPP1	81552	-14	NA
VPREB1	7441	2	NA
VPREB3	29802	-2	NA
VPS11	55823	-9	NA
VPS13A	23230	12	NA
VPS13B	157680	-15	NA
VPS13C	54832	18	NA
VPS13D	55187	3	NA
VPS16	64601	-70	NA
VPS18	57617	-116	NA
VPS25	84313	-104	NA
VPS26A	9559	-50	NA
VPS26B	112936	-32	NA
VPS26C	10311	20	NA
VPS28	51160	-8	NA
VPS29	51699	-61	NA
VPS33A	65082	-101	NA
VPS33B	26276	-66	NA
VPS35	55737	16	NA
VPS35L	57020	-46	NA
VPS36	51028	-84	NA
VPS37A	137492	2	NA
VPS37B	79720	-4	NA
VPS37C	55048	-2	NA
VPS37D	155382	229	NA
VPS39	23339	6	NA
VPS41	27072	3	NA
VPS45	11311	-75	NA
VPS4A	27183	-67	NA
VPS4B	9525	-25	NA
VPS50	55610	-66	NA
VPS51	738	-2	NA
VPS52	6293	-69	NA
VPS53	55275	-56	NA
VPS54	51542	-58	NA
VPS72	6944	-48	NA
VPS8	23355	-37	NA
VPS9D1	9605	19	NA
VRK1	7443	-145	NA
VRK2	7444	-90	NA
VRK3	51231	-7	NA
VRTN	55237	-4	NA
VSIG1	340547	40	NA
VSIG10	54621	-24	NA
VSIG10L	147645	-14	NA
VSIG10L2	338667	18	NA
VSIG2	23584	7	NA
VSIG4	11326	5	NA
VSIG8	391123	9	NA
VSIR	64115	12	NA
VSNL1	7447	-35	NA
VSTM1	284415	55	NA
VSTM2A	222008	-9	NA
VSTM2B	342865	16	NA
VSTM2L	128434	14	NA
VSTM4	196740	-8	NA
VSTM5	387804	-9	NA
VSX1	30813	-7	NA
VSX2	338917	-29	NA
VTA1	51534	-47	NA
VTCN1	79679	86	NA
VTI1A	143187	-49	NA
VTI1B	10490	-44	NA
VTN	7448	-14	NA
VWA1	64856	85	NA
VWA2	340706	-20	NA
VWA3A	146177	10	NA
VWA3B	200403	-1	NA
VWA5A	4013	40	NA
VWA5B1	127731	50	NA
VWA5B2	90113	66	NA
VWA7	80737	66	NA
VWA8	23078	-128	NA
VWC2	375567	3	NA
VWC2L	402117	-5	NA
VWCE	220001	63	NA
VWDE	221806	15	NA
VWF	7450	-23	NA
VXN	254778	-91	NA
WAC	51322	15	NA
WAPL	23063	-36	NA
WARS		-64	NA
WARS2	10352	-31	NA
WAS	7454	-10	NA
WASF1	8936	42	NA
WASF2	10163	143	NA
WASF3	10810	22	NA
WASHC1	100287171	21	NA
WASHC2A	387680	-4	NA
WASHC2C	253725	-21	NA
WASHC3	51019	70	NA
WASHC4	23325	-22	NA
WASHC5	9897	-74	NA
WASL	8976	25	NA
WBP1	23559	42	NA
WBP11	51729	-59	NA
WBP1L	54838	16	NA
WBP2	23558	51	NA
WBP2NL	164684	30	NA
WBP4	11193	-33	NA
WDCP	80304	-114	NA
WDFY1	57590	38	NA
WDFY2	115825	19	NA
WDFY3	23001	12	NA
WDFY4	57705	-24	NA
WDHD1	11169	-121	NA
WDPCP	51057	18	NA
WDR1	9948	-22	NA
WDR11	55717	-21	NA
WDR12	55759	-156	NA
WDR13	64743	25	NA
WDR17	116966	-41	NA
WDR18	57418	-66	NA
WDR19	57728	-19	NA
WDR20	91833	-24	NA
WDR24	84219	-40	NA
WDR25	79446	-50	NA
WDR26	80232	59	NA
WDR27	253769	48	NA
WDR3	10885	-149	NA
WDR31	114987	8	NA
WDR33	55339	2	NA
WDR34		-111	NA
WDR35	57539	-165	NA
WDR36	134430	-95	NA
WDR37	22884	-50	NA
WDR38	401551	3	NA
WDR4	10785	-207	NA
WDR41	55255	14	NA
WDR43	23160	-145	NA
WDR44	54521	-2	NA
WDR45	11152	-12	NA
WDR45B	56270	164	NA
WDR46	9277	-168	NA
WDR47	22911	53	NA
WDR48	57599	23	NA
WDR49	151790	65	NA
WDR5	11091	-102	NA
WDR53	348793	-90	NA
WDR54	84058	273	NA
WDR55	54853	-33	NA
WDR59	79726	11	NA
WDR5B	54554	-99	NA
WDR6	11180	-51	U2904 1% and  U2932 1%
WDR60		169	NA
WDR61		-70	NA
WDR62	284403	-174	NA
WDR63		-67	NA
WDR64	128025	-20	NA
WDR66		136	NA
WDR7	23335	-89	NA
WDR70	55100	-63	NA
WDR72	256764	-31	NA
WDR73	84942	-139	NA
WDR74	54663	-103	NA
WDR75	84128	-117	NA
WDR76	79968	-163	NA
WDR77	79084	-209	NA
WDR78		27	NA
WDR81	124997	-90	NA
WDR82	80335	-80	NA
WDR83	84292	-84	NA
WDR83OS	51398	-34	NA
WDR86	349136	43	NA
WDR87	83889	5	NA
WDR88	126248	-3	NA
WDR89	112840	-20	NA
WDR90	197335	-23	NA
WDR91	29062	-61	NA
WDR92		-91	NA
WDR93	56964	88	NA
WDR97	340390	12	NA
WDSUB1	151525	8	NA
WDTC1	23038	54	NA
WDYHV1		-25	NA
WEE1	7465	51	NA
WEE2	494551	48	NA
WFDC1	58189	63	NA
WFDC10A	140832	24	NA
WFDC10B	280664	115	NA
WFDC11	259239	12	NA
WFDC12	128488	-1	NA
WFDC13	164237	37	NA
WFDC2	10406	76	NA
WFDC3	140686	239	NA
WFDC5	149708	74	NA
WFDC6	140870	9	NA
WFDC8	90199	34	NA
WFDC9	259240	1	NA
WFIKKN1	117166	98	NA
WFIKKN2	124857	15	NA
WFS1	7466	-26	NA
WHAMM	123720	40	NA
WHRN	25861	95	NA
WIF1	11197	-15	NA
WIPF1	7456	-26	NA
WIPF2	147179	96	NA
WIPF3	644150	54	NA
WIPI1	55062	43	NA
WIPI2	26100	3	NA
WIZ	58525	-39	NA
WLS	79971	-11	NA
WNK1	65125	6	NA
WNK2	65268	-73	NA
WNK3	65267	71	NA
WNK4	65266	58	NA
WNT1	7471	44	NA
WNT10A	80326	5	NA
WNT10B	7480	11	NA
WNT11	7481	99	NA
WNT16	51384	-10	NA
WNT2	7472	3	NA
WNT2B	7482	17	NA
WNT3	7473	2	NA
WNT3A	89780	13	NA
WNT4	54361	4	NA
WNT5A	7474	-42	NA
WNT5B	81029	-50	NA
WNT6	7475	28	NA
WNT7A	7476	46	NA
WNT7B	7477	10	NA
WNT8A	7478	11	NA
WNT8B	7479	-8	NA
WNT9A	7483	85	NA
WNT9B	7484	73	NA
WRAP53	55135	-84	NA
WRAP73	49856	-88	NA
WRB		-35	NA
WRN	7486	-93	NA
WRNIP1	56897	33	NA
WSB1	26118	273	NA
WSB2	55884	-10	NA
WSCD1	23302	5	NA
WSCD2	9671	-24	NA
WT1	7490	47	NA
WTAP	9589	-42	NA
WTIP	126374	-4	NA
WWC1	23286	-86	NA
WWC2	80014	63	NA
WWC3	55841	-27	NA
WWOX	51741	-106	NA
WWP1	11059	-17	NA
WWP2	11060	-54	NA
WWTR1	25937	3	NA
XAB2	56949	-6	NA
XAF1	54739	-53	NA
XAGE1A	653220	6	NA
XAGE1B	653067	22	NA
XAGE2	9502	-18	NA
XAGE3	170626	-4	NA
XAGE5	170627	-19	NA
XBP1	7494	-28	NA
XCL1	6375	25	NA
XCL2	6846	18	NA
XCR1	2829	0	NA
XDH	7498	4	NA
XG	7499	-2	NA
XIAP	331	11	NA
XIRP1	165904	2	NA
XIRP2	129446	9	NA
XK	7504	-82	NA
XKR3	150165	-3	NA
XKR4	114786	37	NA
XKR5	389610	-10	NA
XKR6	286046	34	NA
XKR7	343702	-8	NA
XKR8	55113	-2	NA
XKR9	389668	10	NA
XKRX	402415	-81	NA
XPA	7507	-64	NA
XPC	7508	-33	NA
XPNPEP1	7511	75	NA
XPNPEP2	7512	2	NA
XPNPEP3	63929	-34	NA
XPO1	7514	-18	NA
XPO4	64328	-119	NA
XPO5	57510	-100	NA
XPO6	23214	-26	NA
XPO7	23039	-24	NA
XPOT	11260	-33	NA
XPR1	9213	-50	NA
XRCC1	7515	-18	NA
XRCC2	7516	-130	NA
XRCC3	7517	-145	NA
XRCC4	7518	-47	NA
XRCC5	7520	-93	NA
XRCC6	2547	-66	NA
XRN1	54464	42	NA
XRN2	22803	-47	NA
XRRA1	143570	54	NA
XXYLT1	152002	-61	NA
XYLB	9942	-85	NA
XYLT1	64131	26	NA
XYLT2	64132	10	NA
YAE1	57002	-112	NA
YAF2	10138	-42	NA
YAP1	10413	17	NA
YARS		-113	NA
YARS2	51067	-83	NA
YBEY	54059	-19	NA
YBX1	4904	-29	NA
YBX2	51087	-19	NA
YBX3	8531	5	NA
YDJC	150223	-90	NA
YEATS2	55689	239	NA
YEATS4	8089	-44	NA
YES1	7525	-5	NA
YIF1A	10897	-47	NA
YIF1B	90522	-23	NA
YIPF1	54432	-32	NA
YIPF2	78992	-13	NA
YIPF3	25844	25	NA
YIPF4	84272	30	NA
YIPF5	81555	35	NA
YIPF6	286451	6	NA
YIPF7	285525	48	NA
YJEFN3	374887	26	NA
YJU2	55702	-79	NA
YKT6	10652	-60	NA
YLPM1	56252	-79	NA
YME1L1	10730	-15	NA
YOD1	55432	7	NA
YPEL1	29799	223	NA
YPEL2	388403	164	NA
YPEL3	83719	132	NA
YPEL4	219539	192	NA
YPEL5	51646	153	NA
YRDC	79693	-129	NA
YTHDC1	91746	17	NA
YTHDC2	64848	-91	NA
YTHDF1	54915	-85	NA
YTHDF2	51441	-93	NA
YTHDF3	253943	-40	NA
YWHAB	7529	-49	NA
YWHAE	7531	-33	NA
YWHAG	7532	4	NA
YWHAH	7533	-53	NA
YWHAQ	10971	-33	NA
YWHAZ	7534	-5	NA
YY1	7528	12	NA
YY1AP1	55249	27	NA
YY2	404281	-77	NA
ZACN	353174	1	NA
ZADH2		-44	NA
ZAN	7455	0	NA
ZAP70	7535	56	NA
ZAR1	326340	-12	NA
ZAR1L	646799	19	NA
ZBBX	79740	1	NA
ZBED1	9189	-77	NA
ZBED2	79413	-17	NA
ZBED3	84327	-109	NA
ZBED4	9889	-8	NA
ZBED5	58486	-49	NA
ZBED6	100381270	54	NA
ZBED6CL		-13	NA
ZBED8	63920	54	NA
ZBED9		-8	NA
ZBP1	81030	20	NA
ZBTB1	22890	101	NA
ZBTB10	65986	98	NA
ZBTB11	27107	-6	NA
ZBTB12	221527	-12	NA
ZBTB14	7541	-31	NA
ZBTB16	7704	31	NA
ZBTB17	7709	19	NA
ZBTB18	10472	51	NA
ZBTB2	57621	-59	NA
ZBTB20	26137	69	NA
ZBTB21	49854	58	NA
ZBTB22	9278	29	NA
ZBTB24	9841	-144	NA
ZBTB25	7597	178	NA
ZBTB26	57684	3	NA
ZBTB3	79842	4	NA
ZBTB32	27033	-22	NA
ZBTB33	10009	-3	NA
ZBTB34	403341	58	NA
ZBTB37	84614	13	NA
ZBTB38	253461	25	NA
ZBTB39	9880	-52	NA
ZBTB4	57659	65	NA
ZBTB40	9923	-18	NA
ZBTB41	360023	50	NA
ZBTB43	23099	28	NA
ZBTB44	29068	75	NA
ZBTB45	84878	-88	NA
ZBTB46	140685	-18	NA
ZBTB47	92999	-50	NA
ZBTB48	3104	-38	NA
ZBTB49	166793	-49	NA
ZBTB5	9925	58	NA
ZBTB6	10773	-40	NA
ZBTB7A	51341	-32	NA
ZBTB7B	51043	53	NA
ZBTB7C	201501	-15	NA
ZBTB8A	653121	-24	NA
ZBTB8B	728116	48	NA
ZBTB8OS		-100	NA
ZBTB9	221504	-153	NA
ZC2HC1A	51101	12	NA
ZC2HC1B	153918	-29	NA
ZC2HC1C	79696	-31	NA
ZC3H10	84872	-18	NA
ZC3H11A	9877	19	NA
ZC3H11B	643136	7	NA
ZC3H12A	80149	-9	NA
ZC3H12B	340554	6	NA
ZC3H12C	85463	-50	NA
ZC3H12D	340152	15	NA
ZC3H13	23091	-41	NA
ZC3H14	79882	-74	NA
ZC3H15	55854	-65	NA
ZC3H18	124245	-81	NA
ZC3H3	23144	-44	NA
ZC3H6	376940	151	NA
ZC3H7A	29066	-18	NA
ZC3H7B	23264	-91	NA
ZC3H8	84524	-71	NA
ZC3HAV1	56829	-55	NA
ZC3HAV1L	92092	189	NA
ZC3HC1	51530	-120	NA
ZC4H2	55906	48	NA
ZCCHC10	54819	-90	NA
ZCCHC12	170261	9	NA
ZCCHC13	389874	-4	NA
ZCCHC14	23174	-23	NA
ZCCHC17	51538	-52	NA
ZCCHC18	644353	-39	NA
ZCCHC2	54877	11	NA
ZCCHC24	219654	-15	NA
ZCCHC3	85364	8	NA
ZCCHC4	29063	-61	NA
ZCCHC7	84186	23	NA
ZCCHC8	55596	-21	NA
ZCCHC9	84240	-18	NA
ZCRB1	85437	-5	NA
ZCWPW1	55063	36	NA
ZCWPW2	152098	49	NA
ZDBF2	57683	166	NA
ZDHHC1	29800	-29	NA
ZDHHC11	79844	74	NA
ZDHHC11B	653082	49	NA
ZDHHC12	84885	-51	NA
ZDHHC13	54503	-36	NA
ZDHHC14	79683	-141	NA
ZDHHC15	158866	-24	NA
ZDHHC16	84287	-43	NA
ZDHHC17	23390	57	NA
ZDHHC18	84243	-55	NA
ZDHHC19	131540	0	NA
ZDHHC2	51201	-22	NA
ZDHHC20	253832	18	NA
ZDHHC21	340481	-50	NA
ZDHHC22	283576	11	NA
ZDHHC23	254887	-72	NA
ZDHHC24	254359	-12	NA
ZDHHC3	51304	-39	NA
ZDHHC4	55146	-22	NA
ZDHHC5	25921	-65	NA
ZDHHC6	64429	-54	NA
ZDHHC7	55625	-6	NA
ZDHHC8	29801	-42	NA
ZDHHC9	51114	114	NA
ZEB1	6935	-3	NA
ZEB2	9839	9	NA
ZER1	10444	74	NA
ZFAND1	79752	11	NA
ZFAND2A	90637	-49	NA
ZFAND2B	130617	-19	NA
ZFAND3	60685	-3	NA
ZFAND4	93550	-113	NA
ZFAND5	7763	-5	NA
ZFAND6	54469	-7	NA
ZFAT	57623	-12	NA
ZFC3H1	196441	20	NA
ZFHX2	85446	8	NA
ZFHX3	463	49	NA
ZFHX4	79776	-10	NA
ZFP1	162239	34	NA
ZFP14	57677	48	NA
ZFP2	80108	-5	NA
ZFP28	140612	55	NA
ZFP3	124961	-34	NA
ZFP30	22835	-25	NA
ZFP36L1	677	127	NA
ZFP36L2	678	-28	NA
ZFP37	7539	-19	NA
ZFP41	286128	-51	NA
ZFP42	132625	39	NA
ZFP57	346171	-29	NA
ZFP62	643836	40	NA
ZFP64	55734	18	NA
ZFP69	339559	-102	NA
ZFP69B	65243	-77	NA
ZFP82	284406	51	NA
ZFP90	146198	53	NA
ZFP91	80829	-44	NA
ZFP91-CNTF	386607	-46	NA
ZFP92	139735	-16	NA
ZFPL1	7542	6	NA
ZFPM1	161882	-20	NA
ZFPM2	23414	0	NA
ZFR	51663	4	NA
ZFR2	23217	14	NA
ZFX	7543	2	NA
ZFY	7544	24	NA
ZFYVE1	53349	135	NA
ZFYVE16	9765	-40	NA
ZFYVE19	84936	65	NA
ZFYVE21	79038	-5	NA
ZFYVE26	23503	-21	NA
ZFYVE27	118813	-33	NA
ZFYVE28	57732	71	NA
ZFYVE9	9372	0	NA
ZG16	653808	3	NA
ZG16B	124220	-47	NA
ZGLP1	100125288	-88	NA
ZGPAT	84619	-83	NA
ZGRF1	55345	-4	NA
ZHX1	11244	-81	NA
ZHX1-C8orf76	100533106	-40	NA
ZHX2	22882	38	NA
ZHX3	23051	-49	NA
ZIC1	7545	-14	NA
ZIC2	7546	42	NA
ZIC3	7547	-7	NA
ZIC4	84107	-21	NA
ZIC5	85416	-56	NA
ZIK1	284307	22	NA
ZIM2	23619	25	NA
ZIM3	114026	13	NA
ZKSCAN1	7586	58	NA
ZKSCAN2	342357	-48	NA
ZKSCAN3	80317	-10	NA
ZKSCAN4	387032	-23	NA
ZKSCAN5	23660	-61	NA
ZKSCAN7	55888	30	NA
ZKSCAN8	7745	41	NA
ZMAT1	84460	64	NA
ZMAT2	153527	-43	NA
ZMAT3	64393	-8	NA
ZMAT4	79698	91	NA
ZMAT5	55954	-24	NA
ZMIZ1	57178	79	NA
ZMIZ2	83637	10	NA
ZMPSTE24	10269	-161	NA
ZMYM1	79830	-45	NA
ZMYM2	7750	77	NA
ZMYM3	9203	71	NA
ZMYM4	9202	-35	NA
ZMYM5	9205	-15	NA
ZMYM6	9204	-27	NA
ZMYND10	51364	46	NA
ZMYND11	10771	-67	NA
ZMYND12	84217	38	NA
ZMYND15	84225	-1	NA
ZMYND19	116225	-139	NA
ZMYND8	23613	95	NA
ZNF10	7556	-3	NA
ZNF100	163227	-49	NA
ZNF101	94039	-24	NA
ZNF106	64397	-10	NA
ZNF107	51427	-43	NA
ZNF112	7771	20	NA
ZNF114	163071	15	NA
ZNF117	51351	-11	NA
ZNF12	7559	113	NA
ZNF121	7675	-51	NA
ZNF124	7678	-97	NA
ZNF131		-36	NA
ZNF132	7691	-4	NA
ZNF133	7692	47	NA
ZNF134	7693	-6	NA
ZNF135	7694	35	NA
ZNF136	7695	47	NA
ZNF138	7697	-18	NA
ZNF14	7561	11	NA
ZNF140	7699	-1	NA
ZNF141	7700	49	NA
ZNF142	7701	-115	NA
ZNF143	7702	43	NA
ZNF146	7705	-16	NA
ZNF148	7707	42	NA
ZNF154	7710	14	NA
ZNF155	7711	-59	NA
ZNF157	7712	29	NA
ZNF16	7564	-24	NA
ZNF160	90338	274	NA
ZNF165	7718	4	NA
ZNF169	169841	-11	NA
ZNF17	7565	-44	NA
ZNF174	7727	-123	NA
ZNF175	7728	73	NA
ZNF177	7730	82	NA
ZNF18	7566	-63	NA
ZNF180	7733	-42	NA
ZNF181	339318	-38	NA
ZNF182	7569	14	NA
ZNF184	7738	-8	NA
ZNF185	7739	82	NA
ZNF189	7743	-29	NA
ZNF19	7567	7	NA
ZNF195	7748	-73	NA
ZNF197	10168	1	NA
ZNF2	7549	-1	NA
ZNF20	7568	21	NA
ZNF200	7752	-85	NA
ZNF202	7753	-113	NA
ZNF205	7755	2	NA
ZNF207	7756	-69	NA
ZNF208	7757	31	NA
ZNF211	10520	24	NA
ZNF212	7988	2	NA
ZNF213	7760	-48	NA
ZNF214	7761	-3	NA
ZNF215	7762	47	NA
ZNF217	7764	43	NA
ZNF219	51222	-9	NA
ZNF22	7570	4	NA
ZNF222	7673	-12	NA
ZNF224	7767	24	NA
ZNF225	7768	-32	NA
ZNF226	7769	-10	NA
ZNF227	7770	-40	NA
ZNF229	7772	26	NA
ZNF23	7571	50	NA
ZNF230	7773	37	NA
ZNF232	7775	-92	NA
ZNF233	353355	35	NA
ZNF234	10780	-37	NA
ZNF235	9310	0	NA
ZNF236	7776	31	NA
ZNF239	8187	-170	NA
ZNF24	7572	-20	NA
ZNF248	57209	41	NA
ZNF25	219749	54	NA
ZNF250	58500	94	NA
ZNF251	90987	27	NA
ZNF253	56242	-32	NA
ZNF254	9534	-1	NA
ZNF256	10172	-1	NA
ZNF257	113835	-3	NA
ZNF26	7574	-3	NA
ZNF260	339324	-39	NA
ZNF263	10127	-28	NA
ZNF264	9422	26	NA
ZNF266	10781	-13	NA
ZNF267	10308	-22	NA
ZNF268	10795	-58	NA
ZNF273	10793	-34	NA
ZNF274	10782	-5	NA
ZNF275	10838	5	NA
ZNF276	92822	-66	NA
ZNF277	11179	41	NA
ZNF28	7576	-32	NA
ZNF280A	129025	-52	NA
ZNF280B	140883	6	NA
ZNF280C	55609	-65	NA
ZNF280D	54816	-42	NA
ZNF281	23528	-64	NA
ZNF282	8427	-5	NA
ZNF283	284349	-9	NA
ZNF284	342909	3	NA
ZNF285	26974	64	NA
ZNF286A	57335	-26	NA
ZNF286B	729288	-23	NA
ZNF287	57336	-34	NA
ZNF292	23036	279	NA
ZNF296	162979	-18	NA
ZNF3	7551	-49	NA
ZNF30	90075	-183	NA
ZNF300	91975	-2	NA
ZNF302	55900	-61	NA
ZNF304	57343	4	NA
ZNF311	282890	-63	NA
ZNF316	100131017	-37	NA
ZNF317	57693	-16	NA
ZNF318	24149	25	NA
ZNF319	57567	-101	NA
ZNF32	7580	-6	NA
ZNF320	162967	35	NA
ZNF322	79692	2	NA
ZNF324	25799	-60	NA
ZNF324B	388569	-97	NA
ZNF326	284695	-32	NA
ZNF329	79673	3	NA
ZNF330		-29	NA
ZNF331	55422	46	NA
ZNF333	84449	40	NA
ZNF334	55713	-6	NA
ZNF335	63925	-7	NA
ZNF337	26152	69	NA
ZNF33A	7581	53	NA
ZNF33B	7582	63	NA
ZNF34	80778	48	NA
ZNF341	84905	-25	NA
ZNF343	79175	-8	NA
ZNF345	25850	46	NA
ZNF346	23567	-116	NA
ZNF347	84671	33	NA
ZNF35	7584	-150	NA
ZNF350	59348	108	NA
ZNF354A	6940	-60	NA
ZNF354B	117608	-40	NA
ZNF354C	30832	-21	NA
ZNF358	140467	61	NA
ZNF362	149076	-43	NA
ZNF365	22891	-48	NA
ZNF366	167465	11	NA
ZNF367	195828	-121	NA
ZNF37A	7587	-12	NA
ZNF382	84911	34	NA
ZNF383	163087	36	NA
ZNF384	171017	4	NA
ZNF385A	25946	79	NA
ZNF385B	151126	13	NA
ZNF385C	201181	59	NA
ZNF385D	79750	-14	NA
ZNF391	346157	-31	NA
ZNF394	84124	-20	NA
ZNF395	55893	311	NA
ZNF396	252884	-8	NA
ZNF397	84307	9	NA
ZNF398	57541	-83	NA
ZNF404	342908	175	NA
ZNF407	55628	-24	NA
ZNF408	79797	-57	NA
ZNF41	7592	-17	NA
ZNF410	57862	-80	NA
ZNF414	84330	13	NA
ZNF415	55786	57	NA
ZNF416	55659	-77	NA
ZNF417	147687	8	NA
ZNF418	147686	20	NA
ZNF419	79744	62	NA
ZNF420	147923	20	NA
ZNF423	23090	10	NA
ZNF425	155054	-42	NA
ZNF426	79088	36	NA
ZNF428	126299	-42	NA
ZNF429	353088	39	NA
ZNF43	7594	3	NA
ZNF430	80264	28	NA
ZNF431	170959	27	NA
ZNF432	9668	97	NA
ZNF433	163059	2	NA
ZNF436	80818	45	NA
ZNF438	220929	-8	NA
ZNF439	90594	80	NA
ZNF44	51710	9	NA
ZNF440	126070	-20	NA
ZNF441	126068	-70	NA
ZNF442	79973	11	NA
ZNF443	10224	-32	NA
ZNF444	55311	2	NA
ZNF445	353274	-9	NA
ZNF446	55663	14	NA
ZNF449	203523	94	NA
ZNF45	7596	-90	NA
ZNF451	26036	0	NA
ZNF454	285676	27	NA
ZNF460	10794	42	NA
ZNF461	92283	45	NA
ZNF462	58499	7	NA
ZNF467	168544	58	NA
ZNF468	90333	-15	NA
ZNF469	84627	-25	NA
ZNF470	388566	154	NA
ZNF471	57573	49	NA
ZNF473	25888	-59	NA
ZNF474	133923	-50	NA
ZNF479	90827	4	NA
ZNF48	197407	-53	NA
ZNF480	147657	-21	NA
ZNF483	158399	10	NA
ZNF484	83744	25	NA
ZNF485	220992	-108	NA
ZNF486	90649	3	NA
ZNF487	642819	39	NA
ZNF488	118738	-15	NA
ZNF490	57474	22	NA
ZNF491	126069	-24	NA
ZNF492	57615	14	NA
ZNF493	284443	10	NA
ZNF496	84838	29	NA
ZNF497	162968	6	NA
ZNF500	26048	-21	NA
ZNF501	115560	31	NA
ZNF502	91392	9	NA
ZNF503	84858	-17	NA
ZNF506	440515	51	NA
ZNF507	22847	-55	NA
ZNF510	22869	-8	NA
ZNF511	118472	40	NA
ZNF511-PRAP1	104326056	9	NA
ZNF512	84450	-40	NA
ZNF512B	57473	-107	NA
ZNF513	130557	-34	NA
ZNF514	84874	14	NA
ZNF516	9658	86	NA
ZNF517	340385	-22	NA
ZNF518A	9849	-42	NA
ZNF518B	85460	6	NA
ZNF519	162655	-11	NA
ZNF521	25925	17	NA
ZNF524	147807	32	NA
ZNF525	170958	25	NA
ZNF526	116115	-23	NA
ZNF527	84503	-20	NA
ZNF528	84436	55	NA
ZNF529	57711	-22	NA
ZNF530	348327	-37	NA
ZNF532	55205	58	NA
ZNF534	147658	34	NA
ZNF536	9745	-13	NA
ZNF540	163255	-54	NA
ZNF541	84215	-8	NA
ZNF543	125919	5	NA
ZNF544	27300	-22	NA
ZNF546	339327	32	NA
ZNF547	284306	-7	NA
ZNF548	147694	74	NA
ZNF549	256051	15	NA
ZNF550	162972	96	NA
ZNF551	90233	-108	NA
ZNF552	79818	-98	NA
ZNF554	115196	9	NA
ZNF555	148254	7	NA
ZNF556	80032	9	NA
ZNF557	79230	-61	NA
ZNF558	148156	66	NA
ZNF559	84527	9	NA
ZNF559-ZNF177	100529215	61	NA
ZNF560	147741	37	NA
ZNF561	93134	-25	NA
ZNF562	54811	-30	NA
ZNF563	147837	55	NA
ZNF564	163050	-6	NA
ZNF565	147929	9	NA
ZNF566	84924	-78	NA
ZNF567	163081	0	NA
ZNF568	374900	50	NA
ZNF569	148266	-53	NA
ZNF57	126295	-43	NA
ZNF570	148268	43	NA
ZNF571	51276	30	NA
ZNF572	137209	-63	NA
ZNF573	126231	-25	NA
ZNF574	64763	-48	NA
ZNF575	284346	-25	NA
ZNF576	79177	-103	NA
ZNF577	84765	44	NA
ZNF578	147660	8	NA
ZNF579	163033	10	NA
ZNF580	51157	-40	NA
ZNF581	51545	87	NA
ZNF582	147948	-15	NA
ZNF583	147949	-43	NA
ZNF584	201514	-63	NA
ZNF585A	199704	-11	NA
ZNF585B	92285	13	NA
ZNF586	54807	12	NA
ZNF587	84914	-12	NA
ZNF587B	100293516	-119	NA
ZNF589	51385	-14	NA
ZNF592	9640	31	NA
ZNF593	51042	-165	NA
ZNF594	84622	-56	NA
ZNF595	152687	1	NA
ZNF596	169270	36	NA
ZNF597	146434	-91	NA
ZNF598	90850	-59	NA
ZNF599	148103	-27	NA
ZNF600	162966	-6	NA
ZNF605	100289635	-19	NA
ZNF606	80095	35	NA
ZNF607	84775	18	NA
ZNF608	57507	10	NA
ZNF609	23060	10	NA
ZNF610	162963	80	NA
ZNF611	81856	17	NA
ZNF613	79898	-21	NA
ZNF614	80110	-15	NA
ZNF615	284370	39	NA
ZNF616	90317	26	NA
ZNF618	114991	-101	NA
ZNF619	285267	-51	NA
ZNF620	253639	-114	NA
ZNF621	285268	5	NA
ZNF622	90441	-55	NA
ZNF623	9831	-7	NA
ZNF624	57547	31	NA
ZNF625	90589	-27	NA
ZNF625-ZNF20	100529855	7	NA
ZNF626	199777	-18	NA
ZNF627	199692	47	NA
ZNF628	89887	-14	NA
ZNF629	23361	-106	NA
ZNF630	57232	32	NA
ZNF638	27332	-14	NA
ZNF639	51193	-46	NA
ZNF641	121274	-67	NA
ZNF644	84146	-2	NA
ZNF646	9726	21	NA
ZNF648	127665	-35	NA
ZNF649	65251	-16	NA
ZNF652	22834	27	NA
ZNF653	115950	90	NA
ZNF654	55279	251	NA
ZNF655	79027	-31	NA
ZNF658	26149	-76	NA
ZNF66	7617	11	NA
ZNF660	285349	0	NA
ZNF662	389114	31	NA
ZNF664	144348	-16	NA
ZNF665	79788	19	NA
ZNF667	63934	66	NA
ZNF668	79759	-53	NA
ZNF669	79862	-42	NA
ZNF670	93474	-38	NA
ZNF670-ZNF695	100533111	14	NA
ZNF671	79891	-1	NA
ZNF672	79894	-33	NA
ZNF674	641339	33	NA
ZNF675	171392	-7	NA
ZNF676	163223	17	NA
ZNF677	342926	50	NA
ZNF678	339500	20	NA
ZNF679	168417	4	NA
ZNF680	340252	-49	NA
ZNF681	148213	5	NA
ZNF682	91120	-4	NA
ZNF683	257101	1	NA
ZNF684	127396	-106	NA
ZNF687	57592	18	NA
ZNF688	146542	-37	NA
ZNF689	115509	-192	NA
ZNF69	7620	30	NA
ZNF691	51058	-69	NA
ZNF692	55657	-20	NA
ZNF695	57116	-23	NA
ZNF696	79943	-96	NA
ZNF697	90874	-2	NA
ZNF699	374879	85	NA
ZNF7	7553	-20	NA
ZNF70	7621	25	NA
ZNF700	90592	29	NA
ZNF701	55762	42	NA
ZNF703	80139	8	NA
ZNF704	619279	58	NA
ZNF705A	440077	11	NA
ZNF705B	100132396	0	NA
ZNF705D	728957	-3	NA
ZNF705E		-39	NA
ZNF705G	100131980	6	NA
ZNF706	51123	-34	NA
ZNF707	286075	-46	NA
ZNF708	7562	-23	NA
ZNF709	163051	21	NA
ZNF71	58491	18	NA
ZNF710	374655	-18	NA
ZNF711	7552	27	NA
ZNF713	349075	41	NA
ZNF714	148206	-36	NA
ZNF716	441234	34	NA
ZNF717	100131827	-3	NA
ZNF718	255403	-7	NA
ZNF721	170960	-29	NA
ZNF723	646864	-24	NA
ZNF724	440519	25	NA
ZNF726	730087	1	NA
ZNF727	442319	22	NA
ZNF728	388523	-21	NA
ZNF729	100287226	-10	NA
ZNF730	100129543	-5	NA
ZNF732	654254	-68	NA
ZNF735	730291	9	NA
ZNF736	728927	-18	NA
ZNF738	148203	-8	NA
ZNF74	7625	-27	NA
ZNF740	283337	8	NA
ZNF746	155061	-60	NA
ZNF747	65988	-63	NA
ZNF749	388567	-19	NA
ZNF750	79755	-38	NA
ZNF75A	7627	-40	NA
ZNF75D	7626	27	NA
ZNF76	7629	0	NA
ZNF761	388561	9	NA
ZNF763	284390	-13	NA
ZNF764	92595	-57	NA
ZNF765	91661	17	NA
ZNF766	90321	69	NA
ZNF768	79724	-32	NA
ZNF77	58492	-103	NA
ZNF770	54989	61	NA
ZNF771	51333	-119	NA
ZNF772	400720	14	NA
ZNF773	374928	12	NA
ZNF774	342132	-11	NA
ZNF775	285971	39	NA
ZNF776	284309	22	NA
ZNF777	27153	-75	NA
ZNF778	197320	-66	NA
ZNF780A	284323	-19	NA
ZNF780B	163131	-45	NA
ZNF781	163115	-18	NA
ZNF782	158431	-38	NA
ZNF783	100289678	-24	NA
ZNF784	147808	-78	NA
ZNF785	146540	-25	NA
ZNF786	136051	-115	NA
ZNF787	126208	-33	NA
ZNF789	285989	-23	NA
ZNF79	7633	-83	NA
ZNF790	388536	76	NA
ZNF791	163049	-6	NA
ZNF792	126375	-35	NA
ZNF793	390927	4	NA
ZNF799	90576	-11	NA
ZNF8	7554	13	NA
ZNF80	7634	32	NA
ZNF800	168850	-51	NA
ZNF804A	91752	-40	NA
ZNF804B	219578	-22	NA
ZNF805	390980	38	NA
ZNF808	388558	58	NA
ZNF81	347344	-53	NA
ZNF813	126017	2	NA
ZNF814	730051	-36	NA
ZNF816	125893	-3	NA
ZNF816-ZNF321P	100529240	-54	NA
ZNF821	55565	114	NA
ZNF823	55552	4	NA
ZNF827	152485	27	NA
ZNF829	374899	16	NA
ZNF83	55769	70	NA
ZNF830	91603	-49	NA
ZNF831	128611	-10	NA
ZNF835	90485	32	NA
ZNF836	162962	107	NA
ZNF837	116412	-52	NA
ZNF839	55778	-71	NA
ZNF84	7637	116	NA
ZNF841	284371	119	NA
ZNF843	283933	17	NA
ZNF844	284391	20	NA
ZNF845	91664	-12	NA
ZNF846	162993	14	NA
ZNF85	7639	1	NA
ZNF850	342892	10	NA
ZNF852	285346	26	NA
ZNF853	54753	-18	NA
ZNF860	344787	8	NA
ZNF862	643641	15	NA
ZNF865	100507290	11	NA
ZNF878	729747	-61	NA
ZNF879	345462	-24	NA
ZNF880	400713	47	NA
ZNF888	388559	-4	NA
ZNF891	101060200	25	NA
ZNF90	7643	-2	NA
ZNF91	7644	46	NA
ZNF92	168374	-42	NA
ZNF93	81931	31	NA
ZNF98	148198	1	NA
ZNF99	7652	51	NA
ZNFX1	57169	-37	NA
ZNHIT1	10467	-8	NA
ZNHIT2	741	-190	NA
ZNHIT3	9326	9	NA
ZNHIT6	54680	-127	NA
ZNRD1		-93	NA
ZNRF1	84937	26	NA
ZNRF2	223082	1	NA
ZNRF3	84133	-90	NA
ZNRF4	148066	-5	NA
ZP1	22917	146	NA
ZP2	7783	-2	NA
ZP3	7784	-26	NA
ZP4	57829	7	NA
ZPBP	11055	-19	NA
ZPBP2	124626	-6	NA
ZPLD1	131368	-1	NA
ZPR1	8882	-48	NA
ZRANB1	54764	34	NA
ZRANB2	9406	-31	NA
ZRANB3	84083	-69	NA
ZRSR2	8233	7	NA
ZSCAN1	284312	-29	NA
ZSCAN10	84891	16	NA
ZSCAN12	9753	-20	NA
ZSCAN16	80345	-97	NA
ZSCAN18	65982	24	NA
ZSCAN2	54993	15	NA
ZSCAN20	7579	63	NA
ZSCAN21	7589	-32	NA
ZSCAN22	342945	-11	NA
ZSCAN23	222696	6	NA
ZSCAN25	221785	-101	NA
ZSCAN26	7741	0	NA
ZSCAN29	146050	-43	NA
ZSCAN30	100101467	37	NA
ZSCAN31	64288	-77	NA
ZSCAN32	54925	-86	NA
ZSCAN4	201516	13	NA
ZSCAN5A	79149	-101	NA
ZSCAN5B	342933	12	NA
ZSCAN5C	649137	5	NA
ZSCAN9	7746	8	NA
ZSWIM1	90204	-14	NA
ZSWIM2	151112	-3	NA
ZSWIM3	140831	-23	NA
ZSWIM4	65249	87	NA
ZSWIM5	57643	129	NA
ZSWIM6	57688	67	NA
ZSWIM7	125150	-76	NA
ZSWIM8	23053	63	NA
ZSWIM9	374920	21	NA
ZUP1	221302	2	NA
ZW10	9183	-101	NA
ZWILCH	55055	-138	NA
ZWINT	11130	-125	NA
ZXDA	7789	21	NA
ZXDB	158586	48	NA
ZXDC	79364	58	NA
ZYG11A	440590	-46	NA
ZYG11B	79699	23	NA
ZYX	7791	-8	NA
ZZEF1	23140	6	NA
